id,release_date,movie,production_budget,domestic_gross,worldwide_gross,release_month,net_profit,roi,loss_or_profit,movie_id,primary_title,genres,averagerating,numvotes,genre_list
2,2011-05-20,Pirates of the Caribbean: On Stranger Tides,410600000,241063875,1045663875,5,635063875,154.6672856794934,Profit,tt1298650,Pirates of the Caribbean: On Stranger Tides,"Action,Adventure,Fantasy",6.6,447624,Action
2,2011-05-20,Pirates of the Caribbean: On Stranger Tides,410600000,241063875,1045663875,5,635063875,154.6672856794934,Profit,tt1298650,Pirates of the Caribbean: On Stranger Tides,"Action,Adventure,Fantasy",6.6,447624,Adventure
2,2011-05-20,Pirates of the Caribbean: On Stranger Tides,410600000,241063875,1045663875,5,635063875,154.6672856794934,Profit,tt1298650,Pirates of the Caribbean: On Stranger Tides,"Action,Adventure,Fantasy",6.6,447624,Fantasy
3,2019-06-07,Dark Phoenix,350000000,42762350,149762350,6,-200237650,-57.21075714285714,Loss,tt6565702,Dark Phoenix,"Action,Adventure,Sci-Fi",6.0,24451,Action
3,2019-06-07,Dark Phoenix,350000000,42762350,149762350,6,-200237650,-57.21075714285714,Loss,tt6565702,Dark Phoenix,"Action,Adventure,Sci-Fi",6.0,24451,Adventure
3,2019-06-07,Dark Phoenix,350000000,42762350,149762350,6,-200237650,-57.21075714285714,Loss,tt6565702,Dark Phoenix,"Action,Adventure,Sci-Fi",6.0,24451,Sci-Fi
4,2015-05-01,Avengers: Age of Ultron,330600000,459005868,1403013963,5,1072413963,324.38413883847545,Profit,tt2395427,Avengers: Age of Ultron,"Action,Adventure,Sci-Fi",7.3,665594,Action
4,2015-05-01,Avengers: Age of Ultron,330600000,459005868,1403013963,5,1072413963,324.38413883847545,Profit,tt2395427,Avengers: Age of Ultron,"Action,Adventure,Sci-Fi",7.3,665594,Adventure
4,2015-05-01,Avengers: Age of Ultron,330600000,459005868,1403013963,5,1072413963,324.38413883847545,Profit,tt2395427,Avengers: Age of Ultron,"Action,Adventure,Sci-Fi",7.3,665594,Sci-Fi
7,2018-04-27,Avengers: Infinity War,300000000,678815482,2048134200,4,1748134200,582.7114,Profit,tt4154756,Avengers: Infinity War,"Action,Adventure,Sci-Fi",8.5,670926,Action
7,2018-04-27,Avengers: Infinity War,300000000,678815482,2048134200,4,1748134200,582.7114,Profit,tt4154756,Avengers: Infinity War,"Action,Adventure,Sci-Fi",8.5,670926,Adventure
7,2018-04-27,Avengers: Infinity War,300000000,678815482,2048134200,4,1748134200,582.7114,Profit,tt4154756,Avengers: Infinity War,"Action,Adventure,Sci-Fi",8.5,670926,Sci-Fi
9,2017-11-17,Justice League,300000000,229024295,655945209,11,355945209,118.64840299999999,Profit,tt0974015,Justice League,"Action,Adventure,Fantasy",6.5,329135,Action
9,2017-11-17,Justice League,300000000,229024295,655945209,11,355945209,118.64840299999999,Profit,tt0974015,Justice League,"Action,Adventure,Fantasy",6.5,329135,Adventure
9,2017-11-17,Justice League,300000000,229024295,655945209,11,355945209,118.64840299999999,Profit,tt0974015,Justice League,"Action,Adventure,Fantasy",6.5,329135,Fantasy
10,2015-11-06,Spectre,300000000,200074175,879620923,11,579620923,193.20697433333333,Profit,tt2379713,Spectre,"Action,Adventure,Thriller",6.8,352504,Action
10,2015-11-06,Spectre,300000000,200074175,879620923,11,579620923,193.20697433333333,Profit,tt2379713,Spectre,"Action,Adventure,Thriller",6.8,352504,Adventure
10,2015-11-06,Spectre,300000000,200074175,879620923,11,579620923,193.20697433333333,Profit,tt2379713,Spectre,"Action,Adventure,Thriller",6.8,352504,Thriller
11,2012-07-20,The Dark Knight Rises,275000000,448139099,1084439099,7,809439099,294.3414905454545,Profit,tt1345836,The Dark Knight Rises,"Action,Thriller",8.4,1387769,Action
11,2012-07-20,The Dark Knight Rises,275000000,448139099,1084439099,7,809439099,294.3414905454545,Profit,tt1345836,The Dark Knight Rises,"Action,Thriller",8.4,1387769,Thriller
12,2018-05-25,Solo: A Star Wars Story,275000000,213767512,393151347,5,118151347,42.96412618181818,Profit,tt3778644,Solo: A Star Wars Story,"Action,Adventure,Fantasy",7.0,226243,Action
12,2018-05-25,Solo: A Star Wars Story,275000000,213767512,393151347,5,118151347,42.96412618181818,Profit,tt3778644,Solo: A Star Wars Story,"Action,Adventure,Fantasy",7.0,226243,Adventure
12,2018-05-25,Solo: A Star Wars Story,275000000,213767512,393151347,5,118151347,42.96412618181818,Profit,tt3778644,Solo: A Star Wars Story,"Action,Adventure,Fantasy",7.0,226243,Fantasy
13,2013-07-02,The Lone Ranger,275000000,89302115,260002115,7,-14997885,-5.453776363636364,Loss,tt1210819,The Lone Ranger,"Action,Adventure,Western",6.4,208827,Action
13,2013-07-02,The Lone Ranger,275000000,89302115,260002115,7,-14997885,-5.453776363636364,Loss,tt1210819,The Lone Ranger,"Action,Adventure,Western",6.4,208827,Adventure
13,2013-07-02,The Lone Ranger,275000000,89302115,260002115,7,-14997885,-5.453776363636364,Loss,tt1210819,The Lone Ranger,"Action,Adventure,Western",6.4,208827,Western
14,2012-03-09,John Carter,275000000,73058679,282778100,3,7778100,2.8284,Profit,tt0401729,John Carter,"Action,Adventure,Sci-Fi",6.6,241792,Action
14,2012-03-09,John Carter,275000000,73058679,282778100,3,7778100,2.8284,Profit,tt0401729,John Carter,"Action,Adventure,Sci-Fi",6.6,241792,Adventure
14,2012-03-09,John Carter,275000000,73058679,282778100,3,7778100,2.8284,Profit,tt0401729,John Carter,"Action,Adventure,Sci-Fi",6.6,241792,Sci-Fi
15,2010-11-24,Tangled,260000000,200821936,586477240,11,326477240,125.56816923076923,Profit,tt0398286,Tangled,"Adventure,Animation,Comedy",7.8,366366,Adventure
15,2010-11-24,Tangled,260000000,200821936,586477240,11,326477240,125.56816923076923,Profit,tt0398286,Tangled,"Adventure,Animation,Comedy",7.8,366366,Animation
15,2010-11-24,Tangled,260000000,200821936,586477240,11,326477240,125.56816923076923,Profit,tt0398286,Tangled,"Adventure,Animation,Comedy",7.8,366366,Comedy
17,2016-05-06,Captain America: Civil War,250000000,408084349,1140069413,5,890069413,356.0277652,Profit,tt3498820,Captain America: Civil War,"Action,Adventure,Sci-Fi",7.8,583507,Action
17,2016-05-06,Captain America: Civil War,250000000,408084349,1140069413,5,890069413,356.0277652,Profit,tt3498820,Captain America: Civil War,"Action,Adventure,Sci-Fi",7.8,583507,Adventure
17,2016-05-06,Captain America: Civil War,250000000,408084349,1140069413,5,890069413,356.0277652,Profit,tt3498820,Captain America: Civil War,"Action,Adventure,Sci-Fi",7.8,583507,Sci-Fi
18,2016-03-25,Batman v Superman: Dawn of Justice,250000000,330360194,867500281,3,617500281,247.0001124,Profit,tt2975590,Batman v Superman: Dawn of Justice,"Action,Adventure,Fantasy",6.5,576909,Action
18,2016-03-25,Batman v Superman: Dawn of Justice,250000000,330360194,867500281,3,617500281,247.0001124,Profit,tt2975590,Batman v Superman: Dawn of Justice,"Action,Adventure,Fantasy",6.5,576909,Adventure
18,2016-03-25,Batman v Superman: Dawn of Justice,250000000,330360194,867500281,3,617500281,247.0001124,Profit,tt2975590,Batman v Superman: Dawn of Justice,"Action,Adventure,Fantasy",6.5,576909,Fantasy
19,2012-12-14,The Hobbit: An Unexpected Journey,250000000,303003568,1017003568,12,767003568,306.80142720000003,Profit,tt0903624,The Hobbit: An Unexpected Journey,"Adventure,Family,Fantasy",7.9,719629,Adventure
19,2012-12-14,The Hobbit: An Unexpected Journey,250000000,303003568,1017003568,12,767003568,306.80142720000003,Profit,tt0903624,The Hobbit: An Unexpected Journey,"Adventure,Family,Fantasy",7.9,719629,Family
19,2012-12-14,The Hobbit: An Unexpected Journey,250000000,303003568,1017003568,12,767003568,306.80142720000003,Profit,tt0903624,The Hobbit: An Unexpected Journey,"Adventure,Family,Fantasy",7.9,719629,Fantasy
21,2013-12-13,The Hobbit: The Desolation of Smaug,250000000,258366855,960366855,12,710366855,284.14674199999996,Profit,tt1170358,The Hobbit: The Desolation of Smaug,"Adventure,Fantasy",7.8,565563,Adventure
21,2013-12-13,The Hobbit: The Desolation of Smaug,250000000,258366855,960366855,12,710366855,284.14674199999996,Profit,tt1170358,The Hobbit: The Desolation of Smaug,"Adventure,Fantasy",7.8,565563,Fantasy
22,2014-12-17,The Hobbit: The Battle of the Five Armies,250000000,255119788,945577621,12,695577621,278.23104839999996,Profit,tt2310332,The Hobbit: The Battle of the Five Armies,"Adventure,Fantasy",7.4,438621,Adventure
22,2014-12-17,The Hobbit: The Battle of the Five Armies,250000000,255119788,945577621,12,695577621,278.23104839999996,Profit,tt2310332,The Hobbit: The Battle of the Five Armies,"Adventure,Fantasy",7.4,438621,Fantasy
23,2017-04-14,The Fate of the Furious,250000000,225764765,1234846267,4,984846267,393.9385068,Profit,tt4630562,The Fate of the Furious,"Action,Crime,Thriller",6.7,179774,Action
23,2017-04-14,The Fate of the Furious,250000000,225764765,1234846267,4,984846267,393.9385068,Profit,tt4630562,The Fate of the Furious,"Action,Crime,Thriller",6.7,179774,Crime
23,2017-04-14,The Fate of the Furious,250000000,225764765,1234846267,4,984846267,393.9385068,Profit,tt4630562,The Fate of the Furious,"Action,Crime,Thriller",6.7,179774,Thriller
25,2017-05-26,Pirates of the Caribbean: Dead Men Tell No Tales,230000000,172558876,788241137,5,558241137,242.71353782608696,Profit,tt1790809,Pirates of the Caribbean: Dead Men Tell No Tales,"Action,Adventure,Fantasy",6.6,228592,Action
25,2017-05-26,Pirates of the Caribbean: Dead Men Tell No Tales,230000000,172558876,788241137,5,558241137,242.71353782608696,Profit,tt1790809,Pirates of the Caribbean: Dead Men Tell No Tales,"Action,Adventure,Fantasy",6.6,228592,Adventure
25,2017-05-26,Pirates of the Caribbean: Dead Men Tell No Tales,230000000,172558876,788241137,5,558241137,242.71353782608696,Profit,tt1790809,Pirates of the Caribbean: Dead Men Tell No Tales,"Action,Adventure,Fantasy",6.6,228592,Fantasy
27,2012-05-04,The Avengers,225000000,623279547,1517935897,5,1292935897,574.6381764444444,Profit,tt0848228,The Avengers,"Action,Adventure,Sci-Fi",8.1,1183655,Action
27,2012-05-04,The Avengers,225000000,623279547,1517935897,5,1292935897,574.6381764444444,Profit,tt0848228,The Avengers,"Action,Adventure,Sci-Fi",8.1,1183655,Adventure
27,2012-05-04,The Avengers,225000000,623279547,1517935897,5,1292935897,574.6381764444444,Profit,tt0848228,The Avengers,"Action,Adventure,Sci-Fi",8.1,1183655,Sci-Fi
29,2013-06-14,Man of Steel,225000000,291045518,667999518,6,442999518,196.88867466666667,Profit,tt0770828,Man of Steel,"Action,Adventure,Sci-Fi",7.1,647288,Action
29,2013-06-14,Man of Steel,225000000,291045518,667999518,6,442999518,196.88867466666667,Profit,tt0770828,Man of Steel,"Action,Adventure,Sci-Fi",7.1,647288,Adventure
29,2013-06-14,Man of Steel,225000000,291045518,667999518,6,442999518,196.88867466666667,Profit,tt0770828,Man of Steel,"Action,Adventure,Sci-Fi",7.1,647288,Sci-Fi
31,2012-07-03,The Amazing Spider-Man,220000000,262030663,757890267,7,537890267,244.4955759090909,Profit,tt0948470,The Amazing Spider-Man,"Action,Adventure,Sci-Fi",7.0,525632,Action
31,2012-07-03,The Amazing Spider-Man,220000000,262030663,757890267,7,537890267,244.4955759090909,Profit,tt0948470,The Amazing Spider-Man,"Action,Adventure,Sci-Fi",7.0,525632,Adventure
31,2012-07-03,The Amazing Spider-Man,220000000,262030663,757890267,7,537890267,244.4955759090909,Profit,tt0948470,The Amazing Spider-Man,"Action,Adventure,Sci-Fi",7.0,525632,Sci-Fi
32,2012-05-18,Battleship,220000000,65233400,313477717,5,93477717,42.48987136363636,Profit,tt1440129,Battleship,"Action,Adventure,Sci-Fi",5.8,225342,Action
32,2012-05-18,Battleship,220000000,65233400,313477717,5,93477717,42.48987136363636,Profit,tt1440129,Battleship,"Action,Adventure,Sci-Fi",5.8,225342,Adventure
32,2012-05-18,Battleship,220000000,65233400,313477717,5,93477717,42.48987136363636,Profit,tt1440129,Battleship,"Action,Adventure,Sci-Fi",5.8,225342,Sci-Fi
33,2017-06-21,Transformers: The Last Knight,217000000,130168683,602893340,6,385893340,177.8310322580645,Profit,tt3371366,Transformers: The Last Knight,"Action,Adventure,Sci-Fi",5.2,119007,Action
33,2017-06-21,Transformers: The Last Knight,217000000,130168683,602893340,6,385893340,177.8310322580645,Profit,tt3371366,Transformers: The Last Knight,"Action,Adventure,Sci-Fi",5.2,119007,Adventure
33,2017-06-21,Transformers: The Last Knight,217000000,130168683,602893340,6,385893340,177.8310322580645,Profit,tt3371366,Transformers: The Last Knight,"Action,Adventure,Sci-Fi",5.2,119007,Sci-Fi
34,2015-06-12,Jurassic World,215000000,652270625,1648854864,6,1433854864,666.9092390697674,Profit,tt0369610,Jurassic World,"Action,Adventure,Sci-Fi",7.0,539338,Action
34,2015-06-12,Jurassic World,215000000,652270625,1648854864,6,1433854864,666.9092390697674,Profit,tt0369610,Jurassic World,"Action,Adventure,Sci-Fi",7.0,539338,Adventure
34,2015-06-12,Jurassic World,215000000,652270625,1648854864,6,1433854864,666.9092390697674,Profit,tt0369610,Jurassic World,"Action,Adventure,Sci-Fi",7.0,539338,Sci-Fi
35,2012-05-25,Men in Black 3,215000000,179020854,654213485,5,439213485,204.2853418604651,Profit,tt1409024,Men in Black 3,"Action,Adventure,Comedy",6.8,309879,Action
35,2012-05-25,Men in Black 3,215000000,179020854,654213485,5,439213485,204.2853418604651,Profit,tt1409024,Men in Black 3,"Action,Adventure,Comedy",6.8,309879,Adventure
35,2012-05-25,Men in Black 3,215000000,179020854,654213485,5,439213485,204.2853418604651,Profit,tt1409024,Men in Black 3,"Action,Adventure,Comedy",6.8,309879,Comedy
37,2014-06-27,Transformers: Age of Extinction,210000000,245439076,1104039076,6,894039076,425.7328933333333,Profit,tt2109248,Transformers: Age of Extinction,"Action,Adventure,Sci-Fi",5.7,283486,Action
37,2014-06-27,Transformers: Age of Extinction,210000000,245439076,1104039076,6,894039076,425.7328933333333,Profit,tt2109248,Transformers: Age of Extinction,"Action,Adventure,Sci-Fi",5.7,283486,Adventure
37,2014-06-27,Transformers: Age of Extinction,210000000,245439076,1104039076,6,894039076,425.7328933333333,Profit,tt2109248,Transformers: Age of Extinction,"Action,Adventure,Sci-Fi",5.7,283486,Sci-Fi
39,2010-05-14,Robin Hood,210000000,105487148,322459006,5,112459006,53.551907619047626,Profit,tt0955308,Robin Hood,"Action,Adventure,Drama",6.6,239480,Action
39,2010-05-14,Robin Hood,210000000,105487148,322459006,5,112459006,53.551907619047626,Profit,tt0955308,Robin Hood,"Action,Adventure,Drama",6.6,239480,Adventure
39,2010-05-14,Robin Hood,210000000,105487148,322459006,5,112459006,53.551907619047626,Profit,tt0955308,Robin Hood,"Action,Adventure,Drama",6.6,239480,Drama
9,2018-11-21,Robin Hood,99000000,30824628,84747441,11,-14252559,-14.396524242424242,Loss,tt0955308,Robin Hood,"Action,Adventure,Drama",6.6,239480,Action
9,2018-11-21,Robin Hood,99000000,30824628,84747441,11,-14252559,-14.396524242424242,Loss,tt0955308,Robin Hood,"Action,Adventure,Drama",6.6,239480,Adventure
9,2018-11-21,Robin Hood,99000000,30824628,84747441,11,-14252559,-14.396524242424242,Loss,tt0955308,Robin Hood,"Action,Adventure,Drama",6.6,239480,Drama
42,2018-02-16,Black Panther,200000000,700059566,1348258224,2,1148258224,574.129112,Profit,tt1825683,Black Panther,"Action,Adventure,Sci-Fi",7.3,516148,Action
42,2018-02-16,Black Panther,200000000,700059566,1348258224,2,1148258224,574.129112,Profit,tt1825683,Black Panther,"Action,Adventure,Sci-Fi",7.3,516148,Adventure
42,2018-02-16,Black Panther,200000000,700059566,1348258224,2,1148258224,574.129112,Profit,tt1825683,Black Panther,"Action,Adventure,Sci-Fi",7.3,516148,Sci-Fi
44,2018-06-15,Incredibles 2,200000000,608581744,1242520711,6,1042520711,521.2603555000001,Profit,tt3606756,Incredibles 2,"Action,Adventure,Animation",7.7,203510,Action
44,2018-06-15,Incredibles 2,200000000,608581744,1242520711,6,1042520711,521.2603555000001,Profit,tt3606756,Incredibles 2,"Action,Adventure,Animation",7.7,203510,Adventure
44,2018-06-15,Incredibles 2,200000000,608581744,1242520711,6,1042520711,521.2603555000001,Profit,tt3606756,Incredibles 2,"Action,Adventure,Animation",7.7,203510,Animation
45,2016-12-16,Rogue One: A Star Wars Story,200000000,532177324,1049102856,12,849102856,424.551428,Profit,tt3748528,Rogue One: A Star Wars Story,"Action,Adventure,Sci-Fi",7.8,478592,Action
45,2016-12-16,Rogue One: A Star Wars Story,200000000,532177324,1049102856,12,849102856,424.551428,Profit,tt3748528,Rogue One: A Star Wars Story,"Action,Adventure,Sci-Fi",7.8,478592,Adventure
45,2016-12-16,Rogue One: A Star Wars Story,200000000,532177324,1049102856,12,849102856,424.551428,Profit,tt3748528,Rogue One: A Star Wars Story,"Action,Adventure,Sci-Fi",7.8,478592,Sci-Fi
46,2016-06-17,Finding Dory,200000000,486295561,1021215193,6,821215193,410.60759649999994,Profit,tt2277860,Finding Dory,"Adventure,Animation,Comedy",7.3,213542,Adventure
46,2016-06-17,Finding Dory,200000000,486295561,1021215193,6,821215193,410.60759649999994,Profit,tt2277860,Finding Dory,"Adventure,Animation,Comedy",7.3,213542,Animation
46,2016-06-17,Finding Dory,200000000,486295561,1021215193,6,821215193,410.60759649999994,Profit,tt2277860,Finding Dory,"Adventure,Animation,Comedy",7.3,213542,Comedy
47,2010-06-18,Toy Story 3,200000000,415004880,1068879522,6,868879522,434.439761,Profit,tt0435761,Toy Story 3,"Adventure,Animation,Comedy",8.3,682218,Adventure
47,2010-06-18,Toy Story 3,200000000,415004880,1068879522,6,868879522,434.439761,Profit,tt0435761,Toy Story 3,"Adventure,Animation,Comedy",8.3,682218,Animation
47,2010-06-18,Toy Story 3,200000000,415004880,1068879522,6,868879522,434.439761,Profit,tt0435761,Toy Story 3,"Adventure,Animation,Comedy",8.3,682218,Comedy
48,2013-05-03,Iron Man 3,200000000,408992272,1215392272,5,1015392272,507.696136,Profit,tt1300854,Iron Man 3,"Action,Adventure,Sci-Fi",7.2,692794,Action
48,2013-05-03,Iron Man 3,200000000,408992272,1215392272,5,1015392272,507.696136,Profit,tt1300854,Iron Man 3,"Action,Adventure,Sci-Fi",7.2,692794,Adventure
48,2013-05-03,Iron Man 3,200000000,408992272,1215392272,5,1015392272,507.696136,Profit,tt1300854,Iron Man 3,"Action,Adventure,Sci-Fi",7.2,692794,Sci-Fi
51,2010-03-05,Alice in Wonderland,200000000,334191110,1025491110,3,825491110,412.74555499999997,Profit,tt1014759,Alice in Wonderland,"Adventure,Family,Fantasy",6.5,358813,Adventure
51,2010-03-05,Alice in Wonderland,200000000,334191110,1025491110,3,825491110,412.74555499999997,Profit,tt1014759,Alice in Wonderland,"Adventure,Family,Fantasy",6.5,358813,Family
51,2010-03-05,Alice in Wonderland,200000000,334191110,1025491110,3,825491110,412.74555499999997,Profit,tt1014759,Alice in Wonderland,"Adventure,Family,Fantasy",6.5,358813,Fantasy
52,2012-11-08,Skyfall,200000000,304360277,1110526981,11,910526981,455.2634905,Profit,tt1074638,Skyfall,"Action,Adventure,Thriller",7.8,592221,Action
52,2012-11-08,Skyfall,200000000,304360277,1110526981,11,910526981,455.2634905,Profit,tt1074638,Skyfall,"Action,Adventure,Thriller",7.8,592221,Adventure
52,2012-11-08,Skyfall,200000000,304360277,1110526981,11,910526981,455.2634905,Profit,tt1074638,Skyfall,"Action,Adventure,Thriller",7.8,592221,Thriller
53,2013-06-21,Monsters University,200000000,268488329,743588329,6,543588329,271.79416449999997,Profit,tt1453405,Monsters University,"Adventure,Animation,Comedy",7.3,291887,Adventure
53,2013-06-21,Monsters University,200000000,268488329,743588329,6,543588329,271.79416449999997,Profit,tt1453405,Monsters University,"Adventure,Animation,Comedy",7.3,291887,Animation
53,2013-06-21,Monsters University,200000000,268488329,743588329,6,543588329,271.79416449999997,Profit,tt1453405,Monsters University,"Adventure,Animation,Comedy",7.3,291887,Comedy
54,2013-03-08,Oz the Great and Powerful,200000000,234770996,490359051,3,290359051,145.17952549999998,Profit,tt1623205,Oz the Great and Powerful,"Adventure,Family,Fantasy",6.3,192045,Adventure
54,2013-03-08,Oz the Great and Powerful,200000000,234770996,490359051,3,290359051,145.17952549999998,Profit,tt1623205,Oz the Great and Powerful,"Adventure,Family,Fantasy",6.3,192045,Family
54,2013-03-08,Oz the Great and Powerful,200000000,234770996,490359051,3,290359051,145.17952549999998,Profit,tt1623205,Oz the Great and Powerful,"Adventure,Family,Fantasy",6.3,192045,Fantasy
55,2014-05-23,X-Men: Days of Future Past,200000000,233921534,747862775,5,547862775,273.9313875,Profit,tt1877832,X-Men: Days of Future Past,"Action,Adventure,Sci-Fi",8.0,620079,Action
55,2014-05-23,X-Men: Days of Future Past,200000000,233921534,747862775,5,547862775,273.9313875,Profit,tt1877832,X-Men: Days of Future Past,"Action,Adventure,Sci-Fi",8.0,620079,Adventure
55,2014-05-23,X-Men: Days of Future Past,200000000,233921534,747862775,5,547862775,273.9313875,Profit,tt1877832,X-Men: Days of Future Past,"Action,Adventure,Sci-Fi",8.0,620079,Sci-Fi
56,2014-05-02,The Amazing Spider-Man 2,200000000,202853933,708996336,5,508996336,254.498168,Profit,tt1872181,The Amazing Spider-Man 2,"Action,Adventure,Sci-Fi",6.6,388363,Action
56,2014-05-02,The Amazing Spider-Man 2,200000000,202853933,708996336,5,508996336,254.498168,Profit,tt1872181,The Amazing Spider-Man 2,"Action,Adventure,Sci-Fi",6.6,388363,Adventure
56,2014-05-02,The Amazing Spider-Man 2,200000000,202853933,708996336,5,508996336,254.498168,Profit,tt1872181,The Amazing Spider-Man 2,"Action,Adventure,Sci-Fi",6.6,388363,Sci-Fi
57,2011-06-24,Cars 2,200000000,191450875,560155383,6,360155383,180.0776915,Profit,tt1216475,Cars 2,"Adventure,Animation,Comedy",6.2,138914,Adventure
57,2011-06-24,Cars 2,200000000,191450875,560155383,6,360155383,180.0776915,Profit,tt1216475,Cars 2,"Adventure,Animation,Comedy",6.2,138914,Animation
57,2011-06-24,Cars 2,200000000,191450875,560155383,6,360155383,180.0776915,Profit,tt1216475,Cars 2,"Adventure,Animation,Comedy",6.2,138914,Comedy
60,2018-11-16,Fantastic Beasts: The Crimes of Grindelwald,200000000,159555901,652220086,11,452220086,226.110043,Profit,tt4123430,Fantastic Beasts: The Crimes of Grindelwald,"Adventure,Family,Fantasy",6.6,163151,Adventure
60,2018-11-16,Fantastic Beasts: The Crimes of Grindelwald,200000000,159555901,652220086,11,452220086,226.110043,Profit,tt4123430,Fantastic Beasts: The Crimes of Grindelwald,"Adventure,Family,Fantasy",6.6,163151,Family
60,2018-11-16,Fantastic Beasts: The Crimes of Grindelwald,200000000,159555901,652220086,11,452220086,226.110043,Profit,tt4123430,Fantastic Beasts: The Crimes of Grindelwald,"Adventure,Family,Fantasy",6.6,163151,Fantasy
62,2011-06-17,Green Lantern,200000000,116601172,219535492,6,19535492,9.767745999999999,Profit,tt1133985,Green Lantern,"Action,Adventure,Sci-Fi",5.5,252281,Action
62,2011-06-17,Green Lantern,200000000,116601172,219535492,6,19535492,9.767745999999999,Profit,tt1133985,Green Lantern,"Action,Adventure,Sci-Fi",5.5,252281,Adventure
62,2011-06-17,Green Lantern,200000000,116601172,219535492,6,19535492,9.767745999999999,Profit,tt1133985,Green Lantern,"Action,Adventure,Sci-Fi",5.5,252281,Sci-Fi
64,2011-06-29,Transformers: Dark of the Moon,195000000,352390543,1123790543,6,928790543,476.3028425641026,Profit,tt1399103,Transformers: Dark of the Moon,"Action,Adventure,Sci-Fi",6.2,366409,Action
64,2011-06-29,Transformers: Dark of the Moon,195000000,352390543,1123790543,6,928790543,476.3028425641026,Profit,tt1399103,Transformers: Dark of the Moon,"Action,Adventure,Sci-Fi",6.2,366409,Adventure
64,2011-06-29,Transformers: Dark of the Moon,195000000,352390543,1123790543,6,928790543,476.3028425641026,Profit,tt1399103,Transformers: Dark of the Moon,"Action,Adventure,Sci-Fi",6.2,366409,Sci-Fi
65,2017-06-09,The Mummy,195000000,80101125,409953905,6,214953905,110.23277179487178,Profit,tt2345759,The Mummy,"Action,Adventure,Fantasy",5.5,154345,Action
65,2017-06-09,The Mummy,195000000,80101125,409953905,6,214953905,110.23277179487178,Profit,tt2345759,The Mummy,"Action,Adventure,Fantasy",5.5,154345,Adventure
65,2017-06-09,The Mummy,195000000,80101125,409953905,6,214953905,110.23277179487178,Profit,tt2345759,The Mummy,"Action,Adventure,Fantasy",5.5,154345,Fantasy
66,2013-03-01,Jack the Giant Slayer,195000000,65187603,197687603,3,2687603,1.3782579487179487,Profit,tt1351685,Jack the Giant Slayer,"Adventure,Fantasy",6.3,123127,Adventure
66,2013-03-01,Jack the Giant Slayer,195000000,65187603,197687603,3,2687603,1.3782579487179487,Profit,tt1351685,Jack the Giant Slayer,"Adventure,Fantasy",6.3,123127,Fantasy
67,2015-04-03,Furious 7,190000000,353007020,1518722794,4,1328722794,699.3277863157895,Profit,tt2820852,Furious 7,"Action,Crime,Thriller",7.2,335074,Action
67,2015-04-03,Furious 7,190000000,353007020,1518722794,4,1328722794,699.3277863157895,Profit,tt2820852,Furious 7,"Action,Crime,Thriller",7.2,335074,Crime
67,2015-04-03,Furious 7,190000000,353007020,1518722794,4,1328722794,699.3277863157895,Profit,tt2820852,Furious 7,"Action,Crime,Thriller",7.2,335074,Thriller
68,2013-05-16,Star Trek Into Darkness,190000000,228778661,467381584,5,277381584,145.99030736842104,Profit,tt1408101,Star Trek Into Darkness,"Action,Adventure,Sci-Fi",7.7,445535,Action
68,2013-05-16,Star Trek Into Darkness,190000000,228778661,467381584,5,277381584,145.99030736842104,Profit,tt1408101,Star Trek Into Darkness,"Action,Adventure,Sci-Fi",7.7,445535,Adventure
68,2013-05-16,Star Trek Into Darkness,190000000,228778661,467381584,5,277381584,145.99030736842104,Profit,tt1408101,Star Trek Into Darkness,"Action,Adventure,Sci-Fi",7.7,445535,Sci-Fi
69,2013-06-21,World War Z,190000000,202359711,531514650,6,341514650,179.74455263157896,Profit,tt0816711,World War Z,"Action,Adventure,Horror",7.0,553751,Action
69,2013-06-21,World War Z,190000000,202359711,531514650,6,341514650,179.74455263157896,Profit,tt0816711,World War Z,"Action,Adventure,Horror",7.0,553751,Adventure
69,2013-06-21,World War Z,190000000,202359711,531514650,6,341514650,179.74455263157896,Profit,tt0816711,World War Z,"Action,Adventure,Horror",7.0,553751,Horror
70,2013-05-10,The Great Gatsby,190000000,144840419,351040419,5,161040419,84.75811526315789,Profit,tt1343092,The Great Gatsby,"Drama,Romance",7.3,433165,Drama
70,2013-05-10,The Great Gatsby,190000000,144840419,351040419,5,161040419,84.75811526315789,Profit,tt1343092,The Great Gatsby,"Drama,Romance",7.3,433165,Romance
72,2013-07-12,Pacific Rim,190000000,101802906,411002906,7,221002906,116.31731894736843,Profit,tt1663662,Pacific Rim,"Action,Adventure,Sci-Fi",6.9,443667,Action
72,2013-07-12,Pacific Rim,190000000,101802906,411002906,7,221002906,116.31731894736843,Profit,tt1663662,Pacific Rim,"Action,Adventure,Sci-Fi",6.9,443667,Adventure
72,2013-07-12,Pacific Rim,190000000,101802906,411002906,7,221002906,116.31731894736843,Profit,tt1663662,Pacific Rim,"Action,Adventure,Sci-Fi",6.9,443667,Sci-Fi
73,2015-11-25,The Good Dinosaur,187500000,123087120,333771037,11,146271037,78.01121973333333,Profit,tt1979388,The Good Dinosaur,"Adventure,Animation,Comedy",6.7,91465,Adventure
73,2015-11-25,The Good Dinosaur,187500000,123087120,333771037,11,146271037,78.01121973333333,Profit,tt1979388,The Good Dinosaur,"Adventure,Animation,Comedy",6.7,91465,Animation
73,2015-11-25,The Good Dinosaur,187500000,123087120,333771037,11,146271037,78.01121973333333,Profit,tt1979388,The Good Dinosaur,"Adventure,Animation,Comedy",6.7,91465,Comedy
77,2012-06-22,Brave,185000000,237282182,554606532,6,369606532,199.7873145945946,Profit,tt1217209,Brave,"Adventure,Animation,Comedy",7.1,338728,Adventure
77,2012-06-22,Brave,185000000,237282182,554606532,6,369606532,199.7873145945946,Profit,tt1217209,Brave,"Adventure,Animation,Comedy",7.1,338728,Animation
77,2012-06-22,Brave,185000000,237282182,554606532,6,369606532,199.7873145945946,Profit,tt1217209,Brave,"Adventure,Animation,Comedy",7.1,338728,Comedy
78,2017-03-10,Kong: Skull Island,185000000,168052812,561072059,3,376072059,203.28219405405403,Profit,tt3731562,Kong: Skull Island,"Action,Adventure,Fantasy",6.6,237720,Action
78,2017-03-10,Kong: Skull Island,185000000,168052812,561072059,3,376072059,203.28219405405403,Profit,tt3731562,Kong: Skull Island,"Action,Adventure,Fantasy",6.6,237720,Adventure
78,2017-03-10,Kong: Skull Island,185000000,168052812,561072059,3,376072059,203.28219405405403,Profit,tt3731562,Kong: Skull Island,"Action,Adventure,Fantasy",6.6,237720,Fantasy
79,2016-07-22,Star Trek Beyond,185000000,158848340,335802233,7,150802233,81.51472054054054,Profit,tt2660888,Star Trek Beyond,"Action,Adventure,Sci-Fi",7.1,209844,Action
79,2016-07-22,Star Trek Beyond,185000000,158848340,335802233,7,150802233,81.51472054054054,Profit,tt2660888,Star Trek Beyond,"Action,Adventure,Sci-Fi",7.1,209844,Adventure
79,2016-07-22,Star Trek Beyond,185000000,158848340,335802233,7,150802233,81.51472054054054,Profit,tt2660888,Star Trek Beyond,"Action,Adventure,Sci-Fi",7.1,209844,Sci-Fi
80,2017-10-06,Blade Runner 2049,185000000,92054159,259357408,10,74357408,40.19319351351351,Profit,tt1856101,Blade Runner 2049,"Drama,Mystery,Sci-Fi",8.0,376241,Drama
80,2017-10-06,Blade Runner 2049,185000000,92054159,259357408,10,74357408,40.19319351351351,Profit,tt1856101,Blade Runner 2049,"Drama,Mystery,Sci-Fi",8.0,376241,Mystery
80,2017-10-06,Blade Runner 2049,185000000,92054159,259357408,10,74357408,40.19319351351351,Profit,tt1856101,Blade Runner 2049,"Drama,Mystery,Sci-Fi",8.0,376241,Sci-Fi
81,2019-05-24,Aladdin,182000000,246734314,619234314,5,437234314,240.23863406593406,Profit,tt6139732,Aladdin,"Adventure,Comedy,Family",7.4,57549,Adventure
81,2019-05-24,Aladdin,182000000,246734314,619234314,5,437234314,240.23863406593406,Profit,tt6139732,Aladdin,"Adventure,Comedy,Family",7.4,57549,Comedy
81,2019-05-24,Aladdin,182000000,246734314,619234314,5,437234314,240.23863406593406,Profit,tt6139732,Aladdin,"Adventure,Comedy,Family",7.4,57549,Family
82,2017-11-03,Thor: Ragnarok,180000000,315058289,846980024,11,666980024,370.5444577777778,Profit,tt3501632,Thor: Ragnarok,"Action,Adventure,Comedy",7.9,482995,Action
82,2017-11-03,Thor: Ragnarok,180000000,315058289,846980024,11,666980024,370.5444577777778,Profit,tt3501632,Thor: Ragnarok,"Action,Adventure,Comedy",7.9,482995,Adventure
82,2017-11-03,Thor: Ragnarok,180000000,315058289,846980024,11,666980024,370.5444577777778,Profit,tt3501632,Thor: Ragnarok,"Action,Adventure,Comedy",7.9,482995,Comedy
84,2014-05-30,Maleficent,180000000,241407328,758536735,5,578536735,321.4092972222222,Profit,tt1587310,Maleficent,"Action,Adventure,Family",7.0,305832,Action
84,2014-05-30,Maleficent,180000000,241407328,758536735,5,578536735,321.4092972222222,Profit,tt1587310,Maleficent,"Action,Adventure,Family",7.0,305832,Adventure
84,2014-05-30,Maleficent,180000000,241407328,758536735,5,578536735,321.4092972222222,Profit,tt1587310,Maleficent,"Action,Adventure,Family",7.0,305832,Family
85,2016-11-18,Fantastic Beasts and Where to Find Them,180000000,234037575,802402853,11,622402853,345.7793627777778,Profit,tt3183660,Fantastic Beasts and Where to Find Them,"Adventure,Family,Fantasy",7.3,365353,Adventure
85,2016-11-18,Fantastic Beasts and Where to Find Them,180000000,234037575,802402853,11,622402853,345.7793627777778,Profit,tt3183660,Fantastic Beasts and Where to Find Them,"Adventure,Family,Fantasy",7.3,365353,Family
85,2016-11-18,Fantastic Beasts and Where to Find Them,180000000,234037575,802402853,11,622402853,345.7793627777778,Profit,tt3183660,Fantastic Beasts and Where to Find Them,"Adventure,Family,Fantasy",7.3,365353,Fantasy
88,2016-07-01,The Legend of Tarzan,180000000,126643061,348902025,7,168902025,93.83445833333333,Profit,tt0918940,The Legend of Tarzan,"Action,Adventure,Drama",6.3,150154,Action
88,2016-07-01,The Legend of Tarzan,180000000,126643061,348902025,7,168902025,93.83445833333333,Profit,tt0918940,The Legend of Tarzan,"Action,Adventure,Drama",6.3,150154,Adventure
88,2016-07-01,The Legend of Tarzan,180000000,126643061,348902025,7,168902025,93.83445833333333,Profit,tt0918940,The Legend of Tarzan,"Action,Adventure,Drama",6.3,150154,Drama
89,2011-11-23,Hugo,180000000,73864507,180047784,11,47784,0.026546666666666666,Profit,tt0970179,Hugo,"Adventure,Drama,Family",7.5,284869,Adventure
89,2011-11-23,Hugo,180000000,73864507,180047784,11,47784,0.026546666666666666,Profit,tt0970179,Hugo,"Adventure,Drama,Family",7.5,284869,Drama
89,2011-11-23,Hugo,180000000,73864507,180047784,11,47784,0.026546666666666666,Profit,tt0970179,Hugo,"Adventure,Drama,Family",7.5,284869,Family
90,2017-07-21,Valerian and the City of a Thousand Planets,180000000,40479370,215098356,7,35098356,19.499086666666667,Profit,tt2239822,Valerian and the City of a Thousand Planets,"Action,Adventure,Fantasy",6.5,139792,Action
90,2017-07-21,Valerian and the City of a Thousand Planets,180000000,40479370,215098356,7,35098356,19.499086666666667,Profit,tt2239822,Valerian and the City of a Thousand Planets,"Action,Adventure,Fantasy",6.5,139792,Adventure
90,2017-07-21,Valerian and the City of a Thousand Planets,180000000,40479370,215098356,7,35098356,19.499086666666667,Profit,tt2239822,Valerian and the City of a Thousand Planets,"Action,Adventure,Fantasy",6.5,139792,Fantasy
91,2015-02-06,Jupiter Ascending,179000000,47482519,181982519,2,2982519,1.6662117318435754,Profit,tt1617661,Jupiter Ascending,"Action,Adventure,Sci-Fi",5.3,166327,Action
91,2015-02-06,Jupiter Ascending,179000000,47482519,181982519,2,2982519,1.6662117318435754,Profit,tt1617661,Jupiter Ascending,"Action,Adventure,Sci-Fi",5.3,166327,Adventure
91,2015-02-06,Jupiter Ascending,179000000,47482519,181982519,2,2982519,1.6662117318435754,Profit,tt1617661,Jupiter Ascending,"Action,Adventure,Sci-Fi",5.3,166327,Sci-Fi
93,2016-05-27,X-Men: Apocalypse,178000000,155442489,542537546,5,364537546,204.79637415730338,Profit,tt3385516,X-Men: Apocalypse,"Action,Adventure,Sci-Fi",7.0,356556,Action
93,2016-05-27,X-Men: Apocalypse,178000000,155442489,542537546,5,364537546,204.79637415730338,Profit,tt3385516,X-Men: Apocalypse,"Action,Adventure,Sci-Fi",7.0,356556,Adventure
93,2016-05-27,X-Men: Apocalypse,178000000,155442489,542537546,5,364537546,204.79637415730338,Profit,tt3385516,X-Men: Apocalypse,"Action,Adventure,Sci-Fi",7.0,356556,Sci-Fi
94,2018-08-10,The Meg,178000000,145443742,529530715,8,351530715,197.48916573033708,Profit,tt4779682,The Meg,"Action,Horror,Sci-Fi",5.7,114042,Action
94,2018-08-10,The Meg,178000000,145443742,529530715,8,351530715,197.48916573033708,Profit,tt4779682,The Meg,"Action,Horror,Sci-Fi",5.7,114042,Horror
94,2018-08-10,The Meg,178000000,145443742,529530715,8,351530715,197.48916573033708,Profit,tt4779682,The Meg,"Action,Horror,Sci-Fi",5.7,114042,Sci-Fi
95,2014-06-06,Edge of Tomorrow,178000000,100206256,370541256,6,192541256,108.16924494382023,Profit,tt1631867,Edge of Tomorrow,"Action,Sci-Fi",7.9,546284,Action
95,2014-06-06,Edge of Tomorrow,178000000,100206256,370541256,6,192541256,108.16924494382023,Profit,tt1631867,Edge of Tomorrow,"Action,Sci-Fi",7.9,546284,Sci-Fi
96,2019-03-08,Captain Marvel,175000000,426525952,1123061550,3,948061550,541.7494571428572,Profit,tt4154664,Captain Marvel,"Action,Adventure,Sci-Fi",7.0,296225,Action
96,2019-03-08,Captain Marvel,175000000,426525952,1123061550,3,948061550,541.7494571428572,Profit,tt4154664,Captain Marvel,"Action,Adventure,Sci-Fi",7.0,296225,Adventure
96,2019-03-08,Captain Marvel,175000000,426525952,1123061550,3,948061550,541.7494571428572,Profit,tt4154664,Captain Marvel,"Action,Adventure,Sci-Fi",7.0,296225,Sci-Fi
97,2016-04-15,The Jungle Book,175000000,364001123,962854547,4,787854547,450.2025982857143,Profit,tt3040964,The Jungle Book,"Adventure,Drama,Family",7.4,240821,Adventure
97,2016-04-15,The Jungle Book,175000000,364001123,962854547,4,787854547,450.2025982857143,Profit,tt3040964,The Jungle Book,"Adventure,Drama,Family",7.4,240821,Drama
97,2016-04-15,The Jungle Book,175000000,364001123,962854547,4,787854547,450.2025982857143,Profit,tt3040964,The Jungle Book,"Adventure,Drama,Family",7.4,240821,Family
98,2015-06-19,Inside Out,175000000,356461711,854235992,6,679235992,388.1348525714286,Profit,tt2096673,Inside Out,"Adventure,Animation,Comedy",8.2,536181,Adventure
98,2015-06-19,Inside Out,175000000,356461711,854235992,6,679235992,388.1348525714286,Profit,tt2096673,Inside Out,"Adventure,Animation,Comedy",8.2,536181,Animation
98,2015-06-19,Inside Out,175000000,356461711,854235992,6,679235992,388.1348525714286,Profit,tt2096673,Inside Out,"Adventure,Animation,Comedy",8.2,536181,Comedy
99,2017-07-07,Spider-Man: Homecoming,175000000,334201140,880166350,7,705166350,402.9522,Profit,tt2250912,Spider-Man: Homecoming,"Action,Adventure,Sci-Fi",7.5,426302,Action
99,2017-07-07,Spider-Man: Homecoming,175000000,334201140,880166350,7,705166350,402.9522,Profit,tt2250912,Spider-Man: Homecoming,"Action,Adventure,Sci-Fi",7.5,426302,Adventure
99,2017-07-07,Spider-Man: Homecoming,175000000,334201140,880166350,7,705166350,402.9522,Profit,tt2250912,Spider-Man: Homecoming,"Action,Adventure,Sci-Fi",7.5,426302,Sci-Fi
100,2016-08-05,Suicide Squad,175000000,325100054,746059887,8,571059887,326.31993542857145,Profit,tt1386697,Suicide Squad,"Action,Adventure,Fantasy",6.0,533039,Action
100,2016-08-05,Suicide Squad,175000000,325100054,746059887,8,571059887,326.31993542857145,Profit,tt1386697,Suicide Squad,"Action,Adventure,Fantasy",6.0,533039,Adventure
100,2016-08-05,Suicide Squad,175000000,325100054,746059887,8,571059887,326.31993542857145,Profit,tt1386697,Suicide Squad,"Action,Adventure,Fantasy",6.0,533039,Fantasy
2,2017-11-22,Coco,175000000,209726015,798008101,11,623008101,356.00462914285714,Profit,tt2380307,Coco,"Adventure,Animation,Comedy",8.4,277194,Adventure
2,2017-11-22,Coco,175000000,209726015,798008101,11,623008101,356.00462914285714,Profit,tt2380307,Coco,"Adventure,Animation,Comedy",8.4,277194,Animation
2,2017-11-22,Coco,175000000,209726015,798008101,11,623008101,356.00462914285714,Profit,tt2380307,Coco,"Adventure,Animation,Comedy",8.4,277194,Comedy
5,2017-06-16,Cars 3,175000000,152901115,383541369,6,208541369,119.16649657142857,Profit,tt3606752,Cars 3,"Adventure,Animation,Comedy",6.8,59408,Adventure
5,2017-06-16,Cars 3,175000000,152901115,383541369,6,208541369,119.16649657142857,Profit,tt3606752,Cars 3,"Adventure,Animation,Comedy",6.8,59408,Animation
5,2017-06-16,Cars 3,175000000,152901115,383541369,6,208541369,119.16649657142857,Profit,tt3606752,Cars 3,"Adventure,Animation,Comedy",6.8,59408,Comedy
11,2017-05-12,King Arthur: Legend of the Sword,175000000,39175066,139630336,5,-35369664,-20.21123657142857,Loss,tt1972591,King Arthur: Legend of the Sword,"Action,Adventure,Drama",6.8,169054,Action
11,2017-05-12,King Arthur: Legend of the Sword,175000000,39175066,139630336,5,-35369664,-20.21123657142857,Loss,tt1972591,King Arthur: Legend of the Sword,"Action,Adventure,Drama",6.8,169054,Adventure
11,2017-05-12,King Arthur: Legend of the Sword,175000000,39175066,139630336,5,-35369664,-20.21123657142857,Loss,tt1972591,King Arthur: Legend of the Sword,"Action,Adventure,Drama",6.8,169054,Drama
12,2013-12-25,47 Ronin,175000000,38362475,151716815,12,-23283185,-13.304677142857143,Loss,tt1335975,47 Ronin,"Action,Adventure,Drama",6.3,135754,Action
12,2013-12-25,47 Ronin,175000000,38362475,151716815,12,-23283185,-13.304677142857143,Loss,tt1335975,47 Ronin,"Action,Adventure,Drama",6.3,135754,Adventure
12,2013-12-25,47 Ronin,175000000,38362475,151716815,12,-23283185,-13.304677142857143,Loss,tt1335975,47 Ronin,"Action,Adventure,Drama",6.3,135754,Drama
13,2018-06-22,Jurassic World: Fallen Kingdom,170000000,417719760,1305772799,6,1135772799,668.1016464705882,Profit,tt4881806,Jurassic World: Fallen Kingdom,"Action,Adventure,Sci-Fi",6.2,219125,Action
13,2018-06-22,Jurassic World: Fallen Kingdom,170000000,417719760,1305772799,6,1135772799,668.1016464705882,Profit,tt4881806,Jurassic World: Fallen Kingdom,"Action,Adventure,Sci-Fi",6.2,219125,Adventure
13,2018-06-22,Jurassic World: Fallen Kingdom,170000000,417719760,1305772799,6,1135772799,668.1016464705882,Profit,tt4881806,Jurassic World: Fallen Kingdom,"Action,Adventure,Sci-Fi",6.2,219125,Sci-Fi
14,2014-08-01,Guardians of the Galaxy,170000000,333172112,770867516,8,600867516,353.45148,Profit,tt2015381,Guardians of the Galaxy,"Action,Adventure,Comedy",8.1,948394,Action
14,2014-08-01,Guardians of the Galaxy,170000000,333172112,770867516,8,600867516,353.45148,Profit,tt2015381,Guardians of the Galaxy,"Action,Adventure,Comedy",8.1,948394,Adventure
14,2014-08-01,Guardians of the Galaxy,170000000,333172112,770867516,8,600867516,353.45148,Profit,tt2015381,Guardians of the Galaxy,"Action,Adventure,Comedy",8.1,948394,Comedy
15,2010-05-07,Iron Man 2,170000000,312433331,621156389,5,451156389,265.3861111764706,Profit,tt1228705,Iron Man 2,"Action,Adventure,Sci-Fi",7.0,657690,Action
15,2010-05-07,Iron Man 2,170000000,312433331,621156389,5,451156389,265.3861111764706,Profit,tt1228705,Iron Man 2,"Action,Adventure,Sci-Fi",7.0,657690,Adventure
15,2010-05-07,Iron Man 2,170000000,312433331,621156389,5,451156389,265.3861111764706,Profit,tt1228705,Iron Man 2,"Action,Adventure,Sci-Fi",7.0,657690,Sci-Fi
16,2014-04-04,Captain America: The Winter Soldier,170000000,259746958,714401889,4,544401889,320.2364052941177,Profit,tt1843866,Captain America: The Winter Soldier,"Action,Adventure,Sci-Fi",7.8,666252,Action
16,2014-04-04,Captain America: The Winter Soldier,170000000,259746958,714401889,4,544401889,320.2364052941177,Profit,tt1843866,Captain America: The Winter Soldier,"Action,Adventure,Sci-Fi",7.8,666252,Adventure
16,2014-04-04,Captain America: The Winter Soldier,170000000,259746958,714401889,4,544401889,320.2364052941177,Profit,tt1843866,Captain America: The Winter Soldier,"Action,Adventure,Sci-Fi",7.8,666252,Sci-Fi
17,2014-07-11,Dawn of the Planet of the Apes,170000000,208545589,710644566,7,540644566,318.02621529411766,Profit,tt2103281,Dawn of the Planet of the Apes,"Action,Adventure,Drama",7.6,390199,Action
17,2014-07-11,Dawn of the Planet of the Apes,170000000,208545589,710644566,7,540644566,318.02621529411766,Profit,tt2103281,Dawn of the Planet of the Apes,"Action,Adventure,Drama",7.6,390199,Adventure
17,2014-07-11,Dawn of the Planet of the Apes,170000000,208545589,710644566,7,540644566,318.02621529411766,Profit,tt2103281,Dawn of the Planet of the Apes,"Action,Adventure,Drama",7.6,390199,Drama
19,2012-06-01,Snow White and the Huntsman,170000000,155136755,401021746,6,231021746,135.89514470588236,Profit,tt1735898,Snow White and the Huntsman,"Action,Adventure,Drama",6.1,258938,Action
19,2012-06-01,Snow White and the Huntsman,170000000,155136755,401021746,6,231021746,135.89514470588236,Profit,tt1735898,Snow White and the Huntsman,"Action,Adventure,Drama",6.1,258938,Adventure
19,2012-06-01,Snow White and the Huntsman,170000000,155136755,401021746,6,231021746,135.89514470588236,Profit,tt1735898,Snow White and the Huntsman,"Action,Adventure,Drama",6.1,258938,Drama
22,2019-03-29,Dumbo,170000000,113883318,345004422,3,175004422,102.94377764705882,Profit,tt3861390,Dumbo,"Adventure,Family,Fantasy",6.6,25072,Adventure
22,2019-03-29,Dumbo,170000000,113883318,345004422,3,175004422,102.94377764705882,Profit,tt3861390,Dumbo,"Adventure,Family,Fantasy",6.6,25072,Family
22,2019-03-29,Dumbo,170000000,113883318,345004422,3,175004422,102.94377764705882,Profit,tt3861390,Dumbo,"Adventure,Family,Fantasy",6.6,25072,Fantasy
23,2015-05-22,Tomorrowland,170000000,93436322,206627518,5,36627518,21.54559882352941,Profit,tt1964418,Tomorrowland,"Action,Adventure,Family",6.4,161343,Action
23,2015-05-22,Tomorrowland,170000000,93436322,206627518,5,36627518,21.54559882352941,Profit,tt1964418,Tomorrowland,"Action,Adventure,Family",6.4,161343,Adventure
23,2015-05-22,Tomorrowland,170000000,93436322,206627518,5,36627518,21.54559882352941,Profit,tt1964418,Tomorrowland,"Action,Adventure,Family",6.4,161343,Family
24,2019-02-14,Alita: Battle Angel,170000000,85710210,402976036,2,232976036,137.04472705882353,Profit,tt0437086,Alita: Battle Angel,"Action,Adventure,Sci-Fi",7.5,88207,Action
24,2019-02-14,Alita: Battle Angel,170000000,85710210,402976036,2,232976036,137.04472705882353,Profit,tt0437086,Alita: Battle Angel,"Action,Adventure,Sci-Fi",7.5,88207,Adventure
24,2019-02-14,Alita: Battle Angel,170000000,85710210,402976036,2,232976036,137.04472705882353,Profit,tt0437086,Alita: Battle Angel,"Action,Adventure,Sci-Fi",7.5,88207,Sci-Fi
25,2019-05-31,Godzilla: King of the Monsters,170000000,85576941,299276941,5,129276941,76.0452594117647,Profit,tt3741700,Godzilla: King of the Monsters,"Action,Adventure,Fantasy",6.7,36479,Action
25,2019-05-31,Godzilla: King of the Monsters,170000000,85576941,299276941,5,129276941,76.0452594117647,Profit,tt3741700,Godzilla: King of the Monsters,"Action,Adventure,Fantasy",6.7,36479,Adventure
25,2019-05-31,Godzilla: King of the Monsters,170000000,85576941,299276941,5,129276941,76.0452594117647,Profit,tt3741700,Godzilla: King of the Monsters,"Action,Adventure,Fantasy",6.7,36479,Fantasy
26,2016-05-27,Alice Through the Looking Glass,170000000,77042381,276928112,5,106928112,62.8988894117647,Profit,tt2567026,Alice Through the Looking Glass,"Adventure,Family,Fantasy",6.2,79951,Adventure
26,2016-05-27,Alice Through the Looking Glass,170000000,77042381,276928112,5,106928112,62.8988894117647,Profit,tt2567026,Alice Through the Looking Glass,"Adventure,Family,Fantasy",6.2,79951,Family
26,2016-05-27,Alice Through the Looking Glass,170000000,77042381,276928112,5,106928112,62.8988894117647,Profit,tt2567026,Alice Through the Looking Glass,"Adventure,Family,Fantasy",6.2,79951,Fantasy
27,2010-05-21,Shrek Forever After,165000000,238736787,756244673,5,591244673,358.3301048484849,Profit,tt0892791,Shrek Forever After,"Adventure,Animation,Comedy",6.3,167532,Adventure
27,2010-05-21,Shrek Forever After,165000000,238736787,756244673,5,591244673,358.3301048484849,Profit,tt0892791,Shrek Forever After,"Adventure,Animation,Comedy",6.3,167532,Animation
27,2010-05-21,Shrek Forever After,165000000,238736787,756244673,5,591244673,358.3301048484849,Profit,tt0892791,Shrek Forever After,"Adventure,Animation,Comedy",6.3,167532,Comedy
28,2016-11-04,Doctor Strange,165000000,232641920,676404566,11,511404566,309.94216121212116,Profit,tt1211837,Doctor Strange,"Action,Adventure,Fantasy",7.5,514510,Action
28,2016-11-04,Doctor Strange,165000000,232641920,676404566,11,511404566,309.94216121212116,Profit,tt1211837,Doctor Strange,"Action,Adventure,Fantasy",7.5,514510,Adventure
28,2016-11-04,Doctor Strange,165000000,232641920,676404566,11,511404566,309.94216121212116,Profit,tt1211837,Doctor Strange,"Action,Adventure,Fantasy",7.5,514510,Fantasy
29,2014-11-07,Big Hero 6,165000000,222527828,652127828,11,487127828,295.2289866666667,Profit,tt2245084,Big Hero 6,"Action,Adventure,Animation",7.8,371204,Action
29,2014-11-07,Big Hero 6,165000000,222527828,652127828,11,487127828,295.2289866666667,Profit,tt2245084,Big Hero 6,"Action,Adventure,Animation",7.8,371204,Adventure
29,2014-11-07,Big Hero 6,165000000,222527828,652127828,11,487127828,295.2289866666667,Profit,tt2245084,Big Hero 6,"Action,Adventure,Animation",7.8,371204,Animation
30,2010-03-26,How to Train Your Dragon,165000000,217581232,494870992,3,329870992,199.92181333333335,Profit,tt0892769,How to Train Your Dragon,"Action,Adventure,Animation",8.1,611299,Action
30,2010-03-26,How to Train Your Dragon,165000000,217581232,494870992,3,329870992,199.92181333333335,Profit,tt0892769,How to Train Your Dragon,"Action,Adventure,Animation",8.1,611299,Adventure
30,2010-03-26,How to Train Your Dragon,165000000,217581232,494870992,3,329870992,199.92181333333335,Profit,tt0892769,How to Train Your Dragon,"Action,Adventure,Animation",8.1,611299,Animation
31,2012-11-02,Wreck-It Ralph,165000000,189412677,496511521,11,331511521,200.91607333333332,Profit,tt1772341,Wreck-It Ralph,"Adventure,Animation,Comedy",7.7,344496,Adventure
31,2012-11-02,Wreck-It Ralph,165000000,189412677,496511521,11,331511521,200.91607333333332,Profit,tt1772341,Wreck-It Ralph,"Adventure,Animation,Comedy",7.7,344496,Animation
31,2012-11-02,Wreck-It Ralph,165000000,189412677,496511521,11,331511521,200.91607333333332,Profit,tt1772341,Wreck-It Ralph,"Adventure,Animation,Comedy",7.7,344496,Comedy
32,2014-11-05,Interstellar,165000000,188017894,666379375,11,501379375,303.8662878787879,Profit,tt0816692,Interstellar,"Adventure,Drama,Sci-Fi",8.6,1299334,Adventure
32,2014-11-05,Interstellar,165000000,188017894,666379375,11,501379375,303.8662878787879,Profit,tt0816692,Interstellar,"Adventure,Drama,Sci-Fi",8.6,1299334,Drama
32,2014-11-05,Interstellar,165000000,188017894,666379375,11,501379375,303.8662878787879,Profit,tt0816692,Interstellar,"Adventure,Drama,Sci-Fi",8.6,1299334,Sci-Fi
33,2016-06-24,Independence Day: Resurgence,165000000,103144286,384169424,6,219169424,132.82995393939393,Profit,tt1628841,Independence Day: Resurgence,"Action,Adventure,Sci-Fi",5.2,155344,Action
33,2016-06-24,Independence Day: Resurgence,165000000,103144286,384169424,6,219169424,132.82995393939393,Profit,tt1628841,Independence Day: Resurgence,"Action,Adventure,Sci-Fi",5.2,155344,Adventure
33,2016-06-24,Independence Day: Resurgence,165000000,103144286,384169424,6,219169424,132.82995393939393,Profit,tt1628841,Independence Day: Resurgence,"Action,Adventure,Sci-Fi",5.2,155344,Sci-Fi
35,2017-03-17,Beauty and the Beast,160000000,504014165,1259199706,3,1099199706,686.99981625,Profit,tt2771200,Beauty and the Beast,"Family,Fantasy,Musical",7.2,238325,Family
35,2017-03-17,Beauty and the Beast,160000000,504014165,1259199706,3,1099199706,686.99981625,Profit,tt2771200,Beauty and the Beast,"Family,Fantasy,Musical",7.2,238325,Fantasy
35,2017-03-17,Beauty and the Beast,160000000,504014165,1259199706,3,1099199706,686.99981625,Profit,tt2771200,Beauty and the Beast,"Family,Fantasy,Musical",7.2,238325,Musical
36,2018-12-21,Aquaman,160000000,335061807,1146894640,12,986894640,616.80915,Profit,tt1477834,Aquaman,"Action,Adventure,Fantasy",7.1,263328,Action
36,2018-12-21,Aquaman,160000000,335061807,1146894640,12,986894640,616.80915,Profit,tt1477834,Aquaman,"Action,Adventure,Fantasy",7.1,263328,Adventure
36,2018-12-21,Aquaman,160000000,335061807,1146894640,12,986894640,616.80915,Profit,tt1477834,Aquaman,"Action,Adventure,Fantasy",7.1,263328,Fantasy
38,2010-07-16,Inception,160000000,292576195,835524642,7,675524642,422.20290125,Profit,tt1375666,Inception,"Action,Adventure,Sci-Fi",8.8,1841066,Action
38,2010-07-16,Inception,160000000,292576195,835524642,7,675524642,422.20290125,Profit,tt1375666,Inception,"Action,Adventure,Sci-Fi",8.8,1841066,Adventure
38,2010-07-16,Inception,160000000,292576195,835524642,7,675524642,422.20290125,Profit,tt1375666,Inception,"Action,Adventure,Sci-Fi",8.8,1841066,Sci-Fi
39,2015-11-20,The Hunger Games: Mockingjay - Part 2,160000000,281723902,648986787,11,488986787,305.616741875,Profit,tt1951266,The Hunger Games: Mockingjay - Part 2,"Action,Adventure,Sci-Fi",6.6,252384,Action
39,2015-11-20,The Hunger Games: Mockingjay - Part 2,160000000,281723902,648986787,11,488986787,305.616741875,Profit,tt1951266,The Hunger Games: Mockingjay - Part 2,"Action,Adventure,Sci-Fi",6.6,252384,Adventure
39,2015-11-20,The Hunger Games: Mockingjay - Part 2,160000000,281723902,648986787,11,488986787,305.616741875,Profit,tt1951266,The Hunger Games: Mockingjay - Part 2,"Action,Adventure,Sci-Fi",6.6,252384,Sci-Fi
41,2014-05-16,Godzilla,160000000,200676069,529076069,5,369076069,230.67254312499998,Profit,tt0831387,Godzilla,"Action,Adventure,Sci-Fi",6.4,350687,Action
41,2014-05-16,Godzilla,160000000,200676069,529076069,5,369076069,230.67254312499998,Profit,tt0831387,Godzilla,"Action,Adventure,Sci-Fi",6.4,350687,Adventure
41,2014-05-16,Godzilla,160000000,200676069,529076069,5,369076069,230.67254312499998,Profit,tt0831387,Godzilla,"Action,Adventure,Sci-Fi",6.4,350687,Sci-Fi
42,2011-06-03,X-Men: First Class,160000000,146408305,355408305,6,195408305,122.13019062499998,Profit,tt1270798,X-Men: First Class,"Action,Adventure,Sci-Fi",7.7,608930,Action
42,2011-06-03,X-Men: First Class,160000000,146408305,355408305,6,195408305,122.13019062499998,Profit,tt1270798,X-Men: First Class,"Action,Adventure,Sci-Fi",7.7,608930,Adventure
42,2011-06-03,X-Men: First Class,160000000,146408305,355408305,6,195408305,122.13019062499998,Profit,tt1270798,X-Men: First Class,"Action,Adventure,Sci-Fi",7.7,608930,Sci-Fi
44,2010-07-14,The Sorcerer's Apprentice,160000000,63150991,217986320,7,57986320,36.24145,Profit,tt0963966,The Sorcerer's Apprentice,"Action,Adventure,Family",6.1,143862,Action
44,2010-07-14,The Sorcerer's Apprentice,160000000,63150991,217986320,7,57986320,36.24145,Profit,tt0963966,The Sorcerer's Apprentice,"Action,Adventure,Family",6.1,143862,Adventure
44,2010-07-14,The Sorcerer's Apprentice,160000000,63150991,217986320,7,57986320,36.24145,Profit,tt0963966,The Sorcerer's Apprentice,"Action,Adventure,Family",6.1,143862,Family
46,2016-06-10,Warcraft,160000000,47225655,425522281,6,265522281,165.951425625,Profit,tt0803096,Warcraft,"Action,Adventure,Fantasy",6.9,225557,Action
46,2016-06-10,Warcraft,160000000,47225655,425522281,6,265522281,165.951425625,Profit,tt0803096,Warcraft,"Action,Adventure,Fantasy",6.9,225557,Adventure
46,2016-06-10,Warcraft,160000000,47225655,425522281,6,265522281,165.951425625,Profit,tt0803096,Warcraft,"Action,Adventure,Fantasy",6.9,225557,Fantasy
47,2016-09-30,Deepwater Horizon,156000000,61433527,122603824,9,-33396176,-21.40780512820513,Loss,tt1860357,Deepwater Horizon,"Action,Drama,History",7.1,133303,Action
47,2016-09-30,Deepwater Horizon,156000000,61433527,122603824,9,-33396176,-21.40780512820513,Loss,tt1860357,Deepwater Horizon,"Action,Drama,History",7.1,133303,Drama
47,2016-09-30,Deepwater Horizon,156000000,61433527,122603824,9,-33396176,-21.40780512820513,Loss,tt1860357,Deepwater Horizon,"Action,Drama,History",7.1,133303,History
48,2010-12-10,The Chronicles of Narnia: The Voyage of the Dawn Treader,155000000,104386950,418186950,12,263186950,169.79803225806452,Profit,tt0980970,The Chronicles of Narnia: The Voyage of the Dawn Treader,"Adventure,Family,Fantasy",6.3,129663,Adventure
48,2010-12-10,The Chronicles of Narnia: The Voyage of the Dawn Treader,155000000,104386950,418186950,12,263186950,169.79803225806452,Profit,tt0980970,The Chronicles of Narnia: The Voyage of the Dawn Treader,"Adventure,Family,Fantasy",6.3,129663,Family
48,2010-12-10,The Chronicles of Narnia: The Voyage of the Dawn Treader,155000000,104386950,418186950,12,263186950,169.79803225806452,Profit,tt0980970,The Chronicles of Narnia: The Voyage of the Dawn Treader,"Adventure,Family,Fantasy",6.3,129663,Fantasy
50,2018-03-23,Pacific Rim: Uprising,155000000,59874525,290930148,3,135930148,87.69686967741936,Profit,tt2557478,Pacific Rim: Uprising,"Action,Adventure,Sci-Fi",5.6,89462,Action
50,2018-03-23,Pacific Rim: Uprising,155000000,59874525,290930148,3,135930148,87.69686967741936,Profit,tt2557478,Pacific Rim: Uprising,"Action,Adventure,Sci-Fi",5.6,89462,Adventure
50,2018-03-23,Pacific Rim: Uprising,155000000,59874525,290930148,3,135930148,87.69686967741936,Profit,tt2557478,Pacific Rim: Uprising,"Action,Adventure,Sci-Fi",5.6,89462,Sci-Fi
52,2017-07-14,War for the Planet of the Apes,152000000,146880162,489592267,7,337592267,222.10017565789474,Profit,tt3450958,War for the Planet of the Apes,"Action,Adventure,Drama",7.5,201943,Action
52,2017-07-14,War for the Planet of the Apes,152000000,146880162,489592267,7,337592267,222.10017565789474,Profit,tt3450958,War for the Planet of the Apes,"Action,Adventure,Drama",7.5,201943,Adventure
52,2017-07-14,War for the Planet of the Apes,152000000,146880162,489592267,7,337592267,222.10017565789474,Profit,tt3450958,War for the Planet of the Apes,"Action,Adventure,Drama",7.5,201943,Drama
55,2017-06-02,Wonder Woman,150000000,412563408,821133378,6,671133378,447.42225199999996,Profit,tt0451279,Wonder Woman,"Action,Adventure,Fantasy",7.5,487527,Action
55,2017-06-02,Wonder Woman,150000000,412563408,821133378,6,671133378,447.42225199999996,Profit,tt0451279,Wonder Woman,"Action,Adventure,Fantasy",7.5,487527,Adventure
55,2017-06-02,Wonder Woman,150000000,412563408,821133378,6,671133378,447.42225199999996,Profit,tt0451279,Wonder Woman,"Action,Adventure,Fantasy",7.5,487527,Fantasy
56,2013-11-22,Frozen,150000000,400738009,1272469910,11,1122469910,748.3132733333333,Profit,tt2294629,Frozen,"Adventure,Animation,Comedy",7.5,516998,Adventure
56,2013-11-22,Frozen,150000000,400738009,1272469910,11,1122469910,748.3132733333333,Profit,tt2294629,Frozen,"Adventure,Animation,Comedy",7.5,516998,Animation
56,2013-11-22,Frozen,150000000,400738009,1272469910,11,1122469910,748.3132733333333,Profit,tt2294629,Frozen,"Adventure,Animation,Comedy",7.5,516998,Comedy
57,2016-03-04,Zootopia,150000000,341268248,1019429616,3,869429616,579.6197440000001,Profit,tt2948356,Zootopia,"Adventure,Animation,Comedy",8.0,383446,Adventure
57,2016-03-04,Zootopia,150000000,341268248,1019429616,3,869429616,579.6197440000001,Profit,tt2948356,Zootopia,"Adventure,Animation,Comedy",8.0,383446,Animation
57,2016-03-04,Zootopia,150000000,341268248,1019429616,3,869429616,579.6197440000001,Profit,tt2948356,Zootopia,"Adventure,Animation,Comedy",8.0,383446,Comedy
62,2016-11-23,Moana,150000000,248757044,637517365,11,487517365,325.01157666666666,Profit,tt3521164,Moana,"Adventure,Animation,Comedy",7.6,224253,Adventure
62,2016-11-23,Moana,150000000,248757044,637517365,11,487517365,325.01157666666666,Profit,tt3521164,Moana,"Adventure,Animation,Comedy",7.6,224253,Animation
62,2016-11-23,Moana,150000000,248757044,637517365,11,487517365,325.01157666666666,Profit,tt3521164,Moana,"Adventure,Animation,Comedy",7.6,224253,Comedy
66,2013-11-08,Thor: The Dark World,150000000,206362140,644602516,11,494602516,329.7350106666667,Profit,tt1981115,Thor: The Dark World,"Action,Adventure,Fantasy",6.9,540996,Action
66,2013-11-08,Thor: The Dark World,150000000,206362140,644602516,11,494602516,329.7350106666667,Profit,tt1981115,Thor: The Dark World,"Action,Adventure,Fantasy",6.9,540996,Adventure
66,2013-11-08,Thor: The Dark World,150000000,206362140,644602516,11,494602516,329.7350106666667,Profit,tt1981115,Thor: The Dark World,"Action,Adventure,Fantasy",6.9,540996,Fantasy
69,2017-07-21,Dunkirk,150000000,190068280,499837368,7,349837368,233.22491200000002,Profit,tt5013056,Dunkirk,"Action,Drama,History",7.9,466580,Action
69,2017-07-21,Dunkirk,150000000,190068280,499837368,7,349837368,233.22491200000002,Profit,tt5013056,Dunkirk,"Action,Drama,History",7.9,466580,Drama
69,2017-07-21,Dunkirk,150000000,190068280,499837368,7,349837368,233.22491200000002,Profit,tt5013056,Dunkirk,"Action,Drama,History",7.9,466580,History
70,2011-05-06,Thor,150000000,181030624,449326618,5,299326618,199.55107866666665,Profit,tt0800369,Thor,"Action,Adventure,Fantasy",7.0,683264,Action
70,2011-05-06,Thor,150000000,181030624,449326618,5,299326618,199.55107866666665,Profit,tt0800369,Thor,"Action,Adventure,Fantasy",7.0,683264,Adventure
70,2011-05-06,Thor,150000000,181030624,449326618,5,299326618,199.55107866666665,Profit,tt0800369,Thor,"Action,Adventure,Fantasy",7.0,683264,Fantasy
74,2011-05-26,Kung Fu Panda 2,150000000,165249063,664837547,5,514837547,343.22503133333333,Profit,tt1302011,Kung Fu Panda 2,"Action,Adventure,Animation",7.2,228465,Action
74,2011-05-26,Kung Fu Panda 2,150000000,165249063,664837547,5,514837547,343.22503133333333,Profit,tt1302011,Kung Fu Panda 2,"Action,Adventure,Animation",7.2,228465,Adventure
74,2011-05-26,Kung Fu Panda 2,150000000,165249063,664837547,5,514837547,343.22503133333333,Profit,tt1302011,Kung Fu Panda 2,"Action,Adventure,Animation",7.2,228465,Animation
75,2015-05-15,Mad Max: Fury Road,150000000,153636354,370098020,5,220098020,146.73201333333336,Profit,tt1392190,Mad Max: Fury Road,"Action,Adventure,Sci-Fi",8.1,780910,Action
75,2015-05-15,Mad Max: Fury Road,150000000,153636354,370098020,5,220098020,146.73201333333336,Profit,tt1392190,Mad Max: Fury Road,"Action,Adventure,Sci-Fi",8.1,780910,Adventure
75,2015-05-15,Mad Max: Fury Road,150000000,153636354,370098020,5,220098020,146.73201333333336,Profit,tt1392190,Mad Max: Fury Road,"Action,Adventure,Sci-Fi",8.1,780910,Sci-Fi
78,2018-03-29,Ready Player One,150000000,137690172,579290136,3,429290136,286.193424,Profit,tt1677720,Ready Player One,"Action,Adventure,Sci-Fi",7.5,301660,Action
78,2018-03-29,Ready Player One,150000000,137690172,579290136,3,429290136,286.193424,Profit,tt1677720,Ready Player One,"Action,Adventure,Sci-Fi",7.5,301660,Adventure
78,2018-03-29,Ready Player One,150000000,137690172,579290136,3,429290136,286.193424,Profit,tt1677720,Ready Player One,"Action,Adventure,Sci-Fi",7.5,301660,Sci-Fi
83,2010-07-01,The Last Airbender,150000000,131772187,319713881,7,169713881,113.14258733333334,Profit,tt0938283,The Last Airbender,"Action,Adventure,Family",4.1,137734,Action
83,2010-07-01,The Last Airbender,150000000,131772187,319713881,7,169713881,113.14258733333334,Profit,tt0938283,The Last Airbender,"Action,Adventure,Family",4.1,137734,Adventure
83,2010-07-01,The Last Airbender,150000000,131772187,319713881,7,169713881,113.14258733333334,Profit,tt0938283,The Last Airbender,"Action,Adventure,Family",4.1,137734,Family
87,2012-03-30,Wrath of the Titans,150000000,83670083,305270083,3,155270083,103.51338866666666,Profit,tt1646987,Wrath of the Titans,"Action,Adventure,Fantasy",5.7,172330,Action
87,2012-03-30,Wrath of the Titans,150000000,83670083,305270083,3,155270083,103.51338866666666,Profit,tt1646987,Wrath of the Titans,"Action,Adventure,Fantasy",5.7,172330,Adventure
87,2012-03-30,Wrath of the Titans,150000000,83670083,305270083,3,155270083,103.51338866666666,Profit,tt1646987,Wrath of the Titans,"Action,Adventure,Fantasy",5.7,172330,Fantasy
89,2012-05-11,Dark Shadows,150000000,79727149,238202668,5,88202668,58.80177866666667,Profit,tt1077368,Dark Shadows,"Comedy,Fantasy,Horror",6.2,229818,Comedy
89,2012-05-11,Dark Shadows,150000000,79727149,238202668,5,88202668,58.80177866666667,Profit,tt1077368,Dark Shadows,"Comedy,Fantasy,Horror",6.2,229818,Fantasy
89,2012-05-11,Dark Shadows,150000000,79727149,238202668,5,88202668,58.80177866666667,Profit,tt1077368,Dark Shadows,"Comedy,Fantasy,Horror",6.2,229818,Horror
90,2013-06-28,White House Down,150000000,73103784,205440387,6,55440387,36.960258,Profit,tt2334879,White House Down,"Action,Drama,Thriller",6.4,191791,Action
90,2013-06-28,White House Down,150000000,73103784,205440387,6,55440387,36.960258,Profit,tt2334879,White House Down,"Action,Drama,Thriller",6.4,191791,Drama
90,2013-06-28,White House Down,150000000,73103784,205440387,6,55440387,36.960258,Profit,tt2334879,White House Down,"Action,Drama,Thriller",6.4,191791,Thriller
91,2010-02-12,The Wolfman,150000000,62189884,142634358,2,-7365642,-4.910428,Loss,tt0780653,The Wolfman,"Drama,Fantasy,Horror",5.8,97873,Drama
91,2010-02-12,The Wolfman,150000000,62189884,142634358,2,-7365642,-4.910428,Loss,tt0780653,The Wolfman,"Drama,Fantasy,Horror",5.8,97873,Fantasy
91,2010-02-12,The Wolfman,150000000,62189884,142634358,2,-7365642,-4.910428,Loss,tt0780653,The Wolfman,"Drama,Fantasy,Horror",5.8,97873,Horror
92,2017-02-17,The Great Wall,150000000,45157105,334486852,2,184486852,122.99123466666666,Profit,tt2034800,The Great Wall,"Action,Adventure,Fantasy",6.0,111602,Action
92,2017-02-17,The Great Wall,150000000,45157105,334486852,2,184486852,122.99123466666666,Profit,tt2034800,The Great Wall,"Action,Adventure,Fantasy",6.0,111602,Adventure
92,2017-02-17,The Great Wall,150000000,45157105,334486852,2,184486852,122.99123466666666,Profit,tt2034800,The Great Wall,"Action,Adventure,Fantasy",6.0,111602,Fantasy
93,2015-10-09,Pan,150000000,35088320,151525973,10,1525973,1.0173153333333333,Profit,tt3332064,Pan,"Adventure,Comedy,Family",5.8,55867,Adventure
93,2015-10-09,Pan,150000000,35088320,151525973,10,1525973,1.0173153333333333,Profit,tt3332064,Pan,"Adventure,Comedy,Family",5.8,55867,Comedy
93,2015-10-09,Pan,150000000,35088320,151525973,10,1525973,1.0173153333333333,Profit,tt3332064,Pan,"Adventure,Comedy,Family",5.8,55867,Family
94,2011-03-11,Mars Needs Moms,150000000,21392758,39549758,3,-110450242,-73.63349466666666,Loss,tt1305591,Mars Needs Moms,"Adventure,Animation,Family",5.4,19823,Adventure
94,2011-03-11,Mars Needs Moms,150000000,21392758,39549758,3,-110450242,-73.63349466666666,Loss,tt1305591,Mars Needs Moms,"Adventure,Animation,Family",5.4,19823,Animation
94,2011-03-11,Mars Needs Moms,150000000,21392758,39549758,3,-110450242,-73.63349466666666,Loss,tt1305591,Mars Needs Moms,"Adventure,Animation,Family",5.4,19823,Family
97,2012-06-08,Madagascar 3: Europe's Most Wanted,145000000,216391482,746921271,6,601921271,415.1181179310345,Profit,tt1277953,Madagascar 3: Europe's Most Wanted,"Adventure,Animation,Comedy",6.8,146858,Adventure
97,2012-06-08,Madagascar 3: Europe's Most Wanted,145000000,216391482,746921271,6,601921271,415.1181179310345,Profit,tt1277953,Madagascar 3: Europe's Most Wanted,"Adventure,Animation,Comedy",6.8,146858,Animation
97,2012-06-08,Madagascar 3: Europe's Most Wanted,145000000,216391482,746921271,6,601921271,415.1181179310345,Profit,tt1277953,Madagascar 3: Europe's Most Wanted,"Adventure,Animation,Comedy",6.8,146858,Comedy
99,2014-06-13,How to Train Your Dragon 2,145000000,177002924,614586270,6,469586270,323.8526,Profit,tt1646971,How to Train Your Dragon 2,"Action,Adventure,Animation",7.8,278205,Action
99,2014-06-13,How to Train Your Dragon 2,145000000,177002924,614586270,6,469586270,323.8526,Profit,tt1646971,How to Train Your Dragon 2,"Action,Adventure,Animation",7.8,278205,Adventure
99,2014-06-13,How to Train Your Dragon 2,145000000,177002924,614586270,6,469586270,323.8526,Profit,tt1646971,How to Train Your Dragon 2,"Action,Adventure,Animation",7.8,278205,Animation
1,2014-03-07,Mr. Peabody & Sherman,145000000,111506430,269806430,3,124806430,86.0734,Profit,tt0864835,Mr. Peabody & Sherman,"Adventure,Animation,Comedy",6.8,57277,Adventure
1,2014-03-07,Mr. Peabody & Sherman,145000000,111506430,269806430,3,124806430,86.0734,Profit,tt0864835,Mr. Peabody & Sherman,"Adventure,Animation,Comedy",6.8,57277,Animation
1,2014-03-07,Mr. Peabody & Sherman,145000000,111506430,269806430,3,124806430,86.0734,Profit,tt0864835,Mr. Peabody & Sherman,"Adventure,Animation,Comedy",6.8,57277,Comedy
2,2012-11-21,Rise of the Guardians,145000000,103412758,306900902,11,161900902,111.65579448275862,Profit,tt1446192,Rise of the Guardians,"Action,Adventure,Animation",7.3,145281,Action
2,2012-11-21,Rise of the Guardians,145000000,103412758,306900902,11,161900902,111.65579448275862,Profit,tt1446192,Rise of the Guardians,"Action,Adventure,Animation",7.3,145281,Adventure
2,2012-11-21,Rise of the Guardians,145000000,103412758,306900902,11,161900902,111.65579448275862,Profit,tt1446192,Rise of the Guardians,"Action,Adventure,Animation",7.3,145281,Animation
4,2016-07-15,Ghostbusters,144000000,128350574,229008658,7,85008658,59.033790277777776,Profit,tt1289401,Ghostbusters,"Action,Comedy,Fantasy",5.2,186788,Action
4,2016-07-15,Ghostbusters,144000000,128350574,229008658,7,85008658,59.033790277777776,Profit,tt1289401,Ghostbusters,"Action,Comedy,Fantasy",5.2,186788,Comedy
4,2016-07-15,Ghostbusters,144000000,128350574,229008658,7,85008658,59.033790277777776,Profit,tt1289401,Ghostbusters,"Action,Comedy,Fantasy",5.2,186788,Fantasy
10,2011-07-22,Captain America: The First Avenger,140000000,176654505,370569776,7,230569776,164.69269714285716,Profit,tt0458339,Captain America: The First Avenger,"Action,Adventure,Sci-Fi",6.9,668137,Action
10,2011-07-22,Captain America: The First Avenger,140000000,176654505,370569776,7,230569776,164.69269714285716,Profit,tt0458339,Captain America: The First Avenger,"Action,Adventure,Sci-Fi",6.9,668137,Adventure
10,2011-07-22,Captain America: The First Avenger,140000000,176654505,370569776,7,230569776,164.69269714285716,Profit,tt0458339,Captain America: The First Avenger,"Action,Adventure,Sci-Fi",6.9,668137,Sci-Fi
11,2016-01-29,Kung Fu Panda 3,140000000,143528619,517599142,1,377599142,269.71367285714285,Profit,tt2267968,Kung Fu Panda 3,"Action,Adventure,Animation",7.1,116166,Action
11,2016-01-29,Kung Fu Panda 3,140000000,143528619,517599142,1,377599142,269.71367285714285,Profit,tt2267968,Kung Fu Panda 3,"Action,Adventure,Animation",7.1,116166,Adventure
11,2016-01-29,Kung Fu Panda 3,140000000,143528619,517599142,1,377599142,269.71367285714285,Profit,tt2267968,Kung Fu Panda 3,"Action,Adventure,Animation",7.1,116166,Animation
13,2013-03-27,G.I. Joe: Retaliation,140000000,122523060,375740705,3,235740705,168.38621785714284,Profit,tt1583421,G.I. Joe: Retaliation,"Action,Adventure,Sci-Fi",5.8,165536,Action
13,2013-03-27,G.I. Joe: Retaliation,140000000,122523060,375740705,3,235740705,168.38621785714284,Profit,tt1583421,G.I. Joe: Retaliation,"Action,Adventure,Sci-Fi",5.8,165536,Adventure
13,2013-03-27,G.I. Joe: Retaliation,140000000,122523060,375740705,3,235740705,168.38621785714284,Profit,tt1583421,G.I. Joe: Retaliation,"Action,Adventure,Sci-Fi",5.8,165536,Sci-Fi
16,2014-12-12,Exodus: Gods and Kings,140000000,65014513,268314513,12,128314513,91.65322357142857,Profit,tt1528100,Exodus: Gods and Kings,"Action,Adventure,Drama",6.0,150858,Action
16,2014-12-12,Exodus: Gods and Kings,140000000,65014513,268314513,12,128314513,91.65322357142857,Profit,tt1528100,Exodus: Gods and Kings,"Action,Adventure,Drama",6.0,150858,Adventure
16,2014-12-12,Exodus: Gods and Kings,140000000,65014513,268314513,12,128314513,91.65322357142857,Profit,tt1528100,Exodus: Gods and Kings,"Action,Adventure,Drama",6.0,150858,Drama
17,2016-07-01,The BFG,140000000,55483770,199646680,7,59646680,42.60477142857143,Profit,tt3691740,The BFG,"Adventure,Family,Fantasy",6.4,69340,Adventure
17,2016-07-01,The BFG,140000000,55483770,199646680,7,59646680,42.60477142857143,Profit,tt3691740,The BFG,"Adventure,Family,Fantasy",6.4,69340,Family
17,2016-07-01,The BFG,140000000,55483770,199646680,7,59646680,42.60477142857143,Profit,tt3691740,The BFG,"Adventure,Family,Fantasy",6.4,69340,Fantasy
18,2016-02-26,Gods of Egypt,140000000,31153464,138836756,2,-1163244,-0.8308885714285714,Loss,tt2404233,Gods of Egypt,"Action,Adventure,Fantasy",5.4,95111,Action
18,2016-02-26,Gods of Egypt,140000000,31153464,138836756,2,-1163244,-0.8308885714285714,Loss,tt2404233,Gods of Egypt,"Action,Adventure,Fantasy",5.4,95111,Adventure
18,2016-02-26,Gods of Egypt,140000000,31153464,138836756,2,-1163244,-0.8308885714285714,Loss,tt2404233,Gods of Egypt,"Action,Adventure,Fantasy",5.4,95111,Fantasy
26,2013-03-22,The Croods,135000000,187168425,573068425,3,438068425,324.4951296296296,Profit,tt0481499,The Croods,"Action,Adventure,Animation",7.2,176699,Action
26,2013-03-22,The Croods,135000000,187168425,573068425,3,438068425,324.4951296296296,Profit,tt0481499,The Croods,"Action,Adventure,Animation",7.2,176699,Adventure
26,2013-03-22,The Croods,135000000,187168425,573068425,3,438068425,324.4951296296296,Profit,tt0481499,The Croods,"Action,Adventure,Animation",7.2,176699,Animation
27,2015-12-25,The Revenant,135000000,183637894,532938302,12,397938302,294.7691125925926,Profit,tt1663202,The Revenant,"Action,Adventure,Biography",8.0,621193,Action
27,2015-12-25,The Revenant,135000000,183637894,532938302,12,397938302,294.7691125925926,Profit,tt1663202,The Revenant,"Action,Adventure,Biography",8.0,621193,Adventure
27,2015-12-25,The Revenant,135000000,183637894,532938302,12,397938302,294.7691125925926,Profit,tt1663202,The Revenant,"Action,Adventure,Biography",8.0,621193,Biography
29,2011-03-04,Rango,135000000,123477607,245724600,3,110724600,82.01822222222222,Profit,tt1192628,Rango,"Adventure,Animation,Comedy",7.2,215761,Adventure
29,2011-03-04,Rango,135000000,123477607,245724600,3,110724600,82.01822222222222,Profit,tt1192628,Rango,"Adventure,Animation,Comedy",7.2,215761,Animation
29,2011-03-04,Rango,135000000,123477607,245724600,3,110724600,82.01822222222222,Profit,tt1192628,Rango,"Adventure,Animation,Comedy",7.2,215761,Comedy
31,2013-07-17,Turbo,135000000,83028130,286896578,7,151896578,112.51598370370371,Profit,tt1860353,Turbo,"Adventure,Animation,Comedy",6.4,74639,Adventure
31,2013-07-17,Turbo,135000000,83028130,286896578,7,151896578,112.51598370370371,Profit,tt1860353,Turbo,"Adventure,Animation,Comedy",6.4,74639,Animation
31,2013-07-17,Turbo,135000000,83028130,286896578,7,151896578,112.51598370370371,Profit,tt1860353,Turbo,"Adventure,Animation,Comedy",6.4,74639,Comedy
32,2016-06-03,Teenage Mutant Ninja Turtles: Out of the Shadows,135000000,82051601,245328374,6,110328374,81.72472148148148,Profit,tt3949660,Teenage Mutant Ninja Turtles: Out of the Shadows,"Action,Adventure,Comedy",6.0,77234,Action
32,2016-06-03,Teenage Mutant Ninja Turtles: Out of the Shadows,135000000,82051601,245328374,6,110328374,81.72472148148148,Profit,tt3949660,Teenage Mutant Ninja Turtles: Out of the Shadows,"Action,Adventure,Comedy",6.0,77234,Adventure
32,2016-06-03,Teenage Mutant Ninja Turtles: Out of the Shadows,135000000,82051601,245328374,6,110328374,81.72472148148148,Profit,tt3949660,Teenage Mutant Ninja Turtles: Out of the Shadows,"Action,Adventure,Comedy",6.0,77234,Comedy
33,2011-11-18,Happy Feet Two,135000000,64006466,157956466,11,22956466,17.00478962962963,Profit,tt1402488,Happy Feet Two,"Adventure,Animation,Comedy",5.9,38396,Adventure
33,2011-11-18,Happy Feet Two,135000000,64006466,157956466,11,22956466,17.00478962962963,Profit,tt1402488,Happy Feet Two,"Adventure,Animation,Comedy",5.9,38396,Animation
33,2011-11-18,Happy Feet Two,135000000,64006466,157956466,11,22956466,17.00478962962963,Profit,tt1402488,Happy Feet Two,"Adventure,Animation,Comedy",5.9,38396,Comedy
35,2018-11-02,The Nutcracker and the Four Realms,132900000,54858851,170293899,11,37393899,28.1368690744921,Profit,tt5523010,The Nutcracker and the Four Realms,"Adventure,Family,Fantasy",5.5,18734,Adventure
35,2018-11-02,The Nutcracker and the Four Realms,132900000,54858851,170293899,11,37393899,28.1368690744921,Profit,tt5523010,The Nutcracker and the Four Realms,"Adventure,Family,Fantasy",5.5,18734,Family
35,2018-11-02,The Nutcracker and the Four Realms,132900000,54858851,170293899,11,37393899,28.1368690744921,Profit,tt5523010,The Nutcracker and the Four Realms,"Adventure,Family,Fantasy",5.5,18734,Fantasy
37,2014-11-26,Penguins of Madagascar,132000000,83350911,366942531,11,234942531,177.9867659090909,Profit,tt1911658,Penguins of Madagascar,"Adventure,Animation,Comedy",6.7,72551,Adventure
37,2014-11-26,Penguins of Madagascar,132000000,83350911,366942531,11,234942531,177.9867659090909,Profit,tt1911658,Penguins of Madagascar,"Adventure,Animation,Comedy",6.7,72551,Animation
37,2014-11-26,Penguins of Madagascar,132000000,83350911,366942531,11,234942531,177.9867659090909,Profit,tt1911658,Penguins of Madagascar,"Adventure,Animation,Comedy",6.7,72551,Comedy
38,2013-11-22,The Hunger Games: Catching Fire,130000000,424668047,864868047,11,734868047,565.2831130769231,Profit,tt1951264,The Hunger Games: Catching Fire,"Action,Adventure,Sci-Fi",7.5,575455,Action
38,2013-11-22,The Hunger Games: Catching Fire,130000000,424668047,864868047,11,734868047,565.2831130769231,Profit,tt1951264,The Hunger Games: Catching Fire,"Action,Adventure,Sci-Fi",7.5,575455,Adventure
38,2013-11-22,The Hunger Games: Catching Fire,130000000,424668047,864868047,11,734868047,565.2831130769231,Profit,tt1951264,The Hunger Games: Catching Fire,"Action,Adventure,Sci-Fi",7.5,575455,Sci-Fi
41,2018-07-06,Ant-Man and the Wasp,130000000,216648740,623144660,7,493144660,379.3420461538461,Profit,tt5095030,Ant-Man and the Wasp,"Action,Adventure,Comedy",7.1,244024,Action
41,2018-07-06,Ant-Man and the Wasp,130000000,216648740,623144660,7,493144660,379.3420461538461,Profit,tt5095030,Ant-Man and the Wasp,"Action,Adventure,Comedy",7.1,244024,Adventure
41,2018-07-06,Ant-Man and the Wasp,130000000,216648740,623144660,7,493144660,379.3420461538461,Profit,tt5095030,Ant-Man and the Wasp,"Action,Adventure,Comedy",7.1,244024,Comedy
43,2015-07-17,Ant-Man,130000000,180202163,518858449,7,388858449,299.1218838461538,Profit,tt0478970,Ant-Man,"Action,Adventure,Comedy",7.3,501213,Action
43,2015-07-17,Ant-Man,130000000,180202163,518858449,7,388858449,299.1218838461538,Profit,tt0478970,Ant-Man,"Action,Adventure,Comedy",7.3,501213,Adventure
43,2015-07-17,Ant-Man,130000000,180202163,518858449,7,388858449,299.1218838461538,Profit,tt0478970,Ant-Man,"Action,Adventure,Comedy",7.3,501213,Comedy
44,2015-03-27,Home,130000000,177397510,385997896,3,255997896,196.92145846153846,Profit,tt2224026,Home,"Adventure,Animation,Comedy",6.6,85831,Adventure
44,2015-03-27,Home,130000000,177397510,385997896,3,255997896,196.92145846153846,Profit,tt2224026,Home,"Adventure,Animation,Comedy",6.6,85831,Animation
44,2015-03-27,Home,130000000,177397510,385997896,3,255997896,196.92145846153846,Profit,tt2224026,Home,"Adventure,Animation,Comedy",6.6,85831,Comedy
45,2018-12-19,Mary Poppins Returns,130000000,171958438,341528518,12,211528518,162.71424461538462,Profit,tt5028340,Mary Poppins Returns,"Comedy,Family,Fantasy",6.9,52103,Comedy
45,2018-12-19,Mary Poppins Returns,130000000,171958438,341528518,12,211528518,162.71424461538462,Profit,tt5028340,Mary Poppins Returns,"Comedy,Family,Fantasy",6.9,52103,Family
45,2018-12-19,Mary Poppins Returns,130000000,171958438,341528518,12,211528518,162.71424461538462,Profit,tt5028340,Mary Poppins Returns,"Comedy,Family,Fantasy",6.9,52103,Fantasy
46,2011-10-28,Puss in Boots,130000000,149260504,554987477,10,424987477,326.9134438461538,Profit,tt0448694,Puss in Boots,"Action,Adventure,Animation",6.6,133355,Action
46,2011-10-28,Puss in Boots,130000000,149260504,554987477,10,424987477,326.9134438461538,Profit,tt0448694,Puss in Boots,"Action,Adventure,Animation",6.6,133355,Adventure
46,2011-10-28,Puss in Boots,130000000,149260504,554987477,10,424987477,326.9134438461538,Profit,tt0448694,Puss in Boots,"Action,Adventure,Animation",6.6,133355,Animation
47,2010-11-05,Megamind,130000000,148415853,321887208,11,191887208,147.60554461538462,Profit,tt1001526,Megamind,"Action,Animation,Comedy",7.3,207488,Action
47,2010-11-05,Megamind,130000000,148415853,321887208,11,191887208,147.60554461538462,Profit,tt1001526,Megamind,"Action,Animation,Comedy",7.3,207488,Animation
47,2010-11-05,Megamind,130000000,148415853,321887208,11,191887208,147.60554461538462,Profit,tt1001526,Megamind,"Action,Animation,Comedy",7.3,207488,Comedy
49,2014-04-11,Rio 2,130000000,131538435,492846291,4,362846291,279.11253153846155,Profit,tt2357291,Rio 2,"Adventure,Animation,Comedy",6.3,72209,Adventure
49,2014-04-11,Rio 2,130000000,131538435,492846291,4,362846291,279.11253153846155,Profit,tt2357291,Rio 2,"Adventure,Animation,Comedy",6.3,72209,Animation
49,2014-04-11,Rio 2,130000000,131538435,492846291,4,362846291,279.11253153846155,Profit,tt2357291,Rio 2,"Adventure,Animation,Comedy",6.3,72209,Comedy
50,2010-07-23,Salt,130000000,118311368,290650494,7,160650494,123.57730307692307,Profit,tt0944835,Salt,"Action,Mystery,Thriller",6.4,277204,Action
50,2010-07-23,Salt,130000000,118311368,290650494,7,160650494,123.57730307692307,Profit,tt0944835,Salt,"Action,Mystery,Thriller",6.4,277204,Mystery
50,2010-07-23,Salt,130000000,118311368,290650494,7,160650494,123.57730307692307,Profit,tt0944835,Salt,"Action,Mystery,Thriller",6.4,277204,Thriller
51,2014-03-28,Noah,130000000,101200044,352831065,3,222831065,171.40851153846154,Profit,tt1959490,Noah,"Action,Adventure,Drama",5.8,229326,Action
51,2014-03-28,Noah,130000000,101200044,352831065,3,222831065,171.40851153846154,Profit,tt1959490,Noah,"Action,Adventure,Drama",5.8,229326,Adventure
51,2014-03-28,Noah,130000000,101200044,352831065,3,222831065,171.40851153846154,Profit,tt1959490,Noah,"Action,Adventure,Drama",5.8,229326,Drama
52,2011-12-21,The Adventures of Tintin,130000000,77591831,373993951,12,243993951,187.68765461538462,Profit,tt0983193,The Adventures of Tintin,"Action,Adventure,Animation",7.3,202430,Action
52,2011-12-21,The Adventures of Tintin,130000000,77591831,373993951,12,243993951,187.68765461538462,Profit,tt0983193,The Adventures of Tintin,"Action,Adventure,Animation",7.3,202430,Adventure
52,2011-12-21,The Adventures of Tintin,130000000,77591831,373993951,12,243993951,187.68765461538462,Profit,tt0983193,The Adventures of Tintin,"Action,Adventure,Animation",7.3,202430,Animation
53,2013-05-31,After Earth,130000000,60522097,251499665,5,121499665,93.46128076923077,Profit,tt1815862,After Earth,"Action,Adventure,Drama",4.8,181687,Action
53,2013-05-31,After Earth,130000000,60522097,251499665,5,121499665,93.46128076923077,Profit,tt1815862,After Earth,"Action,Adventure,Drama",4.8,181687,Adventure
53,2013-05-31,After Earth,130000000,60522097,251499665,5,121499665,93.46128076923077,Profit,tt1815862,After Earth,"Action,Adventure,Drama",4.8,181687,Drama
55,2013-07-19,R.I.P.D.,130000000,33618855,79076678,7,-50923322,-39.171786153846156,Loss,tt0790736,R.I.P.D.,"Action,Adventure,Comedy",5.6,109078,Action
55,2013-07-19,R.I.P.D.,130000000,33618855,79076678,7,-50923322,-39.171786153846156,Loss,tt0790736,R.I.P.D.,"Action,Adventure,Comedy",5.6,109078,Adventure
55,2013-07-19,R.I.P.D.,130000000,33618855,79076678,7,-50923322,-39.171786153846156,Loss,tt0790736,R.I.P.D.,"Action,Adventure,Comedy",5.6,109078,Comedy
56,2019-02-22,How to Train Your Dragon: The Hidden World,129000000,160791800,519258283,2,390258283,302.52580077519383,Profit,tt2386490,How to Train Your Dragon: The Hidden World,"Action,Adventure,Animation",7.6,60769,Action
56,2019-02-22,How to Train Your Dragon: The Hidden World,129000000,160791800,519258283,2,390258283,302.52580077519383,Profit,tt2386490,How to Train Your Dragon: The Hidden World,"Action,Adventure,Animation",7.6,60769,Adventure
56,2019-02-22,How to Train Your Dragon: The Hidden World,129000000,160791800,519258283,2,390258283,302.52580077519383,Profit,tt2386490,How to Train Your Dragon: The Hidden World,"Action,Adventure,Animation",7.6,60769,Animation
59,2017-03-03,Logan,127000000,226277068,615461394,3,488461394,384.6152708661417,Profit,tt3315342,Logan,"Action,Drama,Sci-Fi",8.1,560270,Action
59,2017-03-03,Logan,127000000,226277068,615461394,3,488461394,384.6152708661417,Profit,tt3315342,Logan,"Action,Drama,Sci-Fi",8.1,560270,Drama
59,2017-03-03,Logan,127000000,226277068,615461394,3,488461394,384.6152708661417,Profit,tt3315342,Logan,"Action,Drama,Sci-Fi",8.1,560270,Sci-Fi
60,2014-12-19,Night at the Museum: Secret of the Tomb,127000000,113746621,353756621,12,226756621,178.54852047244094,Profit,tt2692250,Night at the Museum: Secret of the Tomb,"Adventure,Comedy,Family",6.2,93103,Adventure
60,2014-12-19,Night at the Museum: Secret of the Tomb,127000000,113746621,353756621,12,226756621,178.54852047244094,Profit,tt2692250,Night at the Museum: Secret of the Tomb,"Adventure,Comedy,Family",6.2,93103,Comedy
60,2014-12-19,Night at the Museum: Secret of the Tomb,127000000,113746621,353756621,12,226756621,178.54852047244094,Profit,tt2692250,Night at the Museum: Secret of the Tomb,"Adventure,Comedy,Family",6.2,93103,Family
62,2014-11-21,The Hunger Games: Mockingjay - Part 1,125000000,337135885,766575131,11,641575131,513.2601048,Profit,tt1951265,The Hunger Games: Mockingjay - Part 1,"Action,Adventure,Sci-Fi",6.6,379050,Action
62,2014-11-21,The Hunger Games: Mockingjay - Part 1,125000000,337135885,766575131,11,641575131,513.2601048,Profit,tt1951265,The Hunger Games: Mockingjay - Part 1,"Action,Adventure,Sci-Fi",6.6,379050,Adventure
62,2014-11-21,The Hunger Games: Mockingjay - Part 1,125000000,337135885,766575131,11,641575131,513.2601048,Profit,tt1951265,The Hunger Games: Mockingjay - Part 1,"Action,Adventure,Sci-Fi",6.6,379050,Sci-Fi
67,2011-04-29,Fast Five,125000000,210031325,630163454,4,505163454,404.1307632,Profit,tt1596343,Fast Five,"Action,Crime,Thriller",7.3,329892,Action
67,2011-04-29,Fast Five,125000000,210031325,630163454,4,505163454,404.1307632,Profit,tt1596343,Fast Five,"Action,Crime,Thriller",7.3,329892,Crime
67,2011-04-29,Fast Five,125000000,210031325,630163454,4,505163454,404.1307632,Profit,tt1596343,Fast Five,"Action,Crime,Thriller",7.3,329892,Thriller
68,2014-08-08,Teenage Mutant Ninja Turtles,125000000,191204754,485004754,8,360004754,288.0038032,Profit,tt1291150,Teenage Mutant Ninja Turtles,"Action,Adventure,Comedy",5.8,192220,Action
68,2014-08-08,Teenage Mutant Ninja Turtles,125000000,191204754,485004754,8,360004754,288.0038032,Profit,tt1291150,Teenage Mutant Ninja Turtles,"Action,Adventure,Comedy",5.8,192220,Adventure
68,2014-08-08,Teenage Mutant Ninja Turtles,125000000,191204754,485004754,8,360004754,288.0038032,Profit,tt1291150,Teenage Mutant Ninja Turtles,"Action,Adventure,Comedy",5.8,192220,Comedy
69,2011-12-16,Sherlock Holmes: A Game of Shadows,125000000,186848418,535663443,12,410663443,328.53075440000003,Profit,tt1515091,Sherlock Holmes: A Game of Shadows,"Action,Adventure,Crime",7.5,394189,Action
69,2011-12-16,Sherlock Holmes: A Game of Shadows,125000000,186848418,535663443,12,410663443,328.53075440000003,Profit,tt1515091,Sherlock Holmes: A Game of Shadows,"Action,Adventure,Crime",7.5,394189,Adventure
69,2011-12-16,Sherlock Holmes: A Game of Shadows,125000000,186848418,535663443,12,410663443,328.53075440000003,Profit,tt1515091,Sherlock Holmes: A Game of Shadows,"Action,Adventure,Crime",7.5,394189,Crime
71,2017-03-31,The Boss Baby,125000000,175003033,510878762,3,385878762,308.7030096,Profit,tt3874544,The Boss Baby,"Adventure,Animation,Comedy",6.3,93730,Adventure
71,2017-03-31,The Boss Baby,125000000,175003033,510878762,3,385878762,308.7030096,Profit,tt3874544,The Boss Baby,"Adventure,Animation,Comedy",6.3,93730,Animation
71,2017-03-31,The Boss Baby,125000000,175003033,510878762,3,385878762,308.7030096,Profit,tt3874544,The Boss Baby,"Adventure,Animation,Comedy",6.3,93730,Comedy
72,2010-04-01,Clash of the Titans,125000000,163214888,493214888,4,368214888,294.57191040000004,Profit,tt0800320,Clash of the Titans,"Action,Adventure,Fantasy",5.8,256176,Action
72,2010-04-01,Clash of the Titans,125000000,163214888,493214888,4,368214888,294.57191040000004,Profit,tt0800320,Clash of the Titans,"Action,Adventure,Fantasy",5.8,256176,Adventure
72,2010-04-01,Clash of the Titans,125000000,163214888,493214888,4,368214888,294.57191040000004,Profit,tt0800320,Clash of the Titans,"Action,Adventure,Fantasy",5.8,256176,Fantasy
73,2016-11-04,Trolls,125000000,153707064,344150134,11,219150134,175.3201072,Profit,tt1679335,Trolls,"Adventure,Animation,Comedy",6.5,63295,Adventure
73,2016-11-04,Trolls,125000000,153707064,344150134,11,219150134,175.3201072,Profit,tt1679335,Trolls,"Adventure,Animation,Comedy",6.5,63295,Animation
73,2016-11-04,Trolls,125000000,153707064,344150134,11,219150134,175.3201072,Profit,tt1679335,Trolls,"Adventure,Animation,Comedy",6.5,63295,Comedy
75,2012-06-08,Prometheus,125000000,126477084,402448265,6,277448265,221.95861200000002,Profit,tt1446714,Prometheus,"Adventure,Mystery,Sci-Fi",7.0,538720,Adventure
75,2012-06-08,Prometheus,125000000,126477084,402448265,6,277448265,221.95861200000002,Profit,tt1446714,Prometheus,"Adventure,Mystery,Sci-Fi",7.0,538720,Mystery
75,2012-06-08,Prometheus,125000000,126477084,402448265,6,277448265,221.95861200000002,Profit,tt1446714,Prometheus,"Adventure,Mystery,Sci-Fi",7.0,538720,Sci-Fi
76,2012-08-10,The Bourne Legacy,125000000,113203870,280355920,8,155355920,124.28473600000001,Profit,tt1194173,The Bourne Legacy,"Action,Adventure,Thriller",6.7,268678,Action
76,2012-08-10,The Bourne Legacy,125000000,113203870,280355920,8,155355920,124.28473600000001,Profit,tt1194173,The Bourne Legacy,"Action,Adventure,Thriller",6.7,268678,Adventure
76,2012-08-10,The Bourne Legacy,125000000,113203870,280355920,8,155355920,124.28473600000001,Profit,tt1194173,The Bourne Legacy,"Action,Adventure,Thriller",6.7,268678,Thriller
78,2018-07-13,Skyscraper,125000000,68420120,304115534,7,179115534,143.2924272,Profit,tt5758778,Skyscraper,"Action,Adventure,Thriller",5.8,81193,Action
78,2018-07-13,Skyscraper,125000000,68420120,304115534,7,179115534,143.2924272,Profit,tt5758778,Skyscraper,"Action,Adventure,Thriller",5.8,81193,Adventure
78,2018-07-13,Skyscraper,125000000,68420120,304115534,7,179115534,143.2924272,Profit,tt5758778,Skyscraper,"Action,Adventure,Thriller",5.8,81193,Thriller
79,2012-08-03,Total Recall,125000000,58877969,211856088,8,86856088,69.4848704,Profit,tt1386703,Total Recall,"Action,Adventure,Mystery",6.3,228460,Action
79,2012-08-03,Total Recall,125000000,58877969,211856088,8,86856088,69.4848704,Profit,tt1386703,Total Recall,"Action,Adventure,Mystery",6.3,228460,Adventure
79,2012-08-03,Total Recall,125000000,58877969,211856088,8,86856088,69.4848704,Profit,tt1386703,Total Recall,"Action,Adventure,Mystery",6.3,228460,Mystery
81,2017-01-13,Monster Trucks,125000000,33370166,61642798,1,-63357202,-50.6857616,Loss,tt3095734,Monster Trucks,"Action,Adventure,Comedy",5.7,13525,Action
81,2017-01-13,Monster Trucks,125000000,33370166,61642798,1,-63357202,-50.6857616,Loss,tt3095734,Monster Trucks,"Action,Adventure,Comedy",5.7,13525,Adventure
81,2017-01-13,Monster Trucks,125000000,33370166,61642798,1,-63357202,-50.6857616,Loss,tt3095734,Monster Trucks,"Action,Adventure,Comedy",5.7,13525,Comedy
86,2016-07-29,Jason Bourne,120000000,162192920,416168316,7,296168316,246.80692999999997,Profit,tt4196776,Jason Bourne,"Action,Thriller",6.6,190596,Action
86,2016-07-29,Jason Bourne,120000000,162192920,416168316,7,296168316,246.80692999999997,Profit,tt4196776,Jason Bourne,"Action,Thriller",6.6,190596,Thriller
88,2012-11-21,Life of Pi,120000000,124987022,620912003,11,500912003,417.42666916666667,Profit,tt0454876,Life of Pi,"Adventure,Drama,Fantasy",7.9,535836,Adventure
88,2012-11-21,Life of Pi,120000000,124987022,620912003,11,500912003,417.42666916666667,Profit,tt0454876,Life of Pi,"Adventure,Drama,Fantasy",7.9,535836,Drama
88,2012-11-21,Life of Pi,120000000,124987022,620912003,11,500912003,417.42666916666667,Profit,tt0454876,Life of Pi,"Adventure,Drama,Fantasy",7.9,535836,Fantasy
90,2018-04-13,Rampage,120000000,101028233,428056280,4,308056280,256.7135666666667,Profit,tt2231461,Rampage,"Action,Adventure,Sci-Fi",6.1,115891,Action
90,2018-04-13,Rampage,120000000,101028233,428056280,4,308056280,256.7135666666667,Profit,tt2231461,Rampage,"Action,Adventure,Sci-Fi",6.1,115891,Adventure
90,2018-04-13,Rampage,120000000,101028233,428056280,4,308056280,256.7135666666667,Profit,tt2231461,Rampage,"Action,Adventure,Sci-Fi",6.1,115891,Sci-Fi
92,2013-08-09,Elysium,120000000,93050117,286192091,8,166192091,138.49340916666665,Profit,tt1535108,Elysium,"Action,Drama,Sci-Fi",6.6,395572,Action
92,2013-08-09,Elysium,120000000,93050117,286192091,8,166192091,138.49340916666665,Profit,tt1535108,Elysium,"Action,Drama,Sci-Fi",6.6,395572,Drama
92,2013-08-09,Elysium,120000000,93050117,286192091,8,166192091,138.49340916666665,Profit,tt1535108,Elysium,"Action,Drama,Sci-Fi",6.6,395572,Sci-Fi
93,2013-04-19,Oblivion,120000000,89107235,287916633,4,167916633,139.93052749999998,Profit,tt1483013,Oblivion,"Action,Adventure,Sci-Fi",7.0,453966,Action
93,2013-04-19,Oblivion,120000000,89107235,287916633,4,167916633,139.93052749999998,Profit,tt1483013,Oblivion,"Action,Adventure,Sci-Fi",7.0,453966,Adventure
93,2013-04-19,Oblivion,120000000,89107235,287916633,4,167916633,139.93052749999998,Profit,tt1483013,Oblivion,"Action,Adventure,Sci-Fi",7.0,453966,Sci-Fi
94,2017-03-24,Power Rangers,120000000,85364450,142531552,3,22531552,18.77629333333333,Profit,tt3717490,Power Rangers,"Action,Adventure,Sci-Fi",6.0,92013,Action
94,2017-03-24,Power Rangers,120000000,85364450,142531552,3,22531552,18.77629333333333,Profit,tt3717490,Power Rangers,"Action,Adventure,Sci-Fi",6.0,92013,Adventure
94,2017-03-24,Power Rangers,120000000,85364450,142531552,3,22531552,18.77629333333333,Profit,tt3717490,Power Rangers,"Action,Adventure,Sci-Fi",6.0,92013,Sci-Fi
96,2014-02-12,RoboCop,120000000,58607007,242981799,2,122981799,102.4848325,Profit,tt1234721,RoboCop,"Action,Crime,Sci-Fi",6.2,205798,Action
96,2014-02-12,RoboCop,120000000,58607007,242981799,2,122981799,102.4848325,Profit,tt1234721,RoboCop,"Action,Crime,Sci-Fi",6.2,205798,Crime
96,2014-02-12,RoboCop,120000000,58607007,242981799,2,122981799,102.4848325,Profit,tt1234721,RoboCop,"Action,Crime,Sci-Fi",6.2,205798,Sci-Fi
98,2015-08-07,Fantastic Four,120000000,56117548,167849187,8,47849187,39.8743225,Profit,tt1502712,Fantastic Four,"Action,Adventure,Drama",4.3,140148,Action
98,2015-08-07,Fantastic Four,120000000,56117548,167849187,8,47849187,39.8743225,Profit,tt1502712,Fantastic Four,"Action,Adventure,Drama",4.3,140148,Adventure
98,2015-08-07,Fantastic Four,120000000,56117548,167849187,8,47849187,39.8743225,Profit,tt1502712,Fantastic Four,"Action,Adventure,Drama",4.3,140148,Drama
2,2010-06-23,Knight and Day,117000000,76423035,258751370,6,141751370,121.1550170940171,Profit,tt1013743,Knight and Day,"Action,Adventure,Comedy",6.3,169840,Action
2,2010-06-23,Knight and Day,117000000,76423035,258751370,6,141751370,121.1550170940171,Profit,tt1013743,Knight and Day,"Action,Adventure,Comedy",6.3,169840,Adventure
2,2010-06-23,Knight and Day,117000000,76423035,258751370,6,141751370,121.1550170940171,Profit,tt1013743,Knight and Day,"Action,Adventure,Comedy",6.3,169840,Comedy
3,2018-10-05,Venom,116000000,213511408,853628605,10,737628605,635.8867284482758,Profit,tt1270797,Venom,"Action,Sci-Fi,Thriller",6.7,275406,Action
3,2018-10-05,Venom,116000000,213511408,853628605,10,737628605,635.8867284482758,Profit,tt1270797,Venom,"Action,Sci-Fi,Thriller",6.7,275406,Sci-Fi
3,2018-10-05,Venom,116000000,213511408,853628605,10,737628605,635.8867284482758,Profit,tt1270797,Venom,"Action,Sci-Fi,Thriller",6.7,275406,Thriller
8,2013-07-26,The Wolverine,115000000,132556852,416456852,7,301456852,262.1363930434783,Profit,tt1430132,The Wolverine,"Action,Adventure,Sci-Fi",6.7,401286,Action
8,2013-07-26,The Wolverine,115000000,132556852,416456852,7,301456852,262.1363930434783,Profit,tt1430132,The Wolverine,"Action,Adventure,Sci-Fi",6.7,401286,Adventure
8,2013-07-26,The Wolverine,115000000,132556852,416456852,7,301456852,262.1363930434783,Profit,tt1430132,The Wolverine,"Action,Adventure,Sci-Fi",6.7,401286,Sci-Fi
13,2010-12-25,Gulliver's Travels,112000000,42779261,232017848,12,120017848,107.15879285714284,Profit,tt1320261,Gulliver's Travels,"Adventure,Comedy,Family",4.9,61178,Adventure
13,2010-12-25,Gulliver's Travels,112000000,42779261,232017848,12,120017848,107.15879285714284,Profit,tt1320261,Gulliver's Travels,"Adventure,Comedy,Family",4.9,61178,Comedy
13,2010-12-25,Gulliver's Travels,112000000,42779261,232017848,12,120017848,107.15879285714284,Profit,tt1320261,Gulliver's Travels,"Adventure,Comedy,Family",4.9,61178,Family
14,2017-12-15,Ferdinand,111000000,84410380,289847930,12,178847930,161.12426126126127,Profit,tt3411444,Ferdinand,"Adventure,Animation,Comedy",6.7,40229,Adventure
14,2017-12-15,Ferdinand,111000000,84410380,289847930,12,178847930,161.12426126126127,Profit,tt3411444,Ferdinand,"Adventure,Animation,Comedy",6.7,40229,Animation
14,2017-12-15,Ferdinand,111000000,84410380,289847930,12,178847930,161.12426126126127,Profit,tt3411444,Ferdinand,"Adventure,Animation,Comedy",6.7,40229,Comedy
15,2018-05-18,Deadpool 2,110000000,324591735,786680557,5,676680557,615.1641427272727,Profit,tt5463162,Deadpool 2,"Action,Adventure,Comedy",7.8,391735,Action
15,2018-05-18,Deadpool 2,110000000,324591735,786680557,5,676680557,615.1641427272727,Profit,tt5463162,Deadpool 2,"Action,Adventure,Comedy",7.8,391735,Adventure
15,2018-05-18,Deadpool 2,110000000,324591735,786680557,5,676680557,615.1641427272727,Profit,tt5463162,Deadpool 2,"Action,Adventure,Comedy",7.8,391735,Comedy
16,2013-10-04,Gravity,110000000,274092705,693698673,10,583698673,530.6351572727273,Profit,tt1454468,Gravity,"Drama,Sci-Fi,Thriller",7.7,710018,Drama
16,2013-10-04,Gravity,110000000,274092705,693698673,10,583698673,530.6351572727273,Profit,tt1454468,Gravity,"Drama,Sci-Fi,Thriller",7.7,710018,Sci-Fi
16,2013-10-04,Gravity,110000000,274092705,693698673,10,583698673,530.6351572727273,Profit,tt1454468,Gravity,"Drama,Sci-Fi,Thriller",7.7,710018,Thriller
19,2015-05-29,San Andreas,110000000,155190832,456258539,5,346258539,314.78049,Profit,tt2126355,San Andreas,"Action,Adventure,Drama",6.1,192750,Action
19,2015-05-29,San Andreas,110000000,155190832,456258539,5,346258539,314.78049,Profit,tt2126355,San Andreas,"Action,Adventure,Drama",6.1,192750,Adventure
19,2015-05-29,San Andreas,110000000,155190832,456258539,5,346258539,314.78049,Profit,tt2126355,San Andreas,"Action,Adventure,Drama",6.1,192750,Drama
20,2011-07-29,The Smurfs,110000000,142614158,563749323,7,453749323,412.4993845454545,Profit,tt0472181,The Smurfs,"Adventure,Animation,Comedy",5.5,77577,Adventure
20,2011-07-29,The Smurfs,110000000,142614158,563749323,7,453749323,412.4993845454545,Profit,tt0472181,The Smurfs,"Adventure,Animation,Comedy",5.5,77577,Animation
20,2011-07-29,The Smurfs,110000000,142614158,563749323,7,453749323,412.4993845454545,Profit,tt0472181,The Smurfs,"Adventure,Animation,Comedy",5.5,77577,Comedy
26,2014-03-07,300: Rise of an Empire,110000000,106580051,330780051,3,220780051,200.70913727272725,Profit,tt1253863,300: Rise of an Empire,"Action,Fantasy,War",6.2,262978,Action
26,2014-03-07,300: Rise of an Empire,110000000,106580051,330780051,3,220780051,200.70913727272725,Profit,tt1253863,300: Rise of an Empire,"Action,Fantasy,War",6.2,262978,Fantasy
26,2014-03-07,300: Rise of an Empire,110000000,106580051,330780051,3,220780051,200.70913727272725,Profit,tt1253863,300: Rise of an Empire,"Action,Fantasy,War",6.2,262978,War
28,2016-12-21,Passengers,110000000,100014699,302239672,12,192239672,174.76333818181817,Profit,tt1355644,Passengers,"Drama,Romance,Sci-Fi",7.0,311083,Drama
28,2016-12-21,Passengers,110000000,100014699,302239672,12,192239672,174.76333818181817,Profit,tt1355644,Passengers,"Drama,Romance,Sci-Fi",7.0,311083,Romance
28,2016-12-21,Passengers,110000000,100014699,302239672,12,192239672,174.76333818181817,Profit,tt1355644,Passengers,"Drama,Romance,Sci-Fi",7.0,311083,Sci-Fi
29,2011-01-14,The Green Hornet,110000000,98780042,229155503,1,119155503,108.32318454545455,Profit,tt0990407,The Green Hornet,"Action,Comedy,Crime",5.8,148622,Action
29,2011-01-14,The Green Hornet,110000000,98780042,229155503,1,119155503,108.32318454545455,Profit,tt0990407,The Green Hornet,"Action,Comedy,Crime",5.8,148622,Comedy
29,2011-01-14,The Green Hornet,110000000,98780042,229155503,1,119155503,108.32318454545455,Profit,tt0990407,The Green Hornet,"Action,Comedy,Crime",5.8,148622,Crime
31,2011-10-07,Real Steel,110000000,85463309,263880341,10,153880341,139.8912190909091,Profit,tt0433035,Real Steel,"Action,Drama,Family",7.1,283534,Action
31,2011-10-07,Real Steel,110000000,85463309,263880341,10,153880341,139.8912190909091,Profit,tt0433035,Real Steel,"Action,Drama,Family",7.1,283534,Drama
31,2011-10-07,Real Steel,110000000,85463309,263880341,10,153880341,139.8912190909091,Profit,tt0433035,Real Steel,"Action,Drama,Family",7.1,283534,Family
32,2010-06-11,The A-Team,110000000,77222099,177241171,6,67241171,61.12833727272727,Profit,tt0429493,The A-Team,"Action,Adventure,Thriller",6.8,235256,Action
32,2010-06-11,The A-Team,110000000,77222099,177241171,6,67241171,61.12833727272727,Profit,tt0429493,The A-Team,"Action,Adventure,Thriller",6.8,235256,Adventure
32,2010-06-11,The A-Team,110000000,77222099,177241171,6,67241171,61.12833727272727,Profit,tt0429493,The A-Team,"Action,Adventure,Thriller",6.8,235256,Thriller
33,2013-07-31,The Smurfs 2,110000000,71017784,348547523,7,238547523,216.86138454545457,Profit,tt2017020,The Smurfs 2,"Adventure,Animation,Comedy",5.4,34229,Adventure
33,2013-07-31,The Smurfs 2,110000000,71017784,348547523,7,238547523,216.86138454545457,Profit,tt2017020,The Smurfs 2,"Adventure,Animation,Comedy",5.4,34229,Animation
33,2013-07-31,The Smurfs 2,110000000,71017784,348547523,7,238547523,216.86138454545457,Profit,tt2017020,The Smurfs 2,"Adventure,Animation,Comedy",5.4,34229,Comedy
36,2013-11-01,Ender's Game,110000000,61737191,127983283,11,17983283,16.348439090909093,Profit,tt1731141,Ender's Game,"Action,Adventure,Fantasy",6.6,211722,Action
36,2013-11-01,Ender's Game,110000000,61737191,127983283,11,17983283,16.348439090909093,Profit,tt1731141,Ender's Game,"Action,Adventure,Fantasy",6.6,211722,Adventure
36,2013-11-01,Ender's Game,110000000,61737191,127983283,11,17983283,16.348439090909093,Profit,tt1731141,Ender's Game,"Action,Adventure,Fantasy",6.6,211722,Fantasy
40,2017-03-31,Ghost in the Shell,110000000,40563557,167910690,3,57910690,52.64608181818182,Profit,tt1219827,Ghost in the Shell,"Action,Drama,Sci-Fi",6.4,176499,Action
40,2017-03-31,Ghost in the Shell,110000000,40563557,167910690,3,57910690,52.64608181818182,Profit,tt1219827,Ghost in the Shell,"Action,Drama,Sci-Fi",6.4,176499,Drama
40,2017-03-31,Ghost in the Shell,110000000,40563557,167910690,3,57910690,52.64608181818182,Profit,tt1219827,Ghost in the Shell,"Action,Drama,Sci-Fi",6.4,176499,Sci-Fi
46,2015-10-02,The Martian,108000000,228433663,655271443,10,547271443,506.7328175925926,Profit,tt3659388,The Martian,"Adventure,Drama,Sci-Fi",8.0,680116,Adventure
46,2015-10-02,The Martian,108000000,228433663,655271443,10,547271443,506.7328175925926,Profit,tt3659388,The Martian,"Adventure,Drama,Sci-Fi",8.0,680116,Drama
46,2015-10-02,The Martian,108000000,228433663,655271443,10,547271443,506.7328175925926,Profit,tt3659388,The Martian,"Adventure,Drama,Sci-Fi",8.0,680116,Sci-Fi
47,2016-11-23,Allied,106000000,40098064,119266661,11,13266661,12.515717924528303,Profit,tt3640424,Allied,"Action,Drama,Romance",7.1,125741,Action
47,2016-11-23,Allied,106000000,40098064,119266661,11,13266661,12.515717924528303,Profit,tt3640424,Allied,"Action,Drama,Romance",7.1,125741,Drama
47,2016-11-23,Allied,106000000,40098064,119266661,11,13266661,12.515717924528303,Profit,tt3640424,Allied,"Action,Drama,Romance",7.1,125741,Romance
52,2016-07-22,Ice Age: Collision Course,105000000,64063008,402156682,7,297156682,283.0063638095238,Profit,tt3416828,Ice Age: Collision Course,"Adventure,Animation,Comedy",5.7,48932,Adventure
52,2016-07-22,Ice Age: Collision Course,105000000,64063008,402156682,7,297156682,283.0063638095238,Profit,tt3416828,Ice Age: Collision Course,"Adventure,Animation,Comedy",5.7,48932,Animation
52,2016-07-22,Ice Age: Collision Course,105000000,64063008,402156682,7,297156682,283.0063638095238,Profit,tt3416828,Ice Age: Collision Course,"Adventure,Animation,Comedy",5.7,48932,Comedy
54,2017-09-22,Kingsman: The Golden Circle,104000000,100234838,408803696,9,304803696,293.0804769230769,Profit,tt4649466,Kingsman: The Golden Circle,"Action,Adventure,Comedy",6.8,230797,Action
54,2017-09-22,Kingsman: The Golden Circle,104000000,100234838,408803696,9,304803696,293.0804769230769,Profit,tt4649466,Kingsman: The Golden Circle,"Action,Adventure,Comedy",6.8,230797,Adventure
54,2017-09-22,Kingsman: The Golden Circle,104000000,100234838,408803696,9,304803696,293.0804769230769,Profit,tt4649466,Kingsman: The Golden Circle,"Action,Adventure,Comedy",6.8,230797,Comedy
58,2018-03-09,A Wrinkle in Time,103000000,100478608,133401882,3,30401882,29.516390291262134,Profit,tt1620680,A Wrinkle in Time,"Adventure,Family,Fantasy",4.2,34888,Adventure
58,2018-03-09,A Wrinkle in Time,103000000,100478608,133401882,3,30401882,29.516390291262134,Profit,tt1620680,A Wrinkle in Time,"Adventure,Family,Fantasy",4.2,34888,Family
58,2018-03-09,A Wrinkle in Time,103000000,100478608,133401882,3,30401882,29.516390291262134,Profit,tt1620680,A Wrinkle in Time,"Adventure,Family,Fantasy",4.2,34888,Fantasy
62,2018-12-21,Bumblebee,102000000,127195589,465195589,12,363195589,356.0741068627451,Profit,tt4701182,Bumblebee,"Action,Adventure,Sci-Fi",6.9,94155,Action
62,2018-12-21,Bumblebee,102000000,127195589,465195589,12,363195589,356.0741068627451,Profit,tt4701182,Bumblebee,"Action,Adventure,Sci-Fi",6.9,94155,Adventure
62,2018-12-21,Bumblebee,102000000,127195589,465195589,12,363195589,356.0741068627451,Profit,tt4701182,Bumblebee,"Action,Adventure,Sci-Fi",6.9,94155,Sci-Fi
63,2012-10-26,Cloud Atlas,102000000,27108272,130673154,10,28673154,28.110935294117645,Profit,tt1371111,Cloud Atlas,"Action,Drama,Mystery",7.4,326473,Action
63,2012-10-26,Cloud Atlas,102000000,27108272,130673154,10,28673154,28.110935294117645,Profit,tt1371111,Cloud Atlas,"Action,Drama,Mystery",7.4,326473,Drama
63,2012-10-26,Cloud Atlas,102000000,27108272,130673154,10,28673154,28.110935294117645,Profit,tt1371111,Cloud Atlas,"Action,Drama,Mystery",7.4,326473,Mystery
69,2012-12-25,Django Unchained,100000000,162805434,449948323,12,349948323,349.948323,Profit,tt1853728,Django Unchained,"Drama,Western",8.4,1211405,Drama
69,2012-12-25,Django Unchained,100000000,162805434,449948323,12,349948323,349.948323,Profit,tt1853728,Django Unchained,"Drama,Western",8.4,1211405,Western
70,2010-12-22,Little Fockers,100000000,148438600,310650574,12,210650574,210.65057399999998,Profit,tt0970866,Little Fockers,"Comedy,Romance",5.5,99222,Comedy
70,2010-12-22,Little Fockers,100000000,148438600,310650574,12,210650574,210.65057399999998,Profit,tt0970866,Little Fockers,"Comedy,Romance",5.5,99222,Romance
74,2010-08-06,The Other Guys,100000000,119219978,170936470,8,70936470,70.93647,Profit,tt1386588,The Other Guys,"Action,Comedy,Crime",6.7,221664,Action
74,2010-08-06,The Other Guys,100000000,119219978,170936470,8,70936470,70.93647,Profit,tt1386588,The Other Guys,"Action,Comedy,Crime",6.7,221664,Comedy
74,2010-08-06,The Other Guys,100000000,119219978,170936470,8,70936470,70.93647,Profit,tt1386588,The Other Guys,"Action,Comedy,Crime",6.7,221664,Crime
76,2013-12-25,The Wolf of Wall Street,100000000,116900694,389870414,12,289870414,289.870414,Profit,tt0993846,The Wolf of Wall Street,"Biography,Crime,Drama",8.2,1035358,Biography
76,2013-12-25,The Wolf of Wall Street,100000000,116900694,389870414,12,289870414,289.870414,Profit,tt0993846,The Wolf of Wall Street,"Biography,Crime,Drama",8.2,1035358,Crime
76,2013-12-25,The Wolf of Wall Street,100000000,116900694,389870414,12,289870414,289.870414,Profit,tt0993846,The Wolf of Wall Street,"Biography,Crime,Drama",8.2,1035358,Drama
77,2013-05-24,Epic,100000000,107518682,262794441,5,162794441,162.794441,Profit,tt0848537,Epic,"Adventure,Animation,Family",6.7,95318,Adventure
77,2013-05-24,Epic,100000000,107518682,262794441,5,162794441,162.794441,Profit,tt0848537,Epic,"Adventure,Animation,Family",6.7,95318,Animation
77,2013-05-24,Epic,100000000,107518682,262794441,5,162794441,162.794441,Profit,tt0848537,Epic,"Adventure,Animation,Family",6.7,95318,Family
81,2012-08-17,The Expendables 2,100000000,85028192,311979256,8,211979256,211.979256,Profit,tt1764651,The Expendables 2,"Action,Adventure,Thriller",6.6,277584,Action
81,2012-08-17,The Expendables 2,100000000,85028192,311979256,8,211979256,211.979256,Profit,tt1764651,The Expendables 2,"Action,Adventure,Thriller",6.6,277584,Adventure
81,2012-08-17,The Expendables 2,100000000,85028192,311979256,8,211979256,211.979256,Profit,tt1764651,The Expendables 2,"Action,Adventure,Thriller",6.6,277584,Thriller
84,2014-07-25,Hercules,100000000,72688614,243388614,7,143388614,143.388614,Profit,tt1267297,Hercules,"Action,Adventure,Fantasy",6.0,137287,Action
84,2014-07-25,Hercules,100000000,72688614,243388614,7,143388614,143.388614,Profit,tt1267297,Hercules,"Action,Adventure,Fantasy",6.0,137287,Adventure
84,2014-07-25,Hercules,100000000,72688614,243388614,7,143388614,143.388614,Profit,tt1267297,Hercules,"Action,Adventure,Fantasy",6.0,137287,Fantasy
85,2010-12-10,The Tourist,100000000,67631157,278731369,12,178731369,178.731369,Profit,tt1243957,The Tourist,"Action,Adventure,Thriller",6.0,206714,Action
85,2010-12-10,The Tourist,100000000,67631157,278731369,12,178731369,178.731369,Profit,tt1243957,The Tourist,"Action,Adventure,Thriller",6.0,206714,Adventure
85,2010-12-10,The Tourist,100000000,67631157,278731369,12,178731369,178.731369,Profit,tt1243957,The Tourist,"Action,Adventure,Thriller",6.0,206714,Thriller
90,2010-09-24,Legend of the Guardians: The Owls of Ga'Hoole,100000000,55675313,139716717,9,39716717,39.716717,Profit,tt1219342,Legend of the Guardians: The Owls of Ga'Hoole,"Action,Adventure,Animation",7.0,73790,Action
90,2010-09-24,Legend of the Guardians: The Owls of Ga'Hoole,100000000,55675313,139716717,9,39716717,39.716717,Profit,tt1219342,Legend of the Guardians: The Owls of Ga'Hoole,"Action,Adventure,Animation",7.0,73790,Adventure
90,2010-09-24,Legend of the Guardians: The Owls of Ga'Hoole,100000000,55675313,139716717,9,39716717,39.716717,Profit,tt1219342,Legend of the Guardians: The Owls of Ga'Hoole,"Action,Adventure,Animation",7.0,73790,Animation
94,2019-03-15,Wonder Park,100000000,45216793,115149422,3,15149422,15.149422000000001,Profit,tt6428676,Wonder Park,"Adventure,Animation,Comedy",5.7,3091,Adventure
94,2019-03-15,Wonder Park,100000000,45216793,115149422,3,15149422,15.149422000000001,Profit,tt6428676,Wonder Park,"Adventure,Animation,Comedy",5.7,3091,Animation
94,2019-03-15,Wonder Park,100000000,45216793,115149422,3,15149422,15.149422000000001,Profit,tt6428676,Wonder Park,"Adventure,Animation,Comedy",5.7,3091,Comedy
96,2014-08-15,The Expendables 3,100000000,39322544,209461378,8,109461378,109.461378,Profit,tt2333784,The Expendables 3,"Action,Adventure,Thriller",6.1,156432,Action
96,2014-08-15,The Expendables 3,100000000,39322544,209461378,8,109461378,109.461378,Profit,tt2333784,The Expendables 3,"Action,Adventure,Thriller",6.1,156432,Adventure
96,2014-08-15,The Expendables 3,100000000,39322544,209461378,8,109461378,109.461378,Profit,tt2333784,The Expendables 3,"Action,Adventure,Thriller",6.1,156432,Thriller
98,2010-03-12,Green Zone,100000000,35497337,97523020,3,-2476980,-2.47698,Loss,tt0947810,Green Zone,"Action,Drama,Thriller",6.8,122132,Action
98,2010-03-12,Green Zone,100000000,35497337,97523020,3,-2476980,-2.47698,Loss,tt0947810,Green Zone,"Action,Drama,Thriller",6.8,122132,Drama
98,2010-03-12,Green Zone,100000000,35497337,97523020,3,-2476980,-2.47698,Loss,tt0947810,Green Zone,"Action,Drama,Thriller",6.8,122132,Thriller
99,2017-10-20,Geostorm,100000000,33700160,220796009,10,120796009,120.796009,Profit,tt1981128,Geostorm,"Action,Sci-Fi,Thriller",5.3,78287,Action
99,2017-10-20,Geostorm,100000000,33700160,220796009,10,120796009,120.796009,Profit,tt1981128,Geostorm,"Action,Sci-Fi,Thriller",5.3,78287,Sci-Fi
99,2017-10-20,Geostorm,100000000,33700160,220796009,10,120796009,120.796009,Profit,tt1981128,Geostorm,"Action,Sci-Fi,Thriller",5.3,78287,Thriller
100,2015-12-25,Point Break,100000000,28782481,126704591,12,26704591,26.704591,Profit,tt2058673,Point Break,"Action,Crime,Sport",5.3,53802,Action
100,2015-12-25,Point Break,100000000,28782481,126704591,12,26704591,26.704591,Profit,tt2058673,Point Break,"Action,Crime,Sport",5.3,53802,Crime
100,2015-12-25,Point Break,100000000,28782481,126704591,12,26704591,26.704591,Profit,tt2058673,Point Break,"Action,Crime,Sport",5.3,53802,Sport
1,2015-12-11,In the Heart of the Sea,100000000,25020758,89693309,12,-10306691,-10.306690999999999,Loss,tt1390411,In the Heart of the Sea,"Action,Adventure,Biography",6.9,108628,Action
1,2015-12-11,In the Heart of the Sea,100000000,25020758,89693309,12,-10306691,-10.306690999999999,Loss,tt1390411,In the Heart of the Sea,"Action,Adventure,Biography",6.9,108628,Adventure
1,2015-12-11,In the Heart of the Sea,100000000,25020758,89693309,12,-10306691,-10.306690999999999,Loss,tt1390411,In the Heart of the Sea,"Action,Adventure,Biography",6.9,108628,Biography
2,2014-04-18,Transcendence,100000000,23022309,103039258,4,3039258,3.039258,Profit,tt2209764,Transcendence,"Action,Drama,Sci-Fi",6.3,204481,Action
2,2014-04-18,Transcendence,100000000,23022309,103039258,4,3039258,3.039258,Profit,tt2209764,Transcendence,"Action,Drama,Sci-Fi",6.3,204481,Drama
2,2014-04-18,Transcendence,100000000,23022309,103039258,4,3039258,3.039258,Profit,tt2209764,Transcendence,"Action,Drama,Sci-Fi",6.3,204481,Sci-Fi
4,2018-12-14,Mortal Engines,100000000,15951040,85287417,12,-14712583,-14.712583000000002,Loss,tt1571234,Mortal Engines,"Action,Adventure,Fantasy",6.1,70193,Action
4,2018-12-14,Mortal Engines,100000000,15951040,85287417,12,-14712583,-14.712583000000002,Loss,tt1571234,Mortal Engines,"Action,Adventure,Fantasy",6.1,70193,Adventure
4,2018-12-14,Mortal Engines,100000000,15951040,85287417,12,-14712583,-14.712583000000002,Loss,tt1571234,Mortal Engines,"Action,Adventure,Fantasy",6.1,70193,Fantasy
7,2015-11-06,The Peanuts Movie,99000000,130178411,250091610,11,151091610,152.61778787878788,Profit,tt2452042,The Peanuts Movie,"Adventure,Animation,Comedy",7.1,39149,Adventure
7,2015-11-06,The Peanuts Movie,99000000,130178411,250091610,11,151091610,152.61778787878788,Profit,tt2452042,The Peanuts Movie,"Adventure,Animation,Comedy",7.1,39149,Animation
7,2015-11-06,The Peanuts Movie,99000000,130178411,250091610,11,151091610,152.61778787878788,Profit,tt2452042,The Peanuts Movie,"Adventure,Animation,Comedy",7.1,39149,Comedy
12,2017-05-19,Alien: Covenant,97000000,74262031,238521247,5,141521247,145.89819278350515,Profit,tt2316204,Alien: Covenant,"Horror,Sci-Fi,Thriller",6.4,226920,Horror
12,2017-05-19,Alien: Covenant,97000000,74262031,238521247,5,141521247,145.89819278350515,Profit,tt2316204,Alien: Covenant,"Horror,Sci-Fi,Thriller",6.4,226920,Sci-Fi
12,2017-05-19,Alien: Covenant,97000000,74262031,238521247,5,141521247,145.89819278350515,Profit,tt2316204,Alien: Covenant,"Horror,Sci-Fi,Thriller",6.4,226920,Thriller
13,2015-03-13,Cinderella,95000000,201151353,534551353,3,439551353,462.68563473684213,Profit,tt1661199,Cinderella,"Drama,Family,Fantasy",6.9,142792,Drama
13,2015-03-13,Cinderella,95000000,201151353,534551353,3,439551353,462.68563473684213,Profit,tt1661199,Cinderella,"Drama,Family,Fantasy",6.9,142792,Family
13,2015-03-13,Cinderella,95000000,201151353,534551353,3,439551353,462.68563473684213,Profit,tt1661199,Cinderella,"Drama,Family,Fantasy",6.9,142792,Fantasy
14,2012-07-13,Ice Age: Continental Drift,95000000,161321843,879765137,7,784765137,826.068565263158,Profit,tt1667889,Ice Age: Continental Drift,"Adventure,Animation,Comedy",6.6,175601,Adventure
14,2012-07-13,Ice Age: Continental Drift,95000000,161321843,879765137,7,784765137,826.068565263158,Profit,tt1667889,Ice Age: Continental Drift,"Adventure,Animation,Comedy",6.6,175601,Animation
14,2012-07-13,Ice Age: Continental Drift,95000000,161321843,879765137,7,784765137,826.068565263158,Profit,tt1667889,Ice Age: Continental Drift,"Adventure,Animation,Comedy",6.6,175601,Comedy
16,2010-05-27,Sex and the City 2,95000000,95347692,294680778,5,199680778,210.19029263157893,Profit,tt1261945,Sex and the City 2,"Comedy,Drama,Romance",4.4,69199,Comedy
16,2010-05-27,Sex and the City 2,95000000,95347692,294680778,5,199680778,210.19029263157893,Profit,tt1261945,Sex and the City 2,"Comedy,Drama,Romance",4.4,69199,Drama
16,2010-05-27,Sex and the City 2,95000000,95347692,294680778,5,199680778,210.19029263157893,Profit,tt1261945,Sex and the City 2,"Comedy,Drama,Romance",4.4,69199,Romance
17,2010-02-12,Percy Jackson & the Olympians: The Lightning Thief,95000000,88768303,223050874,2,128050874,134.79039368421053,Profit,tt0814255,Percy Jackson & the Olympians: The Lightning Thief,"Adventure,Family,Fantasy",5.9,165108,Adventure
17,2010-02-12,Percy Jackson & the Olympians: The Lightning Thief,95000000,88768303,223050874,2,128050874,134.79039368421053,Profit,tt0814255,Percy Jackson & the Olympians: The Lightning Thief,"Adventure,Family,Fantasy",5.9,165108,Family
17,2010-02-12,Percy Jackson & the Olympians: The Lightning Thief,95000000,88768303,223050874,2,128050874,134.79039368421053,Profit,tt0814255,Percy Jackson & the Olympians: The Lightning Thief,"Adventure,Family,Fantasy",5.9,165108,Fantasy
18,2012-08-10,The Campaign,95000000,86907746,104907746,8,9907746,10.429206315789475,Profit,tt1790886,The Campaign,Comedy,6.1,118678,Comedy
19,2010-11-12,Unstoppable,95000000,81562942,165720921,11,70720921,74.4430747368421,Profit,tt0477080,Unstoppable,"Action,Thriller",6.8,173019,Action
19,2010-11-12,Unstoppable,95000000,81562942,165720921,11,70720921,74.4430747368421,Profit,tt0477080,Unstoppable,"Action,Thriller",6.8,173019,Thriller
23,2016-08-19,Ben-Hur,95000000,26410477,91669648,8,-3330352,-3.505633684210526,Loss,tt2638144,Ben-Hur,"Action,Adventure,Drama",5.7,37975,Action
23,2016-08-19,Ben-Hur,95000000,26410477,91669648,8,-3330352,-3.505633684210526,Loss,tt2638144,Ben-Hur,"Action,Adventure,Drama",5.7,37975,Adventure
23,2016-08-19,Ben-Hur,95000000,26410477,91669648,8,-3330352,-3.505633684210526,Loss,tt2638144,Ben-Hur,"Action,Adventure,Drama",5.7,37975,Drama
24,2015-02-06,Seventh Son,95000000,17725785,108874967,2,13874967,14.605228421052633,Profit,tt1121096,Seventh Son,"Action,Adventure,Fantasy",5.5,66565,Action
24,2015-02-06,Seventh Son,95000000,17725785,108874967,2,13874967,14.605228421052633,Profit,tt1121096,Seventh Son,"Action,Adventure,Fantasy",5.5,66565,Adventure
24,2015-02-06,Seventh Son,95000000,17725785,108874967,2,13874967,14.605228421052633,Profit,tt1121096,Seventh Son,"Action,Adventure,Fantasy",5.5,66565,Fantasy
29,2015-02-13,Kingsman: The Secret Service,94000000,128261724,404561724,2,310561724,330.38481276595746,Profit,tt2802144,Kingsman: The Secret Service,"Action,Adventure,Comedy",7.7,544510,Action
29,2015-02-13,Kingsman: The Secret Service,94000000,128261724,404561724,2,310561724,330.38481276595746,Profit,tt2802144,Kingsman: The Secret Service,"Action,Adventure,Comedy",7.7,544510,Adventure
29,2015-02-13,Kingsman: The Secret Service,94000000,128261724,404561724,2,310561724,330.38481276595746,Profit,tt2802144,Kingsman: The Secret Service,"Action,Adventure,Comedy",7.7,544510,Comedy
31,2011-08-05,Rise of the Planet of the Apes,93000000,176760185,470986200,8,377986200,406.43677419354833,Profit,tt1318514,Rise of the Planet of the Apes,"Action,Drama,Sci-Fi",7.6,473020,Action
31,2011-08-05,Rise of the Planet of the Apes,93000000,176760185,470986200,8,377986200,406.43677419354833,Profit,tt1318514,Rise of the Planet of the Apes,"Action,Drama,Sci-Fi",7.6,473020,Drama
31,2011-08-05,Rise of the Planet of the Apes,93000000,176760185,470986200,8,377986200,406.43677419354833,Profit,tt1318514,Rise of the Planet of the Apes,"Action,Drama,Sci-Fi",7.6,473020,Sci-Fi
34,2013-02-14,A Good Day to Die Hard,92000000,67349198,304249198,2,212249198,230.70565,Profit,tt1606378,A Good Day to Die Hard,"Action,Thriller",5.3,188383,Action
34,2013-02-14,A Good Day to Die Hard,92000000,67349198,304249198,2,212249198,230.70565,Profit,tt1606378,A Good Day to Die Hard,"Action,Thriller",5.3,188383,Thriller
37,2013-12-25,The Secret Life of Walter Mitty,91000000,58236838,187861183,12,96861183,106.44086043956045,Profit,tt0359950,The Secret Life of Walter Mitty,"Adventure,Comedy,Drama",7.3,275300,Adventure
37,2013-12-25,The Secret Life of Walter Mitty,91000000,58236838,187861183,12,96861183,106.44086043956045,Profit,tt0359950,The Secret Life of Walter Mitty,"Adventure,Comedy,Drama",7.3,275300,Comedy
37,2013-12-25,The Secret Life of Walter Mitty,91000000,58236838,187861183,12,96861183,106.44086043956045,Profit,tt0359950,The Secret Life of Walter Mitty,"Adventure,Comedy,Drama",7.3,275300,Drama
38,2017-12-20,Jumanji: Welcome to the Jungle,90000000,404508916,964496193,12,874496193,971.6624366666666,Profit,tt2283362,Jumanji: Welcome to the Jungle,"Action,Adventure,Comedy",7.0,242735,Action
38,2017-12-20,Jumanji: Welcome to the Jungle,90000000,404508916,964496193,12,874496193,971.6624366666666,Profit,tt2283362,Jumanji: Welcome to the Jungle,"Action,Adventure,Comedy",7.0,242735,Adventure
38,2017-12-20,Jumanji: Welcome to the Jungle,90000000,404508916,964496193,12,874496193,971.6624366666666,Profit,tt2283362,Jumanji: Welcome to the Jungle,"Action,Adventure,Comedy",7.0,242735,Comedy
46,2011-04-15,Rio,90000000,143619809,487519809,4,397519809,441.6886766666667,Profit,tt1436562,Rio,"Adventure,Animation,Comedy",6.9,191621,Adventure
46,2011-04-15,Rio,90000000,143619809,487519809,4,397519809,441.6886766666667,Profit,tt1436562,Rio,"Adventure,Animation,Comedy",6.9,191621,Animation
46,2011-04-15,Rio,90000000,143619809,487519809,4,397519809,441.6886766666667,Profit,tt1436562,Rio,"Adventure,Animation,Comedy",6.9,191621,Comedy
51,2011-12-20,The Girl with the Dragon Tattoo,90000000,102515793,239373970,12,149373970,165.97107777777777,Profit,tt1568346,The Girl with the Dragon Tattoo,"Crime,Drama,Mystery",7.8,387580,Crime
51,2011-12-20,The Girl with the Dragon Tattoo,90000000,102515793,239373970,12,149373970,165.97107777777777,Profit,tt1568346,The Girl with the Dragon Tattoo,"Crime,Drama,Mystery",7.8,387580,Drama
51,2011-12-20,The Girl with the Dragon Tattoo,90000000,102515793,239373970,12,149373970,165.97107777777777,Profit,tt1568346,The Girl with the Dragon Tattoo,"Crime,Drama,Mystery",7.8,387580,Mystery
55,2016-09-23,The Magnificent Seven,90000000,93432655,162525156,9,72525156,80.58350666666666,Profit,tt2404435,The Magnificent Seven,"Action,Adventure,Western",6.9,168514,Action
55,2016-09-23,The Magnificent Seven,90000000,93432655,162525156,9,72525156,80.58350666666666,Profit,tt2404435,The Magnificent Seven,"Action,Adventure,Western",6.9,168514,Adventure
55,2016-09-23,The Magnificent Seven,90000000,93432655,162525156,9,72525156,80.58350666666666,Profit,tt2404435,The Magnificent Seven,"Action,Adventure,Western",6.9,168514,Western
56,2015-12-18,Alvin and the Chipmunks: The Road Chip,90000000,85886987,249517956,12,159517956,177.24217333333334,Profit,tt2974918,Alvin and the Chipmunks: The Road Chip,"Adventure,Animation,Comedy",5.1,14507,Adventure
56,2015-12-18,Alvin and the Chipmunks: The Road Chip,90000000,85886987,249517956,12,159517956,177.24217333333334,Profit,tt2974918,Alvin and the Chipmunks: The Road Chip,"Adventure,Animation,Comedy",5.1,14507,Animation
56,2015-12-18,Alvin and the Chipmunks: The Road Chip,90000000,85886987,249517956,12,159517956,177.24217333333334,Profit,tt2974918,Alvin and the Chipmunks: The Road Chip,"Adventure,Animation,Comedy",5.1,14507,Comedy
59,2015-07-24,Pixels,90000000,78765986,244041804,7,154041804,171.15756,Profit,tt2120120,Pixels,"Action,Comedy,Sci-Fi",5.6,119789,Action
59,2015-07-24,Pixels,90000000,78765986,244041804,7,154041804,171.15756,Profit,tt2120120,Pixels,"Action,Comedy,Sci-Fi",5.6,119789,Comedy
59,2015-07-24,Pixels,90000000,78765986,244041804,7,154041804,171.15756,Profit,tt2120120,Pixels,"Action,Comedy,Sci-Fi",5.6,119789,Sci-Fi
64,2013-08-07,Percy Jackson: Sea of Monsters,90000000,68559554,200859554,8,110859554,123.17728222222222,Profit,tt1854564,Percy Jackson: Sea of Monsters,"Adventure,Family,Fantasy",5.8,102313,Adventure
64,2013-08-07,Percy Jackson: Sea of Monsters,90000000,68559554,200859554,8,110859554,123.17728222222222,Profit,tt1854564,Percy Jackson: Sea of Monsters,"Adventure,Family,Fantasy",5.8,102313,Family
64,2013-08-07,Percy Jackson: Sea of Monsters,90000000,68559554,200859554,8,110859554,123.17728222222222,Profit,tt1854564,Percy Jackson: Sea of Monsters,"Adventure,Family,Fantasy",5.8,102313,Fantasy
66,2016-06-10,Now You See Me 2,90000000,65075540,328325007,6,238325007,264.80556333333334,Profit,tt3110958,Now You See Me 2,"Action,Adventure,Comedy",6.5,216219,Action
66,2016-06-10,Now You See Me 2,90000000,65075540,328325007,6,238325007,264.80556333333334,Profit,tt3110958,Now You See Me 2,"Action,Adventure,Comedy",6.5,216219,Adventure
66,2016-06-10,Now You See Me 2,90000000,65075540,328325007,6,238325007,264.80556333333334,Profit,tt3110958,Now You See Me 2,"Action,Adventure,Comedy",6.5,216219,Comedy
70,2018-03-16,Tomb Raider,90000000,58250803,273477501,3,183477501,203.86389,Profit,tt1365519,Tomb Raider,"Action,Adventure,Fantasy",6.3,163560,Action
70,2018-03-16,Tomb Raider,90000000,58250803,273477501,3,183477501,203.86389,Profit,tt1365519,Tomb Raider,"Action,Adventure,Fantasy",6.3,163560,Adventure
70,2018-03-16,Tomb Raider,90000000,58250803,273477501,3,183477501,203.86389,Profit,tt1365519,Tomb Raider,"Action,Adventure,Fantasy",6.3,163560,Fantasy
76,2011-08-19,Conan the Barbarian,90000000,21295021,63356133,8,-26643867,-29.60429666666667,Loss,tt0816462,Conan the Barbarian,"Action,Adventure,Fantasy",5.2,90834,Action
76,2011-08-19,Conan the Barbarian,90000000,21295021,63356133,8,-26643867,-29.60429666666667,Loss,tt0816462,Conan the Barbarian,"Action,Adventure,Fantasy",5.2,90834,Adventure
76,2011-08-19,Conan the Barbarian,90000000,21295021,63356133,8,-26643867,-29.60429666666667,Loss,tt0816462,Conan the Barbarian,"Action,Adventure,Fantasy",5.2,90834,Fantasy
77,2011-10-21,The Three Musketeers,90000000,20377913,139877913,10,49877913,55.41990333333333,Profit,tt1509767,The Three Musketeers,"Action,Adventure,Romance",5.8,98408,Action
77,2011-10-21,The Three Musketeers,90000000,20377913,139877913,10,49877913,55.41990333333333,Profit,tt1509767,The Three Musketeers,"Action,Adventure,Romance",5.8,98408,Adventure
77,2011-10-21,The Three Musketeers,90000000,20377913,139877913,10,49877913,55.41990333333333,Profit,tt1509767,The Three Musketeers,"Action,Adventure,Romance",5.8,98408,Romance
78,2017-04-21,The Promise,90000000,8224288,10551417,4,-79448583,-88.27620333333334,Loss,tt4776998,The Promise,"Drama,History",6.1,164555,Drama
78,2017-04-21,The Promise,90000000,8224288,10551417,4,-79448583,-88.27620333333334,Loss,tt4776998,The Promise,"Drama,History",6.1,164555,History
79,2010-11-24,The Nutcracker in 3D,90000000,195459,20466016,11,-69533984,-77.25998222222222,Loss,tt1041804,The Nutcracker in 3D,"Action,Family,Fantasy",4.3,3119,Action
79,2010-11-24,The Nutcracker in 3D,90000000,195459,20466016,11,-69533984,-77.25998222222222,Loss,tt1041804,The Nutcracker in 3D,"Action,Family,Fantasy",4.3,3119,Family
79,2010-11-24,The Nutcracker in 3D,90000000,195459,20466016,11,-69533984,-77.25998222222222,Loss,tt1041804,The Nutcracker in 3D,"Action,Family,Fantasy",4.3,3119,Fantasy
80,2017-12-13,Bright,90000000,0,0,12,-90000000,-100.0,Loss,tt5519340,Bright,"Action,Crime,Fantasy",6.4,147834,Action
80,2017-12-13,Bright,90000000,0,0,12,-90000000,-100.0,Loss,tt5519340,Bright,"Action,Crime,Fantasy",6.4,147834,Crime
80,2017-12-13,Bright,90000000,0,0,12,-90000000,-100.0,Loss,tt5519340,Bright,"Action,Crime,Fantasy",6.4,147834,Fantasy
84,2018-09-14,The Predator,88000000,51024708,159487563,9,71487563,81.23586704545454,Profit,tt3829266,The Predator,"Action,Adventure,Sci-Fi",5.4,94888,Action
84,2018-09-14,The Predator,88000000,51024708,159487563,9,71487563,81.23586704545454,Profit,tt3829266,The Predator,"Action,Adventure,Sci-Fi",5.4,94888,Adventure
84,2018-09-14,The Predator,88000000,51024708,159487563,9,71487563,81.23586704545454,Profit,tt3829266,The Predator,"Action,Adventure,Sci-Fi",5.4,94888,Sci-Fi
95,2014-03-21,Divergent,85000000,150947895,276014965,3,191014965,224.7234882352941,Profit,tt1840309,Divergent,"Action,Adventure,Mystery",6.7,399703,Action
95,2014-03-21,Divergent,85000000,150947895,276014965,3,191014965,224.7234882352941,Profit,tt1840309,Divergent,"Action,Adventure,Mystery",6.7,399703,Adventure
95,2014-03-21,Divergent,85000000,150947895,276014965,3,191014965,224.7234882352941,Profit,tt1840309,Divergent,"Action,Adventure,Mystery",6.7,399703,Mystery
96,2012-09-28,Hotel Transylvania,85000000,148313048,378505812,9,293505812,345.30095529411767,Profit,tt0837562,Hotel Transylvania,"Animation,Comedy,Family",7.1,204571,Animation
96,2012-09-28,Hotel Transylvania,85000000,148313048,378505812,9,293505812,345.30095529411767,Profit,tt0837562,Hotel Transylvania,"Animation,Comedy,Family",7.1,204571,Comedy
96,2012-09-28,Hotel Transylvania,85000000,148313048,378505812,9,293505812,345.30095529411767,Profit,tt0837562,Hotel Transylvania,"Animation,Comedy,Family",7.1,204571,Family
97,2019-04-05,Shazam!,85000000,139606856,362899733,4,277899733,326.9408623529412,Profit,tt0448115,Shazam!,"Action,Adventure,Comedy",7.4,109051,Action
97,2019-04-05,Shazam!,85000000,139606856,362899733,4,277899733,326.9408623529412,Profit,tt0448115,Shazam!,"Action,Adventure,Comedy",7.4,109051,Adventure
97,2019-04-05,Shazam!,85000000,139606856,362899733,4,277899733,326.9408623529412,Profit,tt0448115,Shazam!,"Action,Adventure,Comedy",7.4,109051,Comedy
99,2012-02-10,Safe House,85000000,126181630,208542162,2,123542162,145.34372,Profit,tt1599348,Safe House,"Action,Adventure,Crime",6.8,192655,Action
99,2012-02-10,Safe House,85000000,126181630,208542162,2,123542162,145.34372,Profit,tt1599348,Safe House,"Action,Adventure,Crime",6.8,192655,Adventure
99,2012-02-10,Safe House,85000000,126181630,208542162,2,123542162,145.34372,Profit,tt1599348,Safe House,"Action,Adventure,Crime",6.8,192655,Crime
5,2011-11-04,Tower Heist,85000000,78046570,150422946,11,65422946,76.96817176470589,Profit,tt0471042,Tower Heist,"Action,Comedy,Crime",6.2,125102,Action
5,2011-11-04,Tower Heist,85000000,78046570,150422946,11,65422946,76.96817176470589,Profit,tt0471042,Tower Heist,"Action,Comedy,Crime",6.2,125102,Comedy
5,2011-11-04,Tower Heist,85000000,78046570,150422946,11,65422946,76.96817176470589,Profit,tt0471042,Tower Heist,"Action,Comedy,Crime",6.2,125102,Crime
7,2012-03-30,Mirror Mirror,85000000,64935167,173613482,3,88613482,104.25115529411764,Profit,tt1667353,Mirror Mirror,"Adventure,Comedy,Drama",5.6,79510,Adventure
7,2012-03-30,Mirror Mirror,85000000,64935167,173613482,3,88613482,104.25115529411764,Profit,tt1667353,Mirror Mirror,"Adventure,Comedy,Drama",5.6,79510,Comedy
7,2012-03-30,Mirror Mirror,85000000,64935167,173613482,3,88613482,104.25115529411764,Profit,tt1667353,Mirror Mirror,"Adventure,Comedy,Drama",5.6,79510,Drama
14,2011-11-23,Arthur Christmas,85000000,46462469,149717124,11,64717124,76.13779294117647,Profit,tt1430607,Arthur Christmas,"Adventure,Animation,Comedy",7.1,45439,Adventure
14,2011-11-23,Arthur Christmas,85000000,46462469,149717124,11,64717124,76.13779294117647,Profit,tt1430607,Arthur Christmas,"Adventure,Animation,Comedy",7.1,45439,Animation
14,2011-11-23,Arthur Christmas,85000000,46462469,149717124,11,64717124,76.13779294117647,Profit,tt1430607,Arthur Christmas,"Adventure,Animation,Comedy",7.1,45439,Comedy
15,2017-01-20,xXx: Return of Xander Cage,85000000,44898413,345033359,1,260033359,305.9215988235294,Profit,tt1293847,xXx: Return of Xander Cage,"Action,Adventure,Thriller",5.2,77976,Action
15,2017-01-20,xXx: Return of Xander Cage,85000000,44898413,345033359,1,260033359,305.9215988235294,Profit,tt1293847,xXx: Return of Xander Cage,"Action,Adventure,Thriller",5.2,77976,Adventure
15,2017-01-20,xXx: Return of Xander Cage,85000000,44898413,345033359,1,260033359,305.9215988235294,Profit,tt1293847,xXx: Return of Xander Cage,"Action,Adventure,Thriller",5.2,77976,Thriller
17,2010-07-30,Cats & Dogs: The Revenge of Kitty Galore,85000000,43585753,113026383,7,28026383,32.972215294117646,Profit,tt1287468,Cats & Dogs: The Revenge of Kitty Galore,"Action,Comedy,Family",4.3,12642,Action
17,2010-07-30,Cats & Dogs: The Revenge of Kitty Galore,85000000,43585753,113026383,7,28026383,32.972215294117646,Profit,tt1287468,Cats & Dogs: The Revenge of Kitty Galore,"Action,Comedy,Family",4.3,12642,Comedy
17,2010-07-30,Cats & Dogs: The Revenge of Kitty Galore,85000000,43585753,113026383,7,28026383,32.972215294117646,Profit,tt1287468,Cats & Dogs: The Revenge of Kitty Galore,"Action,Comedy,Family",4.3,12642,Family
25,2017-12-20,The Greatest Showman,84000000,174340174,386665550,12,302665550,360.31613095238095,Profit,tt1485796,The Greatest Showman,"Biography,Drama,Musical",7.6,199663,Biography
25,2017-12-20,The Greatest Showman,84000000,174340174,386665550,12,302665550,360.31613095238095,Profit,tt1485796,The Greatest Showman,"Biography,Drama,Musical",7.6,199663,Drama
25,2017-12-20,The Greatest Showman,84000000,174340174,386665550,12,302665550,360.31613095238095,Profit,tt1485796,The Greatest Showman,"Biography,Drama,Musical",7.6,199663,Musical
28,2013-07-19,RED 2,84000000,53262560,141507355,7,57507355,68.46113690476191,Profit,tt1821694,RED 2,"Action,Comedy,Crime",6.6,148846,Action
28,2013-07-19,RED 2,84000000,53262560,141507355,7,57507355,68.46113690476191,Profit,tt1821694,RED 2,"Action,Comedy,Crime",6.6,148846,Comedy
28,2013-07-19,RED 2,84000000,53262560,141507355,7,57507355,68.46113690476191,Profit,tt1821694,RED 2,"Action,Comedy,Crime",6.6,148846,Crime
34,2010-08-13,The Expendables,82000000,103068524,268268174,8,186268174,227.15630975609758,Profit,tt1320253,The Expendables,"Action,Adventure,Thriller",6.5,307897,Action
34,2010-08-13,The Expendables,82000000,103068524,268268174,8,186268174,227.15630975609758,Profit,tt1320253,The Expendables,"Action,Adventure,Thriller",6.5,307897,Adventure
34,2010-08-13,The Expendables,82000000,103068524,268268174,8,186268174,227.15630975609758,Profit,tt1320253,The Expendables,"Action,Adventure,Thriller",6.5,307897,Thriller
38,2012-03-23,The Hunger Games,80000000,408010692,677923379,3,597923379,747.40422375,Profit,tt1392170,The Hunger Games,"Action,Adventure,Sci-Fi",7.2,795227,Action
38,2012-03-23,The Hunger Games,80000000,408010692,677923379,3,597923379,747.40422375,Profit,tt1392170,The Hunger Games,"Action,Adventure,Sci-Fi",7.2,795227,Adventure
38,2012-03-23,The Hunger Games,80000000,408010692,677923379,3,597923379,747.40422375,Profit,tt1392170,The Hunger Games,"Action,Adventure,Sci-Fi",7.2,795227,Sci-Fi
39,2011-05-26,The Hangover Part II,80000000,254464305,586464305,5,506464305,633.08038125,Profit,tt1411697,The Hangover Part II,"Comedy,Mystery",6.5,432800,Comedy
39,2011-05-26,The Hangover Part II,80000000,254464305,586464305,5,506464305,633.08038125,Profit,tt1411697,The Hangover Part II,"Comedy,Mystery",6.5,432800,Mystery
41,2017-02-10,The Lego Batman Movie,80000000,175750384,310660018,2,230660018,288.3250225,Profit,tt4116284,The Lego Batman Movie,"Action,Animation,Comedy",7.3,116433,Action
41,2017-02-10,The Lego Batman Movie,80000000,175750384,310660018,2,230660018,288.3250225,Profit,tt4116284,The Lego Batman Movie,"Action,Animation,Comedy",7.3,116433,Animation
41,2017-02-10,The Lego Batman Movie,80000000,175750384,310660018,2,230660018,288.3250225,Profit,tt4116284,The Lego Batman Movie,"Action,Animation,Comedy",7.3,116433,Comedy
42,2015-09-25,Hotel Transylvania 2,80000000,169700110,469500298,9,389500298,486.8753725,Profit,tt2510894,Hotel Transylvania 2,"Animation,Comedy,Family",6.7,92905,Animation
42,2015-09-25,Hotel Transylvania 2,80000000,169700110,469500298,9,389500298,486.8753725,Profit,tt2510894,Hotel Transylvania 2,"Animation,Comedy,Family",6.7,92905,Comedy
42,2015-09-25,Hotel Transylvania 2,80000000,169700110,469500298,9,389500298,486.8753725,Profit,tt2510894,Hotel Transylvania 2,"Animation,Comedy,Family",6.7,92905,Family
48,2013-07-12,Grown Ups 2,80000000,133668525,247023808,7,167023808,208.77976,Profit,tt2191701,Grown Ups 2,Comedy,5.4,128500,Comedy
49,2011-12-16,Alvin and the Chipmunks: Chipwrecked,80000000,133107389,349088523,12,269088523,336.36065375,Profit,tt1615918,Alvin and the Chipmunks: Chipwrecked,"Adventure,Animation,Comedy",4.4,28158,Adventure
49,2011-12-16,Alvin and the Chipmunks: Chipwrecked,80000000,133107389,349088523,12,269088523,336.36065375,Profit,tt1615918,Alvin and the Chipmunks: Chipwrecked,"Adventure,Animation,Comedy",4.4,28158,Animation
49,2011-12-16,Alvin and the Chipmunks: Chipwrecked,80000000,133107389,349088523,12,269088523,336.36065375,Profit,tt1615918,Alvin and the Chipmunks: Chipwrecked,"Adventure,Animation,Comedy",4.4,28158,Comedy
52,2010-02-19,Shutter Island,80000000,128012934,299461782,2,219461782,274.3272275,Profit,tt1130884,Shutter Island,"Mystery,Thriller",8.1,1005960,Mystery
52,2010-02-19,Shutter Island,80000000,128012934,299461782,2,219461782,274.3272275,Profit,tt1130884,Shutter Island,"Mystery,Thriller",8.1,1005960,Thriller
62,2010-12-17,Yogi Bear,80000000,100246011,204774690,12,124774690,155.96836249999998,Profit,tt1302067,Yogi Bear,"Adventure,Animation,Comedy",4.6,18934,Adventure
62,2010-12-17,Yogi Bear,80000000,100246011,204774690,12,124774690,155.96836249999998,Profit,tt1302067,Yogi Bear,"Adventure,Animation,Comedy",4.6,18934,Animation
62,2010-12-17,Yogi Bear,80000000,100246011,204774690,12,124774690,155.96836249999998,Profit,tt1302067,Yogi Bear,"Adventure,Animation,Comedy",4.6,18934,Comedy
64,2010-01-15,The Book of Eli,80000000,94835059,158750817,1,78750817,98.43852125,Profit,tt1037705,The Book of Eli,"Action,Adventure,Drama",6.9,271307,Action
64,2010-01-15,The Book of Eli,80000000,94835059,158750817,1,78750817,98.43852125,Profit,tt1037705,The Book of Eli,"Action,Adventure,Drama",6.9,271307,Adventure
64,2010-01-15,The Book of Eli,80000000,94835059,158750817,1,78750817,98.43852125,Profit,tt1037705,The Book of Eli,"Action,Adventure,Drama",6.9,271307,Drama
68,2014-10-17,Fury,80000000,85817906,210315681,10,130315681,162.89460125,Profit,tt2713180,Fury,"Action,Drama,War",7.6,381993,Action
68,2014-10-17,Fury,80000000,85817906,210315681,10,130315681,162.89460125,Profit,tt2713180,Fury,"Action,Drama,War",7.6,381993,Drama
68,2014-10-17,Fury,80000000,85817906,210315681,10,130315681,162.89460125,Profit,tt2713180,Fury,"Action,Drama,War",7.6,381993,War
69,2018-09-28,Smallfoot,80000000,83240103,213691277,9,133691277,167.11409625,Profit,tt6182908,Smallfoot,"Adventure,Animation,Comedy",6.7,23295,Adventure
69,2018-09-28,Smallfoot,80000000,83240103,213691277,9,133691277,167.11409625,Profit,tt6182908,Smallfoot,"Adventure,Animation,Comedy",6.7,23295,Animation
69,2018-09-28,Smallfoot,80000000,83240103,213691277,9,133691277,167.11409625,Profit,tt6182908,Smallfoot,"Adventure,Animation,Comedy",6.7,23295,Comedy
71,2011-07-08,Zookeeper,80000000,80360866,170805525,7,90805525,113.50690625,Profit,tt1222817,Zookeeper,"Comedy,Family,Romance",5.2,52396,Comedy
71,2011-07-08,Zookeeper,80000000,80360866,170805525,7,90805525,113.50690625,Profit,tt1222817,Zookeeper,"Comedy,Family,Romance",5.2,52396,Family
71,2011-07-08,Zookeeper,80000000,80360866,170805525,7,90805525,113.50690625,Profit,tt1222817,Zookeeper,"Comedy,Family,Romance",5.2,52396,Romance
81,2019-06-07,The Secret Life of Pets 2,80000000,63795655,113351496,6,33351496,41.68937,Profit,tt5113040,The Secret Life of Pets 2,"Adventure,Animation,Comedy",6.6,3467,Adventure
81,2019-06-07,The Secret Life of Pets 2,80000000,63795655,113351496,6,33351496,41.68937,Profit,tt5113040,The Secret Life of Pets 2,"Adventure,Animation,Comedy",6.6,3467,Animation
81,2019-06-07,The Secret Life of Pets 2,80000000,63795655,113351496,6,33351496,41.68937,Profit,tt5113040,The Secret Life of Pets 2,"Adventure,Animation,Comedy",6.6,3467,Comedy
96,2015-10-23,The Last Witch Hunter,80000000,27367660,130818912,10,50818912,63.52364,Profit,tt1618442,The Last Witch Hunter,"Action,Adventure,Fantasy",6.0,86118,Action
96,2015-10-23,The Last Witch Hunter,80000000,27367660,130818912,10,50818912,63.52364,Profit,tt1618442,The Last Witch Hunter,"Action,Adventure,Fantasy",6.0,86118,Adventure
96,2015-10-23,The Last Witch Hunter,80000000,27367660,130818912,10,50818912,63.52364,Profit,tt1618442,The Last Witch Hunter,"Action,Adventure,Fantasy",6.0,86118,Fantasy
97,2014-02-21,Pompeii,80000000,23169033,108469033,2,28469033,35.58629125,Profit,tt1921064,Pompeii,"Action,Adventure,Drama",5.5,100467,Action
97,2014-02-21,Pompeii,80000000,23169033,108469033,2,28469033,35.58629125,Profit,tt1921064,Pompeii,"Action,Adventure,Drama",5.5,100467,Adventure
97,2014-02-21,Pompeii,80000000,23169033,108469033,2,28469033,35.58629125,Profit,tt1921064,Pompeii,"Action,Adventure,Drama",5.5,100467,Drama
10,2012-02-10,Journey 2: The Mysterious Island,79000000,103860290,318146162,2,239146162,302.71666075949366,Profit,tt1397514,Journey 2: The Mysterious Island,"Action,Adventure,Comedy",5.8,83507,Action
10,2012-02-10,Journey 2: The Mysterious Island,79000000,103860290,318146162,2,239146162,302.71666075949366,Profit,tt1397514,Journey 2: The Mysterious Island,"Action,Adventure,Comedy",5.8,83507,Adventure
10,2012-02-10,Journey 2: The Mysterious Island,79000000,103860290,318146162,2,239146162,302.71666075949366,Profit,tt1397514,Journey 2: The Mysterious Island,"Action,Adventure,Comedy",5.8,83507,Comedy
11,2011-11-11,Jack and Jill,79000000,74158157,150519217,11,71519217,90.53065443037974,Profit,tt0810913,Jack and Jill,Comedy,3.3,71361,Comedy
13,2013-09-27,Cloudy with a Chance of Meatballs 2,78000000,119793567,274392649,9,196392649,251.78544743589742,Profit,tt1985966,Cloudy with a Chance of Meatballs 2,"Adventure,Animation,Comedy",6.4,81010,Adventure
13,2013-09-27,Cloudy with a Chance of Meatballs 2,78000000,119793567,274392649,9,196392649,251.78544743589742,Profit,tt1985966,Cloudy with a Chance of Meatballs 2,"Adventure,Animation,Comedy",6.4,81010,Animation
13,2013-09-27,Cloudy with a Chance of Meatballs 2,78000000,119793567,274392649,9,196392649,251.78544743589742,Profit,tt1985966,Cloudy with a Chance of Meatballs 2,"Adventure,Animation,Comedy",6.4,81010,Comedy
19,2016-02-12,The Little Prince,77500000,1311213,102028919,2,24528919,31.650218064516128,Profit,tt1754656,The Little Prince,"Adventure,Animation,Drama",7.7,50015,Adventure
19,2016-02-12,The Little Prince,77500000,1311213,102028919,2,24528919,31.650218064516128,Profit,tt1754656,The Little Prince,"Adventure,Animation,Drama",7.7,50015,Animation
19,2016-02-12,The Little Prince,77500000,1311213,102028919,2,24528919,31.650218064516128,Profit,tt1754656,The Little Prince,"Adventure,Animation,Drama",7.7,50015,Drama
21,2018-07-20,The Equalizer 2,77000000,102084362,190453132,7,113453132,147.34172987012988,Profit,tt3766354,The Equalizer 2,"Action,Crime,Thriller",6.7,97963,Action
21,2018-07-20,The Equalizer 2,77000000,102084362,190453132,7,113453132,147.34172987012988,Profit,tt3766354,The Equalizer 2,"Action,Crime,Thriller",6.7,97963,Crime
21,2018-07-20,The Equalizer 2,77000000,102084362,190453132,7,113453132,147.34172987012988,Profit,tt3766354,The Equalizer 2,"Action,Crime,Thriller",6.7,97963,Thriller
22,2013-07-03,Despicable Me 2,76000000,368065385,975216835,7,899216835,1183.1800460526315,Profit,tt1690953,Despicable Me 2,"Adventure,Animation,Comedy",7.4,344230,Adventure
22,2013-07-03,Despicable Me 2,76000000,368065385,975216835,7,899216835,1183.1800460526315,Profit,tt1690953,Despicable Me 2,"Adventure,Animation,Comedy",7.4,344230,Animation
22,2013-07-03,Despicable Me 2,76000000,368065385,975216835,7,899216835,1183.1800460526315,Profit,tt1690953,Despicable Me 2,"Adventure,Animation,Comedy",7.4,344230,Comedy
26,2016-07-08,The Secret Life of Pets,75000000,368384330,886750534,7,811750534,1082.3340453333333,Profit,tt2709768,The Secret Life of Pets,"Adventure,Animation,Comedy",6.5,161997,Adventure
26,2016-07-08,The Secret Life of Pets,75000000,368384330,886750534,7,811750534,1082.3340453333333,Profit,tt2709768,The Secret Life of Pets,"Adventure,Animation,Comedy",6.5,161997,Animation
26,2016-07-08,The Secret Life of Pets,75000000,368384330,886750534,7,811750534,1082.3340453333333,Profit,tt2709768,The Secret Life of Pets,"Adventure,Animation,Comedy",6.5,161997,Comedy
29,2016-12-21,Sing,75000000,270329045,634454789,12,559454789,745.9397186666667,Profit,tt3470600,Sing,"Animation,Comedy,Family",7.1,115951,Animation
29,2016-12-21,Sing,75000000,270329045,634454789,12,559454789,745.9397186666667,Profit,tt3470600,Sing,"Animation,Comedy,Family",7.1,115951,Comedy
29,2016-12-21,Sing,75000000,270329045,634454789,12,559454789,745.9397186666667,Profit,tt3470600,Sing,"Animation,Comedy,Family",7.1,115951,Family
30,2017-06-30,Despicable Me 3,75000000,264624300,1034727750,6,959727750,1279.637,Profit,tt3469046,Despicable Me 3,"Adventure,Animation,Comedy",6.3,92580,Adventure
30,2017-06-30,Despicable Me 3,75000000,264624300,1034727750,6,959727750,1279.637,Profit,tt3469046,Despicable Me 3,"Adventure,Animation,Comedy",6.3,92580,Animation
30,2017-06-30,Despicable Me 3,75000000,264624300,1034727750,6,959727750,1279.637,Profit,tt3469046,Despicable Me 3,"Adventure,Animation,Comedy",6.3,92580,Comedy
34,2010-06-25,Grown Ups,75000000,162001186,272223430,6,197223430,262.9645733333333,Profit,tt1375670,Grown Ups,Comedy,6.0,210377,Comedy
41,2013-05-31,Now You See Me,75000000,117723989,342769200,5,267769200,357.0256,Profit,tt1670345,Now You See Me,"Crime,Mystery,Thriller",7.3,553156,Crime
41,2013-05-31,Now You See Me,75000000,117723989,342769200,5,267769200,357.0256,Profit,tt1670345,Now You See Me,"Crime,Mystery,Thriller",7.3,553156,Mystery
41,2013-05-31,Now You See Me,75000000,117723989,342769200,5,267769200,357.0256,Profit,tt1670345,Now You See Me,"Crime,Mystery,Thriller",7.3,553156,Thriller
43,2018-08-03,Christopher Robin,75000000,99215042,197504758,8,122504758,163.33967733333336,Profit,tt4575576,Christopher Robin,"Adventure,Animation,Comedy",7.3,52737,Adventure
43,2018-08-03,Christopher Robin,75000000,99215042,197504758,8,122504758,163.33967733333336,Profit,tt4575576,Christopher Robin,"Adventure,Animation,Comedy",7.3,52737,Animation
43,2018-08-03,Christopher Robin,75000000,99215042,197504758,8,122504758,163.33967733333336,Profit,tt4575576,Christopher Robin,"Adventure,Animation,Comedy",7.3,52737,Comedy
45,2011-11-11,Immortals,75000000,83504017,211562435,11,136562435,182.08324666666667,Profit,tt1253864,Immortals,"Action,Drama,Fantasy",6.0,152992,Action
45,2011-11-11,Immortals,75000000,83504017,211562435,11,136562435,182.08324666666667,Profit,tt1253864,Immortals,"Action,Drama,Fantasy",6.0,152992,Drama
45,2011-11-11,Immortals,75000000,83504017,211562435,11,136562435,182.08324666666667,Profit,tt1253864,Immortals,"Action,Drama,Fantasy",6.0,152992,Fantasy
54,2010-06-04,Killers,75000000,47059963,95572749,6,20572749,27.430332,Profit,tt1103153,Killers,"Action,Comedy,Romance",5.4,82237,Action
54,2010-06-04,Killers,75000000,47059963,95572749,6,20572749,27.430332,Profit,tt1103153,Killers,"Action,Comedy,Romance",5.4,82237,Comedy
54,2010-06-04,Killers,75000000,47059963,95572749,6,20572749,27.430332,Profit,tt1103153,Killers,"Action,Comedy,Romance",5.4,82237,Romance
62,2011-03-25,Sucker Punch,75000000,36392502,89758389,3,14758389,19.677852,Profit,tt0978764,Sucker Punch,"Action,Adventure,Fantasy",6.1,218371,Action
62,2011-03-25,Sucker Punch,75000000,36392502,89758389,3,14758389,19.677852,Profit,tt0978764,Sucker Punch,"Action,Adventure,Fantasy",6.1,218371,Adventure
62,2011-03-25,Sucker Punch,75000000,36392502,89758389,3,14758389,19.677852,Profit,tt0978764,Sucker Punch,"Action,Adventure,Fantasy",6.1,218371,Fantasy
64,2016-10-28,Inferno,75000000,34343574,219519367,10,144519367,192.69248933333333,Profit,tt3062096,Inferno,"Action,Adventure,Crime",6.2,138978,Action
64,2016-10-28,Inferno,75000000,34343574,219519367,10,144519367,192.69248933333333,Profit,tt3062096,Inferno,"Action,Adventure,Crime",6.2,138978,Adventure
64,2016-10-28,Inferno,75000000,34343574,219519367,10,144519367,192.69248933333333,Profit,tt3062096,Inferno,"Action,Adventure,Crime",6.2,138978,Crime
73,2015-07-10,Minions,74000000,336045770,1160336173,7,1086336173,1468.0218554054054,Profit,tt2293640,Minions,"Adventure,Animation,Comedy",6.4,193917,Adventure
73,2015-07-10,Minions,74000000,336045770,1160336173,7,1086336173,1468.0218554054054,Profit,tt2293640,Minions,"Adventure,Animation,Comedy",6.4,193917,Animation
73,2015-07-10,Minions,74000000,336045770,1160336173,7,1086336173,1468.0218554054054,Profit,tt2293640,Minions,"Adventure,Animation,Comedy",6.4,193917,Comedy
74,2015-02-06,The SpongeBob Movie: Sponge Out of Water,74000000,162994032,311013181,2,237013181,320.2880824324324,Profit,tt2279373,The SpongeBob Movie: Sponge Out of Water,"Adventure,Animation,Comedy",6.0,43560,Adventure
74,2015-02-06,The SpongeBob Movie: Sponge Out of Water,74000000,162994032,311013181,2,237013181,320.2880824324324,Profit,tt2279373,The SpongeBob Movie: Sponge Out of Water,"Adventure,Animation,Comedy",6.0,43560,Animation
74,2015-02-06,The SpongeBob Movie: Sponge Out of Water,74000000,162994032,311013181,2,237013181,320.2880824324324,Profit,tt2279373,The SpongeBob Movie: Sponge Out of Water,"Adventure,Animation,Comedy",6.0,43560,Comedy
77,2016-05-20,The Angry Birds Movie,73000000,107509366,352327887,5,279327887,382.6409410958904,Profit,tt1985949,The Angry Birds Movie,"Action,Animation,Comedy",6.3,69624,Action
77,2016-05-20,The Angry Birds Movie,73000000,107509366,352327887,5,279327887,382.6409410958904,Profit,tt1985949,The Angry Birds Movie,"Action,Animation,Comedy",6.3,69624,Animation
77,2016-05-20,The Angry Birds Movie,73000000,107509366,352327887,5,279327887,382.6409410958904,Profit,tt1985949,The Angry Birds Movie,"Action,Animation,Comedy",6.3,69624,Comedy
9,2013-03-22,Olympus Has Fallen,70000000,98927592,172878928,3,102878928,146.96989714285715,Profit,tt2302755,Olympus Has Fallen,"Action,Thriller",6.5,235443,Action
9,2013-03-22,Olympus Has Fallen,70000000,98927592,172878928,3,102878928,146.96989714285715,Profit,tt2302755,Olympus Has Fallen,"Action,Thriller",6.5,235443,Thriller
12,2011-12-25,War Horse,70000000,79883359,156815529,12,86815529,124.02218428571427,Profit,tt1568911,War Horse,"Drama,History,War",7.2,136447,Drama
12,2011-12-25,War Horse,70000000,79883359,156815529,12,86815529,124.02218428571427,Profit,tt1568911,War Horse,"Drama,History,War",7.2,136447,History
12,2011-12-25,War Horse,70000000,79883359,156815529,12,86815529,124.02218428571427,Profit,tt1568911,War Horse,"Drama,History,War",7.2,136447,War
14,2014-02-07,The Monuments Men,70000000,78031620,158702748,2,88702748,126.71821142857142,Profit,tt2177771,The Monuments Men,"Comedy,Drama,History",6.1,117638,Comedy
14,2014-02-07,The Monuments Men,70000000,78031620,158702748,2,88702748,126.71821142857142,Profit,tt2177771,The Monuments Men,"Comedy,Drama,History",6.1,117638,Drama
14,2014-02-07,The Monuments Men,70000000,78031620,158702748,2,88702748,126.71821142857142,Profit,tt2177771,The Monuments Men,"Comedy,Drama,History",6.1,117638,History
15,2016-09-23,Storks,70000000,72679278,183353431,9,113353431,161.93347285714285,Profit,tt4624424,Storks,"Adventure,Animation,Comedy",6.8,50448,Adventure
15,2016-09-23,Storks,70000000,72679278,183353431,9,113353431,161.93347285714285,Profit,tt4624424,Storks,"Adventure,Animation,Comedy",6.8,50448,Animation
15,2016-09-23,Storks,70000000,72679278,183353431,9,113353431,161.93347285714285,Profit,tt4624424,Storks,"Adventure,Animation,Comedy",6.8,50448,Comedy
20,2017-09-22,The Lego Ninjago Movie,70000000,59281555,122737201,9,52737201,75.33885857142857,Profit,tt3014284,The Lego Ninjago Movie,"Action,Adventure,Animation",6.0,18926,Action
20,2017-09-22,The Lego Ninjago Movie,70000000,59281555,122737201,9,52737201,75.33885857142857,Profit,tt3014284,The Lego Ninjago Movie,"Action,Adventure,Animation",6.0,18926,Adventure
20,2017-09-22,The Lego Ninjago Movie,70000000,59281555,122737201,9,52737201,75.33885857142857,Profit,tt3014284,The Lego Ninjago Movie,"Action,Adventure,Animation",6.0,18926,Animation
21,2014-10-10,Dracula Untold,70000000,55991880,220241723,10,150241723,214.63103285714286,Profit,tt0829150,Dracula Untold,"Action,Drama,Fantasy",6.3,164829,Action
21,2014-10-10,Dracula Untold,70000000,55991880,220241723,10,150241723,214.63103285714286,Profit,tt0829150,Dracula Untold,"Action,Drama,Fantasy",6.3,164829,Drama
21,2014-10-10,Dracula Untold,70000000,55991880,220241723,10,150241723,214.63103285714286,Profit,tt0829150,Dracula Untold,"Action,Drama,Fantasy",6.3,164829,Fantasy
25,2011-01-14,The Dilemma,70000000,48475290,70546865,1,546865,0.7812357142857143,Profit,tt1578275,The Dilemma,"Comedy,Drama",5.3,48148,Comedy
25,2011-01-14,The Dilemma,70000000,48475290,70546865,1,546865,0.7812357142857143,Profit,tt1578275,The Dilemma,"Comedy,Drama",5.3,48148,Drama
29,2012-06-15,Rock of Ages,70000000,38518613,61031932,6,-8968068,-12.811525714285715,Loss,tt1336608,Rock of Ages,"Comedy,Drama,Musical",5.9,69910,Comedy
29,2012-06-15,Rock of Ages,70000000,38518613,61031932,6,-8968068,-12.811525714285715,Loss,tt1336608,Rock of Ages,"Comedy,Drama,Musical",5.9,69910,Drama
29,2012-06-15,Rock of Ages,70000000,38518613,61031932,6,-8968068,-12.811525714285715,Loss,tt1336608,Rock of Ages,"Comedy,Drama,Musical",5.9,69910,Musical
36,2016-01-29,The Finest Hours,70000000,27569558,49252761,1,-20747239,-29.638912857142856,Loss,tt2025690,The Finest Hours,"Action,Drama,History",6.8,55981,Action
36,2016-01-29,The Finest Hours,70000000,27569558,49252761,1,-20747239,-29.638912857142856,Loss,tt2025690,The Finest Hours,"Action,Drama,History",6.8,55981,Drama
36,2016-01-29,The Finest Hours,70000000,27569558,49252761,1,-20747239,-29.638912857142856,Loss,tt2025690,The Finest Hours,"Action,Drama,History",6.8,55981,History
37,2013-10-18,Escape Plan,70000000,25135965,103735965,10,33735965,48.19423571428572,Profit,tt1211956,Escape Plan,"Action,Crime,Mystery",6.7,211587,Action
37,2013-10-18,Escape Plan,70000000,25135965,103735965,10,33735965,48.19423571428572,Profit,tt1211956,Escape Plan,"Action,Crime,Mystery",6.7,211587,Crime
37,2013-10-18,Escape Plan,70000000,25135965,103735965,10,33735965,48.19423571428572,Profit,tt1211956,Escape Plan,"Action,Crime,Mystery",6.7,211587,Mystery
38,2011-09-23,Killer Elite,70000000,25124986,65409046,9,-4590954,-6.558505714285714,Loss,tt1448755,Killer Elite,"Action,Crime,Thriller",6.5,117711,Action
38,2011-09-23,Killer Elite,70000000,25124986,65409046,9,-4590954,-6.558505714285714,Loss,tt1448755,Killer Elite,"Action,Crime,Thriller",6.5,117711,Crime
38,2011-09-23,Killer Elite,70000000,25124986,65409046,9,-4590954,-6.558505714285714,Loss,tt1448755,Killer Elite,"Action,Crime,Thriller",6.5,117711,Thriller
42,2014-01-10,The Legend of Hercules,70000000,18848538,58953319,1,-11046681,-15.780972857142858,Loss,tt1043726,The Legend of Hercules,"Action,Adventure,Fantasy",4.2,50352,Action
42,2014-01-10,The Legend of Hercules,70000000,18848538,58953319,1,-11046681,-15.780972857142858,Loss,tt1043726,The Legend of Hercules,"Action,Adventure,Fantasy",4.2,50352,Adventure
42,2014-01-10,The Legend of Hercules,70000000,18848538,58953319,1,-11046681,-15.780972857142858,Loss,tt1043726,The Legend of Hercules,"Action,Adventure,Fantasy",4.2,50352,Fantasy
47,2015-01-16,Blackhat,70000000,8005980,19665004,1,-50334996,-71.90713714285715,Loss,tt2717822,Blackhat,"Action,Crime,Thriller",5.4,48427,Action
47,2015-01-16,Blackhat,70000000,8005980,19665004,1,-50334996,-71.90713714285715,Loss,tt2717822,Blackhat,"Action,Crime,Thriller",5.4,48427,Crime
47,2015-01-16,Blackhat,70000000,8005980,19665004,1,-50334996,-71.90713714285715,Loss,tt2717822,Blackhat,"Action,Crime,Thriller",5.4,48427,Thriller
50,2010-07-09,Despicable Me,69000000,251513985,543464573,7,474464573,687.6298159420289,Profit,tt1323594,Despicable Me,"Animation,Comedy,Family",7.7,464511,Animation
50,2010-07-09,Despicable Me,69000000,251513985,543464573,7,474464573,687.6298159420289,Profit,tt1323594,Despicable Me,"Animation,Comedy,Family",7.7,464511,Comedy
50,2010-07-09,Despicable Me,69000000,251513985,543464573,7,474464573,687.6298159420289,Profit,tt1323594,Despicable Me,"Animation,Comedy,Family",7.7,464511,Family
51,2010-07-30,Dinner for Schmucks,69000000,73026337,86796502,7,17796502,25.79203188405797,Profit,tt0427152,Dinner for Schmucks,Comedy,5.9,91546,Comedy
52,2018-03-02,Red Sparrow,69000000,46874505,145951861,3,76951861,111.52443623188407,Profit,tt2873282,Red Sparrow,"Action,Drama,Thriller",6.6,136738,Action
52,2018-03-02,Red Sparrow,69000000,46874505,145951861,3,76951861,111.52443623188407,Profit,tt2873282,Red Sparrow,"Action,Drama,Thriller",6.6,136738,Drama
52,2018-03-02,Red Sparrow,69000000,46874505,145951861,3,76951861,111.52443623188407,Profit,tt2873282,Red Sparrow,"Action,Drama,Thriller",6.6,136738,Thriller
53,2010-06-30,The Twilight Saga: Eclipse,68000000,300531751,706102828,6,638102828,938.3865117647058,Profit,tt1325004,The Twilight Saga: Eclipse,"Adventure,Drama,Fantasy",5.0,211733,Adventure
53,2010-06-30,The Twilight Saga: Eclipse,68000000,300531751,706102828,6,638102828,938.3865117647058,Profit,tt1325004,The Twilight Saga: Eclipse,"Adventure,Drama,Fantasy",5.0,211733,Drama
53,2010-06-30,The Twilight Saga: Eclipse,68000000,300531751,706102828,6,638102828,938.3865117647058,Profit,tt1325004,The Twilight Saga: Eclipse,"Adventure,Drama,Fantasy",5.0,211733,Fantasy
55,2015-06-26,Ted 2,68000000,81476385,217214143,6,149214143,219.4325632352941,Profit,tt2637276,Ted 2,Comedy,6.3,165843,Comedy
57,2011-02-25,Hall Pass,68000000,45060734,87173475,2,19173475,28.19628676470588,Profit,tt0480687,Hall Pass,"Comedy,Romance",5.9,113775,Comedy
57,2011-02-25,Hall Pass,68000000,45060734,87173475,2,19173475,28.19628676470588,Profit,tt0480687,Hall Pass,"Comedy,Romance",5.9,113775,Romance
62,2017-12-22,Downsizing,68000000,24449754,54462971,12,-13537029,-19.907395588235293,Loss,tt1389072,Downsizing,"Drama,Sci-Fi",5.7,74815,Drama
62,2017-12-22,Downsizing,68000000,24449754,54462971,12,-13537029,-19.907395588235293,Loss,tt1389072,Downsizing,"Drama,Sci-Fi",5.7,74815,Sci-Fi
65,2012-06-22,Abraham Lincoln: Vampire Hunter,67500000,37519139,137489730,6,69989730,103.68848888888888,Profit,tt1611224,Abraham Lincoln: Vampire Hunter,"Action,Fantasy,Horror",5.9,142853,Action
65,2012-06-22,Abraham Lincoln: Vampire Hunter,67500000,37519139,137489730,6,69989730,103.68848888888888,Profit,tt1611224,Abraham Lincoln: Vampire Hunter,"Action,Fantasy,Horror",5.9,142853,Fantasy
65,2012-06-22,Abraham Lincoln: Vampire Hunter,67500000,37519139,137489730,6,69989730,103.68848888888888,Profit,tt1611224,Abraham Lincoln: Vampire Hunter,"Action,Fantasy,Horror",5.9,142853,Horror
70,2014-03-14,Need for Speed,66000000,43568507,194169619,3,128169619,194.19639242424242,Profit,tt2369135,Need for Speed,"Action,Crime,Thriller",6.5,154909,Action
70,2014-03-14,Need for Speed,66000000,43568507,194169619,3,128169619,194.19639242424242,Profit,tt2369135,Need for Speed,"Action,Crime,Thriller",6.5,154909,Crime
70,2014-03-14,Need for Speed,66000000,43568507,194169619,3,128169619,194.19639242424242,Profit,tt2369135,Need for Speed,"Action,Crime,Thriller",6.5,154909,Thriller
73,2012-11-09,Lincoln,65000000,182207973,273346281,11,208346281,320.53274,Profit,tt0443272,Lincoln,"Biography,Drama,History",7.4,228701,Biography
73,2012-11-09,Lincoln,65000000,182207973,273346281,11,208346281,320.53274,Profit,tt0443272,Lincoln,"Biography,Drama,History",7.4,228701,Drama
73,2012-11-09,Lincoln,65000000,182207973,273346281,11,208346281,320.53274,Profit,tt0443272,Lincoln,"Biography,Drama,History",7.4,228701,History
77,2018-07-13,Hotel Transylvania 3: Summer Vacation,65000000,167500092,527079962,7,462079962,710.8922492307693,Profit,tt5220122,Hotel Transylvania 3: Summer Vacation,"Adventure,Animation,Comedy",6.3,42299,Adventure
77,2018-07-13,Hotel Transylvania 3: Summer Vacation,65000000,167500092,527079962,7,462079962,710.8922492307693,Profit,tt5220122,Hotel Transylvania 3: Summer Vacation,"Adventure,Animation,Comedy",6.3,42299,Animation
77,2018-07-13,Hotel Transylvania 3: Summer Vacation,65000000,167500092,527079962,7,462079962,710.8922492307693,Profit,tt5220122,Hotel Transylvania 3: Summer Vacation,"Adventure,Animation,Comedy",6.3,42299,Comedy
82,2014-12-25,Unbroken,65000000,115637895,163527824,12,98527824,151.58126769230768,Profit,tt1809398,Unbroken,"Biography,Drama,Sport",7.2,129981,Biography
82,2014-12-25,Unbroken,65000000,115637895,163527824,12,98527824,151.58126769230768,Profit,tt1809398,Unbroken,"Biography,Drama,Sport",7.2,129981,Drama
82,2014-12-25,Unbroken,65000000,115637895,163527824,12,98527824,151.58126769230768,Profit,tt1809398,Unbroken,"Biography,Drama,Sport",7.2,129981,Sport
84,2010-11-05,Due Date,65000000,100539043,211739043,11,146739043,225.75237384615386,Profit,tt1231583,Due Date,"Adventure,Comedy",6.5,303523,Adventure
84,2010-11-05,Due Date,65000000,100539043,211739043,11,146739043,225.75237384615386,Profit,tt1231583,Due Date,"Adventure,Comedy",6.5,303523,Comedy
89,2014-12-19,Annie,65000000,85911262,139829625,12,74829625,115.12249999999999,Profit,tt1823664,Annie,"Comedy,Drama,Family",5.3,31241,Comedy
89,2014-12-19,Annie,65000000,85911262,139829625,12,74829625,115.12249999999999,Profit,tt1823664,Annie,"Comedy,Drama,Family",5.3,31241,Drama
89,2014-12-19,Annie,65000000,85911262,139829625,12,74829625,115.12249999999999,Profit,tt1823664,Annie,"Comedy,Drama,Family",5.3,31241,Family
96,2012-05-16,The Dictator,65000000,59650222,180148897,5,115148897,177.15214923076923,Profit,tt1645170,The Dictator,Comedy,6.4,250976,Comedy
98,2012-02-17,This Means War,65000000,54760791,156974557,2,91974557,141.49931846153848,Profit,tt1596350,This Means War,"Action,Comedy,Romance",6.3,167438,Action
98,2012-02-17,This Means War,65000000,54760791,156974557,2,91974557,141.49931846153848,Profit,tt1596350,This Means War,"Action,Comedy,Romance",6.3,167438,Comedy
98,2012-02-17,This Means War,65000000,54760791,156974557,2,91974557,141.49931846153848,Profit,tt1596350,This Means War,"Action,Comedy,Romance",6.3,167438,Romance
99,2015-02-27,Focus,65000000,53862963,168065700,2,103065700,158.56261538461538,Profit,tt2381941,Focus,"Comedy,Crime,Drama",6.6,192147,Comedy
99,2015-02-27,Focus,65000000,53862963,168065700,2,103065700,158.56261538461538,Profit,tt2381941,Focus,"Comedy,Crime,Drama",6.6,192147,Crime
99,2015-02-27,Focus,65000000,53862963,168065700,2,103065700,158.56261538461538,Profit,tt2381941,Focus,"Comedy,Crime,Drama",6.6,192147,Drama
1,2012-11-21,Red Dawn,65000000,44806783,48164150,11,-16835850,-25.90130769230769,Loss,tt1234719,Red Dawn,"Action,Sci-Fi,Thriller",5.4,69599,Action
1,2012-11-21,Red Dawn,65000000,44806783,48164150,11,-16835850,-25.90130769230769,Loss,tt1234719,Red Dawn,"Action,Sci-Fi,Thriller",5.4,69599,Sci-Fi
1,2012-11-21,Red Dawn,65000000,44806783,48164150,11,-16835850,-25.90130769230769,Loss,tt1234719,Red Dawn,"Action,Sci-Fi,Thriller",5.4,69599,Thriller
3,2015-09-18,Everest,65000000,43482270,221297061,9,156297061,240.4570169230769,Profit,tt2719848,Everest,"Action,Adventure,Biography",7.1,181133,Action
3,2015-09-18,Everest,65000000,43482270,221297061,9,156297061,240.4570169230769,Profit,tt2719848,Everest,"Action,Adventure,Biography",7.1,181133,Adventure
3,2015-09-18,Everest,65000000,43482270,221297061,9,156297061,240.4570169230769,Profit,tt2719848,Everest,"Action,Adventure,Biography",7.1,181133,Biography
4,2012-09-14,Resident Evil: Retribution,65000000,42345531,240647629,9,175647629,270.2271215384616,Profit,tt1855325,Resident Evil: Retribution,"Action,Horror,Sci-Fi",5.4,125191,Action
4,2012-09-14,Resident Evil: Retribution,65000000,42345531,240647629,9,175647629,270.2271215384616,Profit,tt1855325,Resident Evil: Retribution,"Action,Horror,Sci-Fi",5.4,125191,Horror
4,2012-09-14,Resident Evil: Retribution,65000000,42345531,240647629,9,175647629,270.2271215384616,Profit,tt1855325,Resident Evil: Retribution,"Action,Horror,Sci-Fi",5.4,125191,Sci-Fi
14,2014-01-24,"I, Frankenstein",65000000,19075290,74575290,1,9575290,14.731215384615384,Profit,tt1418377,"I, Frankenstein","Action,Fantasy,Horror",5.1,74910,Action
14,2014-01-24,"I, Frankenstein",65000000,19075290,74575290,1,9575290,14.731215384615384,Profit,tt1418377,"I, Frankenstein","Action,Fantasy,Horror",5.1,74910,Fantasy
14,2014-01-24,"I, Frankenstein",65000000,19075290,74575290,1,9575290,14.731215384615384,Profit,tt1418377,"I, Frankenstein","Action,Fantasy,Horror",5.1,74910,Horror
16,2014-08-22,Sin City: A Dame to Kill For,65000000,13757804,40650842,8,-24349158,-37.46024307692308,Loss,tt0458481,Sin City: A Dame to Kill For,"Crime,Thriller",6.5,140666,Crime
16,2014-08-22,Sin City: A Dame to Kill For,65000000,13757804,40650842,8,-24349158,-37.46024307692308,Loss,tt0458481,Sin City: A Dame to Kill For,"Crime,Thriller",6.5,140666,Thriller
17,2016-12-25,Live by Night,65000000,10378555,21774432,12,-43225568,-66.50087384615384,Loss,tt2361317,Live by Night,"Action,Crime,Drama",6.4,47243,Action
17,2016-12-25,Live by Night,65000000,10378555,21774432,12,-43225568,-66.50087384615384,Loss,tt2361317,Live by Night,"Action,Crime,Drama",6.4,47243,Crime
17,2016-12-25,Live by Night,65000000,10378555,21774432,12,-43225568,-66.50087384615384,Loss,tt2361317,Live by Night,"Action,Crime,Drama",6.4,47243,Drama
21,2018-10-26,Air Strike,65000000,0,516279,10,-64483721,-99.20572461538461,Loss,tt4743226,Air Strike,"Action,Adventure,Drama",3.3,2536,Action
21,2018-10-26,Air Strike,65000000,0,516279,10,-64483721,-99.20572461538461,Loss,tt4743226,Air Strike,"Action,Adventure,Drama",3.3,2536,Adventure
21,2018-10-26,Air Strike,65000000,0,516279,10,-64483721,-99.20572461538461,Loss,tt4743226,Air Strike,"Action,Adventure,Drama",3.3,2536,Drama
27,2011-04-01,Hop,63000000,108085305,188657593,4,125657593,199.45649682539684,Profit,tt1411704,Hop,"Adventure,Animation,Comedy",5.4,28893,Adventure
27,2011-04-01,Hop,63000000,108085305,188657593,4,125657593,199.45649682539684,Profit,tt1411704,Hop,"Adventure,Animation,Comedy",5.4,28893,Animation
27,2011-04-01,Hop,63000000,108085305,188657593,4,125657593,199.45649682539684,Profit,tt1411704,Hop,"Adventure,Animation,Comedy",5.4,28893,Comedy
28,2017-09-15,American Assassin,63000000,36249674,68310140,9,5310140,8.42879365079365,Profit,tt1961175,American Assassin,"Action,Thriller",6.2,57793,Action
28,2017-09-15,American Assassin,63000000,36249674,68310140,9,5310140,8.42879365079365,Profit,tt1961175,American Assassin,"Action,Thriller",6.2,57793,Thriller
33,2015-12-25,The Hateful Eight,62000000,54117416,147864886,12,85864886,138.49175161290324,Profit,tt3460252,The Hateful Eight,"Crime,Drama,Mystery",7.8,434966,Crime
33,2015-12-25,The Hateful Eight,62000000,54117416,147864886,12,85864886,138.49175161290324,Profit,tt3460252,The Hateful Eight,"Crime,Drama,Mystery",7.8,434966,Drama
33,2015-12-25,The Hateful Eight,62000000,54117416,147864886,12,85864886,138.49175161290324,Profit,tt3460252,The Hateful Eight,"Crime,Drama,Mystery",7.8,434966,Mystery
36,2014-10-03,Gone Girl,61000000,167767189,368567189,10,307567189,504.20850655737706,Profit,tt2267998,Gone Girl,"Drama,Mystery,Thriller",8.1,761592,Drama
36,2014-10-03,Gone Girl,61000000,167767189,368567189,10,307567189,504.20850655737706,Profit,tt2267998,Gone Girl,"Drama,Mystery,Thriller",8.1,761592,Mystery
36,2014-10-03,Gone Girl,61000000,167767189,368567189,10,307567189,504.20850655737706,Profit,tt2267998,Gone Girl,"Drama,Mystery,Thriller",8.1,761592,Thriller
38,2015-09-18,Maze Runner: The Scorch Trials,61000000,81697192,310566162,9,249566162,409.12485573770493,Profit,tt4046784,Maze Runner: The Scorch Trials,"Action,Sci-Fi,Thriller",6.3,201143,Action
38,2015-09-18,Maze Runner: The Scorch Trials,61000000,81697192,310566162,9,249566162,409.12485573770493,Profit,tt4046784,Maze Runner: The Scorch Trials,"Action,Sci-Fi,Thriller",6.3,201143,Sci-Fi
38,2015-09-18,Maze Runner: The Scorch Trials,61000000,81697192,310566162,9,249566162,409.12485573770493,Profit,tt4046784,Maze Runner: The Scorch Trials,"Action,Sci-Fi,Thriller",6.3,201143,Thriller
39,2013-08-02,2 Guns,61000000,75612460,132493015,8,71493015,117.20166393442624,Profit,tt1272878,2 Guns,"Action,Comedy,Crime",6.7,182025,Action
39,2013-08-02,2 Guns,61000000,75612460,132493015,8,71493015,117.20166393442624,Profit,tt1272878,2 Guns,"Action,Comedy,Crime",6.7,182025,Comedy
39,2013-08-02,2 Guns,61000000,75612460,132493015,8,71493015,117.20166393442624,Profit,tt1272878,2 Guns,"Action,Comedy,Crime",6.7,182025,Crime
44,2014-02-07,The Lego Movie,60000000,257784718,457729388,2,397729388,662.8823133333333,Profit,tt1490017,The Lego Movie,"Action,Adventure,Animation",7.8,304179,Action
44,2014-02-07,The Lego Movie,60000000,257784718,457729388,2,397729388,662.8823133333333,Profit,tt1490017,The Lego Movie,"Action,Adventure,Animation",7.8,304179,Adventure
44,2014-02-07,The Lego Movie,60000000,257784718,457729388,2,397729388,662.8823133333333,Profit,tt1490017,The Lego Movie,"Action,Adventure,Animation",7.8,304179,Animation
50,2016-09-09,Sully,60000000,125070033,238524556,9,178524556,297.5409266666667,Profit,tt3263904,Sully,"Biography,Drama",7.5,202718,Biography
50,2016-09-09,Sully,60000000,125070033,238524556,9,178524556,297.5409266666667,Profit,tt3263904,Sully,"Biography,Drama",7.5,202718,Drama
63,2010-10-15,Red,60000000,90380162,196439693,10,136439693,227.39948833333332,Profit,tt8851190,Red,Drama,8.1,26,Drama
67,2010-08-13,Eat Pray Love,60000000,80574010,206598789,8,146598789,244.331315,Profit,tt0879870,Eat Pray Love,"Drama,Romance",5.8,77709,Drama
67,2010-08-13,Eat Pray Love,60000000,80574010,206598789,8,146598789,244.331315,Profit,tt0879870,Eat Pray Love,"Drama,Romance",5.8,77709,Romance
68,2012-12-21,Jack Reacher,60000000,80070736,217370736,12,157370736,262.28456,Profit,tt0790724,Jack Reacher,"Action,Crime,Thriller",7.0,284547,Action
68,2012-12-21,Jack Reacher,60000000,80070736,217370736,12,157370736,262.28456,Profit,tt0790724,Jack Reacher,"Action,Crime,Thriller",7.0,284547,Crime
68,2012-12-21,Jack Reacher,60000000,80070736,217370736,12,157370736,262.28456,Profit,tt0790724,Jack Reacher,"Action,Crime,Thriller",7.0,284547,Thriller
71,2011-09-09,Contagion,60000000,75658097,137551594,9,77551594,129.25265666666667,Profit,tt1598778,Contagion,"Action,Drama,Thriller",6.6,201536,Action
71,2011-09-09,Contagion,60000000,75658097,137551594,9,77551594,129.25265666666667,Profit,tt1598778,Contagion,"Action,Drama,Thriller",6.6,201536,Drama
71,2011-09-09,Contagion,60000000,75658097,137551594,9,77551594,129.25265666666667,Profit,tt1598778,Contagion,"Action,Drama,Thriller",6.6,201536,Thriller
80,2016-03-04,London Has Fallen,60000000,62524260,195194085,3,135194085,225.32347499999997,Profit,tt3300542,London Has Fallen,"Action,Thriller",5.9,124757,Action
80,2016-03-04,London Has Fallen,60000000,62524260,195194085,3,135194085,225.32347499999997,Profit,tt3300542,London Has Fallen,"Action,Thriller",5.9,124757,Thriller
85,2016-10-21,Jack Reacher: Never Go Back,60000000,58697076,159946489,10,99946489,166.57748166666667,Profit,tt3393786,Jack Reacher: Never Go Back,"Action,Thriller",6.1,121892,Action
85,2016-10-21,Jack Reacher: Never Go Back,60000000,58697076,159946489,10,99946489,166.57748166666667,Profit,tt3393786,Jack Reacher: Never Go Back,"Action,Thriller",6.1,121892,Thriller
86,2017-05-25,Baywatch,60000000,58060186,175863783,5,115863783,193.106305,Profit,tt1469304,Baywatch,"Action,Comedy,Crime",5.6,137528,Action
86,2017-05-25,Baywatch,60000000,58060186,175863783,5,115863783,193.106305,Profit,tt1469304,Baywatch,"Action,Comedy,Crime",5.6,137528,Comedy
86,2017-05-25,Baywatch,60000000,58060186,175863783,5,115863783,193.106305,Profit,tt1469304,Baywatch,"Action,Comedy,Crime",5.6,137528,Crime
88,2015-12-25,Joy,60000000,56451232,101134059,12,41134059,68.556765,Profit,tt2446980,Joy,Drama,6.6,118086,Drama
89,2012-08-17,ParaNorman,60000000,56003051,108119662,8,48119662,80.19943666666667,Profit,tt1623288,ParaNorman,"Adventure,Animation,Comedy",7.0,87250,Adventure
89,2012-08-17,ParaNorman,60000000,56003051,108119662,8,48119662,80.19943666666667,Profit,tt1623288,ParaNorman,"Adventure,Animation,Comedy",7.0,87250,Animation
89,2012-08-17,ParaNorman,60000000,56003051,108119662,8,48119662,80.19943666666667,Profit,tt1623288,ParaNorman,"Adventure,Animation,Comedy",7.0,87250,Comedy
94,2014-09-26,The Boxtrolls,60000000,50837305,111946251,9,51946251,86.577085,Profit,tt0787474,The Boxtrolls,"Adventure,Animation,Comedy",6.8,50763,Adventure
94,2014-09-26,The Boxtrolls,60000000,50837305,111946251,9,51946251,86.577085,Profit,tt0787474,The Boxtrolls,"Adventure,Animation,Comedy",6.8,50763,Animation
94,2014-09-26,The Boxtrolls,60000000,50837305,111946251,9,51946251,86.577085,Profit,tt0787474,The Boxtrolls,"Adventure,Animation,Comedy",6.8,50763,Comedy
95,2017-08-04,The Dark Tower,60000000,50701325,113461527,8,53461527,89.102545,Profit,tt1648190,The Dark Tower,"Action,Adventure,Fantasy",5.7,107518,Action
95,2017-08-04,The Dark Tower,60000000,50701325,113461527,8,53461527,89.102545,Profit,tt1648190,The Dark Tower,"Action,Adventure,Fantasy",5.7,107518,Adventure
95,2017-08-04,The Dark Tower,60000000,50701325,113461527,8,53461527,89.102545,Profit,tt1648190,The Dark Tower,"Action,Adventure,Fantasy",5.7,107518,Fantasy
97,2014-01-17,Jack Ryan: Shadow Recruit,60000000,50577412,131377412,1,71377412,118.96235333333334,Profit,tt1205537,Jack Ryan: Shadow Recruit,"Action,Drama,Thriller",6.2,114913,Action
97,2014-01-17,Jack Ryan: Shadow Recruit,60000000,50577412,131377412,1,71377412,118.96235333333334,Profit,tt1205537,Jack Ryan: Shadow Recruit,"Action,Drama,Thriller",6.2,114913,Drama
97,2014-01-17,Jack Ryan: Shadow Recruit,60000000,50577412,131377412,1,71377412,118.96235333333334,Profit,tt1205537,Jack Ryan: Shadow Recruit,"Action,Drama,Thriller",6.2,114913,Thriller
100,2018-12-25,Vice,60000000,47836282,70883171,12,10883171,18.138618333333334,Profit,tt6266538,Vice,"Biography,Comedy,Drama",7.2,72855,Biography
100,2018-12-25,Vice,60000000,47836282,70883171,12,10883171,18.138618333333334,Profit,tt6266538,Vice,"Biography,Comedy,Drama",7.2,72855,Comedy
100,2018-12-25,Vice,60000000,47836282,70883171,12,10883171,18.138618333333334,Profit,tt6266538,Vice,"Biography,Comedy,Drama",7.2,72855,Drama
4,2013-01-11,Gangster Squad,60000000,46000903,104100903,1,44100903,73.501505,Profit,tt1321870,Gangster Squad,"Action,Crime,Drama",6.7,195560,Action
4,2013-01-11,Gangster Squad,60000000,46000903,104100903,1,44100903,73.501505,Profit,tt1321870,Gangster Squad,"Action,Crime,Drama",6.7,195560,Crime
4,2013-01-11,Gangster Squad,60000000,46000903,104100903,1,44100903,73.501505,Profit,tt1321870,Gangster Squad,"Action,Crime,Drama",6.7,195560,Drama
5,2017-04-07,Smurfs: The Lost Village,60000000,45020282,197578586,4,137578586,229.29764333333333,Profit,tt2398241,Smurfs: The Lost Village,"Adventure,Animation,Comedy",6.0,15612,Adventure
5,2017-04-07,Smurfs: The Lost Village,60000000,45020282,197578586,4,137578586,229.29764333333333,Profit,tt2398241,Smurfs: The Lost Village,"Adventure,Animation,Comedy",6.0,15612,Animation
5,2017-04-07,Smurfs: The Lost Village,60000000,45020282,197578586,4,137578586,229.29764333333333,Profit,tt2398241,Smurfs: The Lost Village,"Adventure,Animation,Comedy",6.0,15612,Comedy
6,2018-10-12,First Man,60000000,44936545,105203825,10,45203825,75.33970833333333,Profit,tt1213641,First Man,"Biography,Drama,History",7.4,120009,Biography
6,2018-10-12,First Man,60000000,44936545,105203825,10,45203825,75.33970833333333,Profit,tt1213641,First Man,"Biography,Drama,History",7.4,120009,Drama
6,2018-10-12,First Man,60000000,44936545,105203825,10,45203825,75.33970833333333,Profit,tt1213641,First Man,"Biography,Drama,History",7.4,120009,History
8,2010-01-29,Edge of Darkness,60000000,43313890,82812456,1,22812456,38.020759999999996,Profit,tt1226273,Edge of Darkness,"Crime,Drama,Mystery",6.6,84753,Crime
8,2010-01-29,Edge of Darkness,60000000,43313890,82812456,1,22812456,38.020759999999996,Profit,tt1226273,Edge of Darkness,"Crime,Drama,Mystery",6.6,84753,Drama
8,2010-01-29,Edge of Darkness,60000000,43313890,82812456,1,22812456,38.020759999999996,Profit,tt1226273,Edge of Darkness,"Crime,Drama,Mystery",6.6,84753,Mystery
18,2012-09-21,Trouble with the Curve,60000000,35763137,47818913,9,-12181087,-20.301811666666666,Loss,tt2083383,Trouble with the Curve,"Drama,Sport",6.8,56129,Drama
18,2012-09-21,Trouble with the Curve,60000000,35763137,47818913,9,-12181087,-20.301811666666666,Loss,tt2083383,Trouble with the Curve,"Drama,Sport",6.8,56129,Sport
23,2019-02-08,Cold Pursuit,60000000,32138862,62599159,2,2599159,4.331931666666667,Profit,tt5719748,Cold Pursuit,"Action,Crime,Drama",6.2,27648,Action
23,2019-02-08,Cold Pursuit,60000000,32138862,62599159,2,2599159,4.331931666666667,Profit,tt5719748,Cold Pursuit,"Action,Crime,Drama",6.2,27648,Crime
23,2019-02-08,Cold Pursuit,60000000,32138862,62599159,2,2599159,4.331931666666667,Profit,tt5719748,Cold Pursuit,"Action,Crime,Drama",6.2,27648,Drama
26,2013-08-21,The Mortal Instruments: City of Bones,60000000,31165421,75965567,8,15965567,26.609278333333336,Profit,tt1538403,The Mortal Instruments: City of Bones,"Action,Fantasy,Horror",5.9,121936,Action
26,2013-08-21,The Mortal Instruments: City of Bones,60000000,31165421,75965567,8,15965567,26.609278333333336,Profit,tt1538403,The Mortal Instruments: City of Bones,"Action,Fantasy,Horror",5.9,121936,Fantasy
26,2013-08-21,The Mortal Instruments: City of Bones,60000000,31165421,75965567,8,15965567,26.609278333333336,Profit,tt1538403,The Mortal Instruments: City of Bones,"Action,Fantasy,Horror",5.9,121936,Horror
29,2011-05-13,Priest,60000000,29136626,84154026,5,24154026,40.25671,Profit,tt0822847,Priest,"Action,Adventure,Fantasy",5.7,108320,Action
29,2011-05-13,Priest,60000000,29136626,84154026,5,24154026,40.25671,Profit,tt0822847,Priest,"Action,Adventure,Fantasy",5.7,108320,Adventure
29,2011-05-13,Priest,60000000,29136626,84154026,5,24154026,40.25671,Profit,tt0822847,Priest,"Action,Adventure,Fantasy",5.7,108320,Fantasy
47,2017-02-24,Rock Dog,60000000,9420546,24148488,2,-35851512,-59.75252,Loss,tt2822672,Rock Dog,"Adventure,Animation,Comedy",5.9,3991,Adventure
47,2017-02-24,Rock Dog,60000000,9420546,24148488,2,-35851512,-59.75252,Loss,tt2822672,Rock Dog,"Adventure,Animation,Comedy",5.9,3991,Animation
47,2017-02-24,Rock Dog,60000000,9420546,24148488,2,-35851512,-59.75252,Loss,tt2822672,Rock Dog,"Adventure,Animation,Comedy",5.9,3991,Comedy
48,2015-01-23,Mortdecai,60000000,7696134,30396134,1,-29603866,-49.339776666666666,Loss,tt3045616,Mortdecai,"Action,Comedy,Crime",5.5,61366,Action
48,2015-01-23,Mortdecai,60000000,7696134,30396134,1,-29603866,-49.339776666666666,Loss,tt3045616,Mortdecai,"Action,Comedy,Crime",5.5,61366,Comedy
48,2015-01-23,Mortdecai,60000000,7696134,30396134,1,-29603866,-49.339776666666666,Loss,tt3045616,Mortdecai,"Action,Comedy,Crime",5.5,61366,Crime
52,2015-12-11,The Ridiculous 6,60000000,0,0,12,-60000000,-100.0,Loss,tt2479478,The Ridiculous 6,"Comedy,Western",4.8,38694,Comedy
52,2015-12-11,The Ridiculous 6,60000000,0,0,12,-60000000,-100.0,Loss,tt2479478,The Ridiculous 6,"Comedy,Western",4.8,38694,Western
53,2019-11-08,Midway,59500000,0,0,11,-59500000,-100.0,Loss,tt2428672,Midway,"Documentary,Family",7.3,43,Documentary
53,2019-11-08,Midway,59500000,0,0,11,-59500000,-100.0,Loss,tt2428672,Midway,"Documentary,Family",7.3,43,Family
54,2018-03-23,Sherlock Gnomes,59000000,43242871,87527651,3,28527651,48.35195084745762,Profit,tt2296777,Sherlock Gnomes,"Adventure,Animation,Comedy",5.1,8030,Adventure
54,2018-03-23,Sherlock Gnomes,59000000,43242871,87527651,3,28527651,48.35195084745762,Profit,tt2296777,Sherlock Gnomes,"Adventure,Animation,Comedy",5.1,8030,Animation
54,2018-03-23,Sherlock Gnomes,59000000,43242871,87527651,3,28527651,48.35195084745762,Profit,tt2296777,Sherlock Gnomes,"Adventure,Animation,Comedy",5.1,8030,Comedy
55,2019-01-25,The Kid Who Would Be King,59000000,16790790,28348446,1,-30651554,-51.951786440677964,Loss,tt6811018,The Kid Who Would Be King,"Action,Adventure,Family",6.0,8044,Action
55,2019-01-25,The Kid Who Would Be King,59000000,16790790,28348446,1,-30651554,-51.951786440677964,Loss,tt6811018,The Kid Who Would Be King,"Action,Adventure,Family",6.0,8044,Adventure
55,2019-01-25,The Kid Who Would Be King,59000000,16790790,28348446,1,-30651554,-51.951786440677964,Loss,tt6811018,The Kid Who Would Be King,"Action,Adventure,Family",6.0,8044,Family
56,2016-02-12,Deadpool,58000000,363070709,801025593,2,743025593,1281.0786086206897,Profit,tt1431045,Deadpool,"Action,Adventure,Comedy",8.0,820847,Action
56,2016-02-12,Deadpool,58000000,363070709,801025593,2,743025593,1281.0786086206897,Profit,tt1431045,Deadpool,"Action,Adventure,Comedy",8.0,820847,Adventure
56,2016-02-12,Deadpool,58000000,363070709,801025593,2,743025593,1281.0786086206897,Profit,tt1431045,Deadpool,"Action,Adventure,Comedy",8.0,820847,Comedy
57,2014-12-25,American Sniper,58000000,350126372,547326372,12,489326372,843.6661586206898,Profit,tt2179136,American Sniper,"Action,Biography,Drama",7.3,401915,Action
57,2014-12-25,American Sniper,58000000,350126372,547326372,12,489326372,843.6661586206898,Profit,tt2179136,American Sniper,"Action,Biography,Drama",7.3,401915,Biography
57,2014-12-25,American Sniper,58000000,350126372,547326372,12,489326372,843.6661586206898,Profit,tt2179136,American Sniper,"Action,Biography,Drama",7.3,401915,Drama
58,2015-10-16,Goosebumps,58000000,80069458,158905324,10,100905324,173.97469655172412,Profit,tt1051904,Goosebumps,"Adventure,Comedy,Family",6.3,72858,Adventure
58,2015-10-16,Goosebumps,58000000,80069458,158905324,10,100905324,173.97469655172412,Profit,tt1051904,Goosebumps,"Adventure,Comedy,Family",6.3,72858,Comedy
58,2015-10-16,Goosebumps,58000000,80069458,158905324,10,100905324,173.97469655172412,Profit,tt1051904,Goosebumps,"Adventure,Comedy,Family",6.3,72858,Family
61,2012-01-20,Red Tails,58000000,49876377,50365498,1,-7634502,-13.16293448275862,Loss,tt0485985,Red Tails,"Action,Adventure,Drama",5.9,31815,Action
61,2012-01-20,Red Tails,58000000,49876377,50365498,1,-7634502,-13.16293448275862,Loss,tt0485985,Red Tails,"Action,Adventure,Drama",5.9,31815,Adventure
61,2012-01-20,Red Tails,58000000,49876377,50365498,1,-7634502,-13.16293448275862,Loss,tt0485985,Red Tails,"Action,Adventure,Drama",5.9,31815,Drama
63,2013-06-07,The Internship,58000000,44672764,93672764,6,35672764,61.50476551724138,Profit,tt2234155,The Internship,Comedy,6.3,179817,Comedy
66,2017-03-24,Life,58000000,30234022,100929666,3,42929666,74.01666551724138,Profit,tt5442430,Life,"Horror,Sci-Fi,Thriller",6.6,182840,Horror
66,2017-03-24,Life,58000000,30234022,100929666,3,42929666,74.01666551724138,Profit,tt5442430,Life,"Horror,Sci-Fi,Thriller",6.6,182840,Sci-Fi
66,2017-03-24,Life,58000000,30234022,100929666,3,42929666,74.01666551724138,Profit,tt5442430,Life,"Horror,Sci-Fi,Thriller",6.6,182840,Thriller
70,2010-09-10,Resident Evil: Afterlife,57500000,60128566,295874190,9,238374190,414.5638086956522,Profit,tt1220634,Resident Evil: Afterlife,"Action,Adventure,Horror",5.9,153270,Action
70,2010-09-10,Resident Evil: Afterlife,57500000,60128566,295874190,9,238374190,414.5638086956522,Profit,tt1220634,Resident Evil: Afterlife,"Action,Adventure,Horror",5.9,153270,Adventure
70,2010-09-10,Resident Evil: Afterlife,57500000,60128566,295874190,9,238374190,414.5638086956522,Profit,tt1220634,Resident Evil: Afterlife,"Action,Adventure,Horror",5.9,153270,Horror
71,2012-06-15,That's My Boy,57500000,36931089,58085235,6,585235,1.0178,Profit,tt1232200,That's My Boy,Comedy,5.6,83009,Comedy
73,2012-02-17,Ghost Rider: Spirit of Vengeance,57000000,51774002,149217355,2,92217355,161.78483333333332,Profit,tt1071875,Ghost Rider: Spirit of Vengeance,"Action,Fantasy,Thriller",4.3,103608,Action
73,2012-02-17,Ghost Rider: Spirit of Vengeance,57000000,51774002,149217355,2,92217355,161.78483333333332,Profit,tt1071875,Ghost Rider: Spirit of Vengeance,"Action,Fantasy,Thriller",4.3,103608,Fantasy
73,2012-02-17,Ghost Rider: Spirit of Vengeance,57000000,51774002,149217355,2,92217355,161.78483333333332,Profit,tt1071875,Ghost Rider: Spirit of Vengeance,"Action,Fantasy,Thriller",4.3,103608,Thriller
77,2014-12-25,Into the Woods,56200000,128002372,213116401,12,156916401,279.21067793594307,Profit,tt2180411,Into the Woods,"Adventure,Comedy,Drama",6.0,123577,Adventure
77,2014-12-25,Into the Woods,56200000,128002372,213116401,12,156916401,279.21067793594307,Profit,tt2180411,Into the Woods,"Adventure,Comedy,Drama",6.0,123577,Comedy
77,2014-12-25,Into the Woods,56200000,128002372,213116401,12,156916401,279.21067793594307,Profit,tt2180411,Into the Woods,"Adventure,Comedy,Drama",6.0,123577,Drama
84,2018-11-02,Bohemian Rhapsody,55000000,216303339,894985342,11,839985342,1527.2460763636363,Profit,tt1727824,Bohemian Rhapsody,"Biography,Drama,Music",8.0,345466,Biography
84,2018-11-02,Bohemian Rhapsody,55000000,216303339,894985342,11,839985342,1527.2460763636363,Profit,tt1727824,Bohemian Rhapsody,"Biography,Drama,Music",8.0,345466,Drama
84,2018-11-02,Bohemian Rhapsody,55000000,216303339,894985342,11,839985342,1527.2460763636363,Profit,tt1727824,Bohemian Rhapsody,"Biography,Drama,Music",8.0,345466,Music
91,2017-02-10,Fifty Shades Darker,55000000,114434010,381398492,2,326398492,593.4518036363636,Profit,tt4465564,Fifty Shades Darker,"Drama,Romance",4.6,81706,Drama
91,2017-02-10,Fifty Shades Darker,55000000,114434010,381398492,2,326398492,593.4518036363636,Profit,tt4465564,Fifty Shades Darker,"Drama,Romance",4.6,81706,Romance
92,2013-10-11,Captain Phillips,55000000,107136417,220648184,10,165648184,301.1785163636364,Profit,tt1535109,Captain Phillips,"Biography,Drama,Thriller",7.8,387402,Biography
92,2013-10-11,Captain Phillips,55000000,107136417,220648184,10,165648184,301.1785163636364,Profit,tt1535109,Captain Phillips,"Biography,Drama,Thriller",7.8,387402,Drama
92,2013-10-11,Captain Phillips,55000000,107136417,220648184,10,165648184,301.1785163636364,Profit,tt1535109,Captain Phillips,"Biography,Drama,Thriller",7.8,387402,Thriller
95,2017-11-10,Murder on the Orient Express,55000000,102826543,345922730,11,290922730,528.9504181818182,Profit,tt3402236,Murder on the Orient Express,"Crime,Drama,Mystery",6.5,178603,Crime
95,2017-11-10,Murder on the Orient Express,55000000,102826543,345922730,11,290922730,528.9504181818182,Profit,tt3402236,Murder on the Orient Express,"Crime,Drama,Mystery",6.5,178603,Drama
95,2017-11-10,Murder on the Orient Express,55000000,102826543,345922730,11,290922730,528.9504181818182,Profit,tt3402236,Murder on the Orient Express,"Crime,Drama,Mystery",6.5,178603,Mystery
96,2014-09-26,The Equalizer,55000000,101530738,192903624,9,137903624,250.7338618181818,Profit,tt0455944,The Equalizer,"Action,Crime,Thriller",7.2,302302,Action
96,2014-09-26,The Equalizer,55000000,101530738,192903624,9,137903624,250.7338618181818,Profit,tt0455944,The Equalizer,"Action,Crime,Thriller",7.2,302302,Crime
96,2014-09-26,The Equalizer,55000000,101530738,192903624,9,137903624,250.7338618181818,Profit,tt0455944,The Equalizer,"Action,Crime,Thriller",7.2,302302,Thriller
97,2018-02-09,Fifty Shades Freed,55000000,100407760,371350619,2,316350619,575.1829436363637,Profit,tt4477536,Fifty Shades Freed,"Drama,Romance,Thriller",4.5,43893,Drama
97,2018-02-09,Fifty Shades Freed,55000000,100407760,371350619,2,316350619,575.1829436363637,Profit,tt4477536,Fifty Shades Freed,"Drama,Romance,Thriller",4.5,43893,Romance
97,2018-02-09,Fifty Shades Freed,55000000,100407760,371350619,2,316350619,575.1829436363637,Profit,tt4477536,Fifty Shades Freed,"Drama,Romance,Thriller",4.5,43893,Thriller
99,2010-04-09,Date Night,55000000,98711404,152269033,4,97269033,176.85278727272726,Profit,tt1279935,Date Night,"Comedy,Crime,Romance",6.3,144683,Comedy
99,2010-04-09,Date Night,55000000,98711404,152269033,4,97269033,176.85278727272726,Profit,tt1279935,Date Night,"Comedy,Crime,Romance",6.3,144683,Crime
99,2010-04-09,Date Night,55000000,98711404,152269033,4,97269033,176.85278727272726,Profit,tt1279935,Date Night,"Comedy,Crime,Romance",6.3,144683,Romance
5,2015-01-16,Paddington,55000000,76223578,258789097,1,203789097,370.5256309090909,Profit,tt1109624,Paddington,"Adventure,Comedy,Family",7.2,84679,Adventure
5,2015-01-16,Paddington,55000000,76223578,258789097,1,203789097,370.5256309090909,Profit,tt1109624,Paddington,"Adventure,Comedy,Family",7.2,84679,Comedy
5,2015-01-16,Paddington,55000000,76223578,258789097,1,203789097,370.5256309090909,Profit,tt1109624,Paddington,"Adventure,Comedy,Family",7.2,84679,Family
16,2013-11-01,Free Birds,55000000,55750480,110387072,11,55387072,100.70376727272728,Profit,tt1621039,Free Birds,"Adventure,Animation,Comedy",5.9,20934,Adventure
16,2013-11-01,Free Birds,55000000,55750480,110387072,11,55387072,100.70376727272728,Profit,tt1621039,Free Birds,"Adventure,Animation,Comedy",5.9,20934,Animation
16,2013-11-01,Free Birds,55000000,55750480,110387072,11,55387072,100.70376727272728,Profit,tt1621039,Free Birds,"Adventure,Animation,Comedy",5.9,20934,Comedy
20,2014-03-21,Muppets Most Wanted,55000000,51178893,79312301,3,24312301,44.20418363636364,Profit,tt2281587,Muppets Most Wanted,"Adventure,Comedy,Crime",6.4,29018,Adventure
20,2014-03-21,Muppets Most Wanted,55000000,51178893,79312301,3,24312301,44.20418363636364,Profit,tt2281587,Muppets Most Wanted,"Adventure,Comedy,Crime",6.4,29018,Comedy
20,2014-03-21,Muppets Most Wanted,55000000,51178893,79312301,3,24312301,44.20418363636364,Profit,tt2281587,Muppets Most Wanted,"Adventure,Comedy,Crime",6.4,29018,Crime
22,2016-08-19,Kubo and the Two Strings,55000000,48023088,77548122,8,22548122,40.99658545454545,Profit,tt4302938,Kubo and the Two Strings,"Action,Adventure,Animation",7.8,105578,Action
22,2016-08-19,Kubo and the Two Strings,55000000,48023088,77548122,8,22548122,40.99658545454545,Profit,tt4302938,Kubo and the Two Strings,"Action,Adventure,Animation",7.8,105578,Adventure
22,2016-08-19,Kubo and the Two Strings,55000000,48023088,77548122,8,22548122,40.99658545454545,Profit,tt4302938,Kubo and the Two Strings,"Action,Adventure,Animation",7.8,105578,Animation
24,2010-11-24,Burlesque,55000000,39440655,90552675,11,35552675,64.64122727272728,Profit,tt1126591,Burlesque,"Drama,Music,Musical",6.4,71021,Drama
24,2010-11-24,Burlesque,55000000,39440655,90552675,11,35552675,64.64122727272728,Profit,tt1126591,Burlesque,"Drama,Music,Musical",6.4,71021,Music
24,2010-11-24,Burlesque,55000000,39440655,90552675,11,35552675,64.64122727272728,Profit,tt1126591,Burlesque,"Drama,Music,Musical",6.4,71021,Musical
27,2012-07-27,The Watch,55000000,34353000,67130045,7,12130045,22.054627272727274,Profit,tt1298649,The Watch,"Action,Comedy,Horror",5.7,115757,Action
27,2012-07-27,The Watch,55000000,34353000,67130045,7,12130045,22.054627272727274,Profit,tt1298649,The Watch,"Action,Comedy,Horror",5.7,115757,Comedy
27,2012-07-27,The Watch,55000000,34353000,67130045,7,12130045,22.054627272727274,Profit,tt1298649,The Watch,"Action,Comedy,Horror",5.7,115757,Horror
32,2018-02-23,Annihilation,55000000,32732301,43070915,2,-11929085,-21.689245454545457,Loss,tt2798920,Annihilation,"Adventure,Drama,Horror",6.9,228664,Adventure
32,2018-02-23,Annihilation,55000000,32732301,43070915,2,-11929085,-21.689245454545457,Loss,tt2798920,Annihilation,"Adventure,Drama,Horror",6.9,228664,Drama
32,2018-02-23,Annihilation,55000000,32732301,43070915,2,-11929085,-21.689245454545457,Loss,tt2798920,Annihilation,"Adventure,Drama,Horror",6.9,228664,Horror
33,2015-10-16,Crimson Peak,55000000,31090320,74966854,10,19966854,36.30337090909091,Profit,tt2554274,Crimson Peak,"Drama,Fantasy,Horror",6.5,119287,Drama
33,2015-10-16,Crimson Peak,55000000,31090320,74966854,10,19966854,36.30337090909091,Profit,tt2554274,Crimson Peak,"Drama,Fantasy,Horror",6.5,119287,Fantasy
33,2015-10-16,Crimson Peak,55000000,31090320,74966854,10,19966854,36.30337090909091,Profit,tt2554274,Crimson Peak,"Drama,Fantasy,Horror",6.5,119287,Horror
34,2012-04-27,The Pirates! Band of Misfits,55000000,31051126,136143605,4,81143605,147.53382727272728,Profit,tt1430626,The Pirates! Band of Misfits,"Adventure,Animation,Comedy",6.7,41958,Adventure
34,2012-04-27,The Pirates! Band of Misfits,55000000,31051126,136143605,4,81143605,147.53382727272728,Profit,tt1430626,The Pirates! Band of Misfits,"Adventure,Animation,Comedy",6.7,41958,Animation
34,2012-04-27,The Pirates! Band of Misfits,55000000,31051126,136143605,4,81143605,147.53382727272728,Profit,tt1430626,The Pirates! Band of Misfits,"Adventure,Animation,Comedy",6.7,41958,Comedy
42,2013-02-01,Bullet to the Head,55000000,9489829,22597969,2,-32402031,-58.91278363636364,Loss,tt1308729,Bullet to the Head,"Action,Crime,Thriller",5.7,44816,Action
42,2013-02-01,Bullet to the Head,55000000,9489829,22597969,2,-32402031,-58.91278363636364,Loss,tt1308729,Bullet to the Head,"Action,Crime,Thriller",5.7,44816,Crime
42,2013-02-01,Bullet to the Head,55000000,9489829,22597969,2,-32402031,-58.91278363636364,Loss,tt1308729,Bullet to the Head,"Action,Crime,Thriller",5.7,44816,Thriller
59,2015-09-18,Black Mass,53000000,62575678,98837872,9,45837872,86.48655094339622,Profit,tt1355683,Black Mass,"Biography,Crime,Drama",6.9,155847,Biography
59,2015-09-18,Black Mass,53000000,62575678,98837872,9,45837872,86.48655094339622,Profit,tt1355683,Black Mass,"Biography,Crime,Drama",6.9,155847,Crime
59,2015-09-18,Black Mass,53000000,62575678,98837872,9,45837872,86.48655094339622,Profit,tt1355683,Black Mass,"Biography,Crime,Drama",6.9,155847,Drama
66,2012-12-19,Zero Dark Thirty,52500000,95720716,134612435,12,82112435,156.4046380952381,Profit,tt1790885,Zero Dark Thirty,"Drama,Thriller",7.4,251072,Drama
66,2012-12-19,Zero Dark Thirty,52500000,95720716,134612435,12,82112435,156.4046380952381,Profit,tt1790885,Zero Dark Thirty,"Drama,Thriller",7.4,251072,Thriller
70,2010-02-12,Valentine's Day,52000000,110485654,217569328,2,165569328,318.40255384615386,Profit,tt0817230,Valentine's Day,"Comedy,Romance",5.7,107171,Comedy
70,2010-02-12,Valentine's Day,52000000,110485654,217569328,2,165569328,318.40255384615386,Profit,tt0817230,Valentine's Day,"Comedy,Romance",5.7,107171,Romance
72,2011-08-05,The Change-Up,52000000,37243418,75997067,8,23997067,46.14820576923077,Profit,tt1488555,The Change-Up,"Comedy,Fantasy",6.3,155374,Comedy
72,2011-08-05,The Change-Up,52000000,37243418,75997067,8,23997067,46.14820576923077,Profit,tt1488555,The Change-Up,"Comedy,Fantasy",6.3,155374,Fantasy
79,2018-08-17,Alpha,51000000,35851379,99624873,8,48624873,95.34288823529413,Profit,tt4244998,Alpha,"Adventure,Drama,Family",6.7,41882,Adventure
79,2018-08-17,Alpha,51000000,35851379,99624873,8,48624873,95.34288823529413,Profit,tt4244998,Alpha,"Adventure,Drama,Family",6.7,41882,Drama
79,2018-08-17,Alpha,51000000,35851379,99624873,8,48624873,95.34288823529413,Profit,tt4244998,Alpha,"Adventure,Drama,Family",6.7,41882,Family
81,2011-03-04,The Adjustment Bureau,50200000,62495645,126931325,3,76731325,152.8512450199203,Profit,tt1385826,The Adjustment Bureau,"Romance,Sci-Fi,Thriller",7.1,227616,Romance
81,2011-03-04,The Adjustment Bureau,50200000,62495645,126931325,3,76731325,152.8512450199203,Profit,tt1385826,The Adjustment Bureau,"Romance,Sci-Fi,Thriller",7.1,227616,Sci-Fi
81,2011-03-04,The Adjustment Bureau,50200000,62495645,126931325,3,76731325,152.8512450199203,Profit,tt1385826,The Adjustment Bureau,"Romance,Sci-Fi,Thriller",7.1,227616,Thriller
84,2012-06-29,Ted,50000000,218665740,556016627,6,506016627,1012.0332539999999,Profit,tt1637725,Ted,"Comedy,Fantasy",6.9,538367,Comedy
84,2012-06-29,Ted,50000000,218665740,556016627,6,506016627,1012.0332539999999,Profit,tt1637725,Ted,"Comedy,Fantasy",6.9,538367,Fantasy
85,2014-06-13,22 Jump Street,50000000,191719337,331333876,6,281333876,562.6677520000001,Profit,tt2294449,22 Jump Street,"Action,Comedy,Crime",7.0,319504,Action
85,2014-06-13,22 Jump Street,50000000,191719337,331333876,6,281333876,562.6677520000001,Profit,tt2294449,22 Jump Street,"Action,Comedy,Crime",7.0,319504,Comedy
85,2014-06-13,22 Jump Street,50000000,191719337,331333876,6,281333876,562.6677520000001,Profit,tt2294449,22 Jump Street,"Action,Comedy,Crime",7.0,319504,Crime
91,2016-06-17,Central Intelligence,50000000,127440871,217194805,6,167194805,334.38961,Profit,tt1489889,Central Intelligence,"Action,Comedy,Crime",6.3,138872,Action
91,2016-06-17,Central Intelligence,50000000,127440871,217194805,6,167194805,334.38961,Profit,tt1489889,Central Intelligence,"Action,Comedy,Crime",6.3,138872,Comedy
91,2016-06-17,Central Intelligence,50000000,127440871,217194805,6,167194805,334.38961,Profit,tt1489889,Central Intelligence,"Action,Comedy,Crime",6.3,138872,Crime
92,2013-12-18,Anchorman 2: The Legend Continues,50000000,127352707,172185754,12,122185754,244.371508,Profit,tt1229340,Anchorman 2: The Legend Continues,Comedy,6.3,156116,Comedy
93,2011-06-10,Super 8,50000000,127004179,257972745,6,207972745,415.94549,Profit,tt1650062,Super 8,"Mystery,Sci-Fi,Thriller",7.0,320575,Mystery
93,2011-06-10,Super 8,50000000,127004179,257972745,6,207972745,415.94549,Profit,tt1650062,Super 8,"Mystery,Sci-Fi,Thriller",7.0,320575,Sci-Fi
93,2011-06-10,Super 8,50000000,127004179,257972745,6,207972745,415.94549,Profit,tt1650062,Super 8,"Mystery,Sci-Fi,Thriller",7.0,320575,Thriller
96,2018-11-21,Creed II,50000000,115715889,213591522,11,163591522,327.183044,Profit,tt6343314,Creed II,"Drama,Sport",7.2,72503,Drama
96,2018-11-21,Creed II,50000000,115715889,213591522,11,163591522,327.183044,Profit,tt6343314,Creed II,"Drama,Sport",7.2,72503,Sport
97,2018-02-09,Peter Rabbit,50000000,115234093,347136477,2,297136477,594.272954,Profit,tt5117670,Peter Rabbit,"Adventure,Animation,Comedy",6.6,27908,Adventure
97,2018-02-09,Peter Rabbit,50000000,115234093,347136477,2,297136477,594.272954,Profit,tt5117670,Peter Rabbit,"Adventure,Animation,Comedy",6.6,27908,Animation
97,2018-02-09,Peter Rabbit,50000000,115234093,347136477,2,297136477,594.272954,Profit,tt5117670,Peter Rabbit,"Adventure,Animation,Comedy",6.6,27908,Comedy
100,2018-12-14,The Mule,50000000,103804407,170857676,12,120857676,241.715352,Profit,tt7959026,The Mule,"Crime,Drama,Thriller",7.1,58955,Crime
100,2018-12-14,The Mule,50000000,103804407,170857676,12,120857676,241.715352,Profit,tt7959026,The Mule,"Crime,Drama,Thriller",7.1,58955,Drama
100,2018-12-14,The Mule,50000000,103804407,170857676,12,120857676,241.715352,Profit,tt7959026,The Mule,"Crime,Drama,Thriller",7.1,58955,Thriller
2,2014-02-28,Non-Stop,50000000,91742160,222383055,2,172383055,344.76610999999997,Profit,tt2024469,Non-Stop,"Action,Mystery,Thriller",7.0,234717,Action
2,2014-02-28,Non-Stop,50000000,91742160,222383055,2,172383055,344.76610999999997,Profit,tt2024469,Non-Stop,"Action,Mystery,Thriller",7.0,234717,Mystery
2,2014-02-28,Non-Stop,50000000,91742160,222383055,2,172383055,344.76610999999997,Profit,tt2024469,Non-Stop,"Action,Mystery,Thriller",7.0,234717,Thriller
7,2017-07-28,The Emoji Movie,50000000,86089513,216562312,7,166562312,333.124624,Profit,tt4877122,The Emoji Movie,"Adventure,Animation,Comedy",3.2,47294,Adventure
7,2017-07-28,The Emoji Movie,50000000,86089513,216562312,7,166562312,333.124624,Profit,tt4877122,The Emoji Movie,"Adventure,Animation,Comedy",3.2,47294,Animation
7,2017-07-28,The Emoji Movie,50000000,86089513,216562312,7,166562312,333.124624,Profit,tt4877122,The Emoji Movie,"Adventure,Animation,Comedy",3.2,47294,Comedy
9,2017-12-22,The Post,50000000,81903458,179748880,12,129748880,259.49775999999997,Profit,tt6294822,The Post,"Biography,Drama,History",7.2,108017,Biography
9,2017-12-22,The Post,50000000,81903458,179748880,12,129748880,259.49775999999997,Profit,tt6294822,The Post,"Biography,Drama,History",7.2,108017,Drama
9,2017-12-22,The Post,50000000,81903458,179748880,12,129748880,259.49775999999997,Profit,tt6294822,The Post,"Biography,Drama,History",7.2,108017,History
14,2011-12-23,We Bought a Zoo,50000000,75624550,118729073,12,68729073,137.458146,Profit,tt1389137,We Bought a Zoo,"Comedy,Drama,Family",7.1,126849,Comedy
14,2011-12-23,We Bought a Zoo,50000000,75624550,118729073,12,68729073,137.458146,Profit,tt1389137,We Bought a Zoo,"Comedy,Drama,Family",7.1,126849,Drama
14,2011-12-23,We Bought a Zoo,50000000,75624550,118729073,12,68729073,137.458146,Profit,tt1389137,We Bought a Zoo,"Comedy,Drama,Family",7.1,126849,Family
15,2011-09-23,Moneyball,50000000,75605492,111300835,9,61300835,122.60167,Profit,tt1210166,Moneyball,"Biography,Drama,Sport",7.6,326657,Biography
15,2011-09-23,Moneyball,50000000,75605492,111300835,9,61300835,122.60167,Profit,tt1210166,Moneyball,"Biography,Drama,Sport",7.6,326657,Drama
15,2011-09-23,Moneyball,50000000,75605492,111300835,9,61300835,122.60167,Profit,tt1210166,Moneyball,"Biography,Drama,Sport",7.6,326657,Sport
26,2012-04-06,American Reunion,50000000,56758835,236799211,4,186799211,373.598422,Profit,tt1605630,American Reunion,Comedy,6.7,192250,Comedy
27,2013-01-25,Hansel & Gretel: Witch Hunters,50000000,55703475,214949716,1,164949716,329.899432,Profit,tt1428538,Hansel & Gretel: Witch Hunters,"Action,Fantasy,Horror",6.1,183387,Action
27,2013-01-25,Hansel & Gretel: Witch Hunters,50000000,55703475,214949716,1,164949716,329.899432,Profit,tt1428538,Hansel & Gretel: Witch Hunters,"Action,Fantasy,Horror",6.1,183387,Fantasy
27,2013-01-25,Hansel & Gretel: Witch Hunters,50000000,55703475,214949716,1,164949716,329.899432,Profit,tt1428538,Hansel & Gretel: Witch Hunters,"Action,Fantasy,Horror",6.1,183387,Horror
32,2017-09-29,American Made,50000000,51342000,135569212,9,85569212,171.138424,Profit,tt3532216,American Made,"Action,Biography,Comedy",7.2,131043,Action
32,2017-09-29,American Made,50000000,51342000,135569212,9,85569212,171.138424,Profit,tt3532216,American Made,"Action,Biography,Comedy",7.2,131043,Biography
32,2017-09-29,American Made,50000000,51342000,135569212,9,85569212,171.138424,Profit,tt3532216,American Made,"Action,Biography,Comedy",7.2,131043,Comedy
35,2014-10-17,The Book of Life,50000000,50151543,97651543,10,47651543,95.30308600000001,Profit,tt2262227,The Book of Life,"Adventure,Animation,Comedy",7.3,59486,Adventure
35,2014-10-17,The Book of Life,50000000,50151543,97651543,10,47651543,95.30308600000001,Profit,tt2262227,The Book of Life,"Adventure,Animation,Comedy",7.3,59486,Animation
35,2014-10-17,The Book of Life,50000000,50151543,97651543,10,47651543,95.30308600000001,Profit,tt2262227,The Book of Life,"Adventure,Animation,Comedy",7.3,59486,Comedy
40,2014-08-08,Into the Storm,50000000,47602194,150429371,8,100429371,200.858742,Profit,tt2106361,Into the Storm,"Action,Adventure,Drama",5.8,60894,Action
40,2014-08-08,Into the Storm,50000000,47602194,150429371,8,100429371,200.858742,Profit,tt2106361,Into the Storm,"Action,Adventure,Drama",5.8,60894,Adventure
40,2014-08-08,Into the Storm,50000000,47602194,150429371,8,100429371,200.858742,Profit,tt2106361,Into the Storm,"Action,Adventure,Drama",5.8,60894,Drama
41,2014-10-10,The Judge,50000000,47119388,76119388,10,26119388,52.238776,Profit,tt1872194,The Judge,"Crime,Drama",7.4,162952,Crime
41,2014-10-10,The Judge,50000000,47119388,76119388,10,26119388,52.238776,Profit,tt1872194,The Judge,"Crime,Drama",7.4,162952,Drama
45,2016-08-19,War Dogs,50000000,43034523,86234503,8,36234503,72.46900600000001,Profit,tt2005151,War Dogs,"Comedy,Crime,Drama",7.1,154029,Comedy
45,2016-08-19,War Dogs,50000000,43034523,86234503,8,36234503,72.46900600000001,Profit,tt2005151,War Dogs,"Comedy,Crime,Drama",7.1,154029,Crime
45,2016-08-19,War Dogs,50000000,43034523,86234503,8,36234503,72.46900600000001,Profit,tt2005151,War Dogs,"Comedy,Crime,Drama",7.1,154029,Drama
56,2016-05-20,The Nice Guys,50000000,36261763,59596747,5,9596747,19.193494,Profit,tt3799694,The Nice Guys,"Action,Comedy,Crime",7.4,240337,Action
56,2016-05-20,The Nice Guys,50000000,36261763,59596747,5,9596747,19.193494,Profit,tt3799694,The Nice Guys,"Action,Comedy,Crime",7.4,240337,Comedy
56,2016-05-20,The Nice Guys,50000000,36261763,59596747,5,9596747,19.193494,Profit,tt3799694,The Nice Guys,"Action,Comedy,Crime",7.4,240337,Crime
59,2010-06-04,Marmaduke,50000000,33644788,89895930,6,39895930,79.79186,Profit,tt1392197,Marmaduke,"Comedy,Family",4.2,13283,Comedy
59,2010-06-04,Marmaduke,50000000,33644788,89895930,6,39895930,79.79186,Profit,tt1392197,Marmaduke,"Comedy,Family",4.2,13283,Family
61,2010-10-15,Hereafter,50000000,32746941,108660270,10,58660270,117.32054000000001,Profit,tt1212419,Hereafter,"Drama,Fantasy,Romance",6.5,87288,Drama
61,2010-10-15,Hereafter,50000000,32746941,108660270,10,58660270,117.32054000000001,Profit,tt1212419,Hereafter,"Drama,Fantasy,Romance",6.5,87288,Fantasy
61,2010-10-15,Hereafter,50000000,32746941,108660270,10,58660270,117.32054000000001,Profit,tt1212419,Hereafter,"Drama,Fantasy,Romance",6.5,87288,Romance
64,2016-02-12,Zoolander 2,50000000,28848693,55348693,2,5348693,10.697386,Profit,tt1608290,Zoolander 2,Comedy,4.7,59914,Comedy
68,2013-03-29,The Host,50000000,26623701,64477051,3,14477051,28.954102,Profit,tt1517260,The Host,"Action,Adventure,Drama",5.9,105633,Action
68,2013-03-29,The Host,50000000,26623701,64477051,3,14477051,28.954102,Profit,tt1517260,The Host,"Action,Adventure,Drama",5.9,105633,Adventure
68,2013-03-29,The Host,50000000,26623701,64477051,3,14477051,28.954102,Profit,tt1517260,The Host,"Action,Adventure,Drama",5.9,105633,Drama
70,2015-03-13,Run All Night,50000000,26461644,66961644,3,16961644,33.923288,Profit,tt2199571,Run All Night,"Action,Drama,Thriller",6.6,94131,Action
70,2015-03-13,Run All Night,50000000,26461644,66961644,3,16961644,33.923288,Profit,tt2199571,Run All Night,"Action,Drama,Thriller",6.6,94131,Drama
70,2015-03-13,Run All Night,50000000,26461644,66961644,3,16961644,33.923288,Profit,tt2199571,Run All Night,"Action,Drama,Thriller",6.6,94131,Thriller
77,2019-04-12,Hellboy,50000000,21903748,40725492,4,-9274508,-18.549015999999998,Loss,tt2274648,Hellboy,"Action,Adventure,Fantasy",5.4,19534,Action
77,2019-04-12,Hellboy,50000000,21903748,40725492,4,-9274508,-18.549015999999998,Loss,tt2274648,Hellboy,"Action,Adventure,Fantasy",5.4,19534,Adventure
77,2019-04-12,Hellboy,50000000,21903748,40725492,4,-9274508,-18.549015999999998,Loss,tt2274648,Hellboy,"Action,Adventure,Fantasy",5.4,19534,Fantasy
78,2011-04-08,Your Highness,50000000,21596445,26121638,4,-23878362,-47.756724,Loss,tt1240982,Your Highness,"Adventure,Comedy,Fantasy",5.5,92940,Adventure
78,2011-04-08,Your Highness,50000000,21596445,26121638,4,-23878362,-47.756724,Loss,tt1240982,Your Highness,"Adventure,Comedy,Fantasy",5.5,92940,Comedy
78,2011-04-08,Your Highness,50000000,21596445,26121638,4,-23878362,-47.756724,Loss,tt1240982,Your Highness,"Adventure,Comedy,Fantasy",5.5,92940,Fantasy
79,2016-09-16,Snowden,50000000,21587519,35380918,9,-14619082,-29.238164,Loss,tt3774114,Snowden,"Biography,Drama,Thriller",7.3,119149,Biography
79,2016-09-16,Snowden,50000000,21587519,35380918,9,-14619082,-29.238164,Loss,tt3774114,Snowden,"Biography,Drama,Thriller",7.3,119149,Drama
79,2016-09-16,Snowden,50000000,21587519,35380918,9,-14619082,-29.238164,Loss,tt3774114,Snowden,"Biography,Drama,Thriller",7.3,119149,Thriller
80,2011-09-30,Dream House,50000000,21302340,41642166,9,-8357834,-16.715668,Loss,tt1462041,Dream House,"Drama,Mystery,Thriller",6.0,59714,Drama
80,2011-09-30,Dream House,50000000,21302340,41642166,9,-8357834,-16.715668,Loss,tt1462041,Dream House,"Drama,Mystery,Thriller",6.0,59714,Mystery
80,2011-09-30,Dream House,50000000,21302340,41642166,9,-8357834,-16.715668,Loss,tt1462041,Dream House,"Drama,Mystery,Thriller",6.0,59714,Thriller
81,2016-06-24,Free State of Jones,50000000,20810036,23237252,6,-26762748,-53.525496,Loss,tt1124037,Free State of Jones,"Action,Biography,Drama",6.9,45135,Action
81,2016-06-24,Free State of Jones,50000000,20810036,23237252,6,-26762748,-53.525496,Loss,tt1124037,Free State of Jones,"Action,Biography,Drama",6.9,45135,Biography
81,2016-06-24,Free State of Jones,50000000,20810036,23237252,6,-26762748,-53.525496,Loss,tt1124037,Free State of Jones,"Action,Biography,Drama",6.9,45135,Drama
85,2013-02-14,Beautiful Creatures,50000000,19452138,60282876,2,10282876,20.565752,Profit,tt1559547,Beautiful Creatures,"Drama,Fantasy,Romance",6.2,79764,Drama
85,2013-02-14,Beautiful Creatures,50000000,19452138,60282876,2,10282876,20.565752,Profit,tt1559547,Beautiful Creatures,"Drama,Fantasy,Romance",6.2,79764,Fantasy
85,2013-02-14,Beautiful Creatures,50000000,19452138,60282876,2,10282876,20.565752,Profit,tt1559547,Beautiful Creatures,"Drama,Fantasy,Romance",6.2,79764,Romance
91,2011-02-25,Drive Angry,50000000,10721033,41042583,2,-8957417,-17.914834,Loss,tt1502404,Drive Angry,"Action,Fantasy,Thriller",5.4,90203,Action
91,2011-02-25,Drive Angry,50000000,10721033,41042583,2,-8957417,-17.914834,Loss,tt1502404,Drive Angry,"Action,Fantasy,Thriller",5.4,90203,Fantasy
91,2011-02-25,Drive Angry,50000000,10721033,41042583,2,-8957417,-17.914834,Loss,tt1502404,Drive Angry,"Action,Fantasy,Thriller",5.4,90203,Thriller
98,2018-02-16,Early Man,50000000,8267544,45285890,2,-4714110,-9.42822,Loss,tt4701724,Early Man,"Adventure,Animation,Comedy",6.1,15882,Adventure
98,2018-02-16,Early Man,50000000,8267544,45285890,2,-4714110,-9.42822,Loss,tt4701724,Early Man,"Adventure,Animation,Comedy",6.1,15882,Animation
98,2018-02-16,Early Man,50000000,8267544,45285890,2,-4714110,-9.42822,Loss,tt4701724,Early Man,"Adventure,Animation,Comedy",6.1,15882,Comedy
2,2015-04-17,Child 44,50000000,1224330,8004221,4,-41995779,-83.991558,Loss,tt1014763,Child 44,"Crime,Drama,History",6.5,59477,Crime
2,2015-04-17,Child 44,50000000,1224330,8004221,4,-41995779,-83.991558,Loss,tt1014763,Child 44,"Crime,Drama,History",6.5,59477,Drama
2,2015-04-17,Child 44,50000000,1224330,8004221,4,-41995779,-83.991558,Loss,tt1014763,Child 44,"Crime,Drama,History",6.5,59477,History
4,2013-03-15,Upside Down,50000000,102118,26387039,3,-23612961,-47.225922,Loss,tt1374992,Upside Down,"Drama,Fantasy,Romance",6.4,66347,Drama
4,2013-03-15,Upside Down,50000000,102118,26387039,3,-23612961,-47.225922,Loss,tt1374992,Upside Down,"Drama,Fantasy,Romance",6.4,66347,Fantasy
4,2013-03-15,Upside Down,50000000,102118,26387039,3,-23612961,-47.225922,Loss,tt1374992,Upside Down,"Drama,Fantasy,Romance",6.4,66347,Romance
5,2015-10-02,Shanghai,50000000,46425,15505922,10,-34494078,-68.988156,Loss,tt2072227,Shanghai,"Crime,Mystery,Thriller",7.2,9047,Crime
5,2015-10-02,Shanghai,50000000,46425,15505922,10,-34494078,-68.988156,Loss,tt2072227,Shanghai,"Crime,Mystery,Thriller",7.2,9047,Mystery
5,2015-10-02,Shanghai,50000000,46425,15505922,10,-34494078,-68.988156,Loss,tt2072227,Shanghai,"Crime,Mystery,Thriller",7.2,9047,Thriller
11,2015-03-06,Chappie,49000000,31569268,105002056,3,56002056,114.28991020408164,Profit,tt1823672,Chappie,"Action,Crime,Drama",6.8,213733,Action
11,2015-03-06,Chappie,49000000,31569268,105002056,3,56002056,114.28991020408164,Profit,tt1823672,Chappie,"Action,Crime,Drama",6.8,213733,Crime
11,2015-03-06,Chappie,49000000,31569268,105002056,3,56002056,114.28991020408164,Profit,tt1823672,Chappie,"Action,Crime,Drama",6.8,213733,Drama
13,2012-11-16,Anna Karenina,49000000,12816367,71004627,11,22004627,44.90740204081632,Profit,tt1781769,Anna Karenina,"Drama,Romance",6.6,84668,Drama
13,2012-11-16,Anna Karenina,49000000,12816367,71004627,11,22004627,44.90740204081632,Profit,tt1781769,Anna Karenina,"Drama,Romance",6.6,84668,Romance
18,2015-01-09,Taken 3,48000000,89256424,327656424,1,279656424,582.6175499999999,Profit,tt2446042,Taken 3,"Action,Thriller",6.0,165072,Action
18,2015-01-09,Taken 3,48000000,89256424,327656424,1,279656424,582.6175499999999,Profit,tt2446042,Taken 3,"Action,Thriller",6.0,165072,Thriller
20,2018-11-16,Instant Family,48000000,67363237,119736188,11,71736188,149.45039166666666,Profit,tt7401588,Instant Family,"Comedy,Drama",7.4,46728,Comedy
20,2018-11-16,Instant Family,48000000,67363237,119736188,11,71736188,149.45039166666666,Profit,tt7401588,Instant Family,"Comedy,Drama",7.4,46728,Drama
23,2010-01-22,Tooth Fairy,48000000,60022256,112610386,1,64610386,134.60497083333334,Profit,tt0808510,Tooth Fairy,"Comedy,Family,Fantasy",5.0,37939,Comedy
23,2010-01-22,Tooth Fairy,48000000,60022256,112610386,1,64610386,134.60497083333334,Profit,tt0808510,Tooth Fairy,"Comedy,Family,Fantasy",5.0,37939,Family
23,2010-01-22,Tooth Fairy,48000000,60022256,112610386,1,64610386,134.60497083333334,Profit,tt0808510,Tooth Fairy,"Comedy,Family,Fantasy",5.0,37939,Fantasy
32,2016-07-13,The Infiltrator,47500000,15436808,20718104,7,-26781896,-56.38293894736842,Loss,tt1355631,The Infiltrator,"Biography,Crime,Drama",7.0,61547,Biography
32,2016-07-13,The Infiltrator,47500000,15436808,20718104,7,-26781896,-56.38293894736842,Loss,tt1355631,The Infiltrator,"Biography,Crime,Drama",7.0,61547,Crime
32,2016-07-13,The Infiltrator,47500000,15436808,20718104,7,-26781896,-56.38293894736842,Loss,tt1355631,The Infiltrator,"Biography,Crime,Drama",7.0,61547,Drama
34,2016-11-11,Arrival,47000000,100546139,203127894,11,156127894,332.1870085106383,Profit,tt2543164,Arrival,"Drama,Mystery,Sci-Fi",7.9,515483,Drama
34,2016-11-11,Arrival,47000000,100546139,203127894,11,156127894,332.1870085106383,Profit,tt2543164,Arrival,"Drama,Mystery,Sci-Fi",7.9,515483,Mystery
34,2016-11-11,Arrival,47000000,100546139,203127894,11,156127894,332.1870085106383,Profit,tt2543164,Arrival,"Drama,Mystery,Sci-Fi",7.9,515483,Sci-Fi
40,2010-06-18,Jonah Hex,47000000,10547117,11022696,6,-35977304,-76.54745531914894,Loss,tt1075747,Jonah Hex,"Action,Drama,Fantasy",4.7,51860,Action
40,2010-06-18,Jonah Hex,47000000,10547117,11022696,6,-35977304,-76.54745531914894,Loss,tt1075747,Jonah Hex,"Action,Drama,Fantasy",4.7,51860,Drama
40,2010-06-18,Jonah Hex,47000000,10547117,11022696,6,-35977304,-76.54745531914894,Loss,tt1075747,Jonah Hex,"Action,Drama,Fantasy",4.7,51860,Fantasy
42,2016-12-23,Silence,46500000,7100177,23726626,12,-22773374,-48.97499784946236,Loss,tt0490215,Silence,"Adventure,Drama,History",7.2,85242,Adventure
42,2016-12-23,Silence,46500000,7100177,23726626,12,-22773374,-48.97499784946236,Loss,tt0490215,Silence,"Adventure,Drama,History",7.2,85242,Drama
42,2016-12-23,Silence,46500000,7100177,23726626,12,-22773374,-48.97499784946236,Loss,tt0490215,Silence,"Adventure,Drama,History",7.2,85242,History
48,2013-09-20,Prisoners,46000000,61002302,113402302,9,67402302,146.52674347826087,Profit,tt1392214,Prisoners,"Crime,Drama,Mystery",8.1,526273,Crime
48,2013-09-20,Prisoners,46000000,61002302,113402302,9,67402302,146.52674347826087,Profit,tt1392214,Prisoners,"Crime,Drama,Mystery",8.1,526273,Drama
48,2013-09-20,Prisoners,46000000,61002302,113402302,9,67402302,146.52674347826087,Profit,tt1392214,Prisoners,"Crime,Drama,Mystery",8.1,526273,Mystery
54,2012-10-05,Taken 2,45000000,139854287,377807404,10,332807404,739.572008888889,Profit,tt1397280,Taken 2,"Action,Thriller",6.3,273106,Action
54,2012-10-05,Taken 2,45000000,139854287,377807404,10,332807404,739.572008888889,Profit,tt1397280,Taken 2,"Action,Thriller",6.3,273106,Thriller
58,2017-12-22,Pitch Perfect 3,45000000,104897530,185736412,12,140736412,312.7475822222222,Profit,tt4765284,Pitch Perfect 3,"Comedy,Music",5.8,45127,Comedy
58,2017-12-22,Pitch Perfect 3,45000000,104897530,185736412,12,140736412,312.7475822222222,Profit,tt4765284,Pitch Perfect 3,"Comedy,Music",5.8,45127,Music
64,2011-11-23,The Muppets,45000000,88625922,160971922,11,115971922,257.7153822222222,Profit,tt1204342,The Muppets,"Adventure,Comedy,Family",7.1,82752,Adventure
64,2011-11-23,The Muppets,45000000,88625922,160971922,11,115971922,257.7153822222222,Profit,tt1204342,The Muppets,"Adventure,Comedy,Family",7.1,82752,Comedy
64,2011-11-23,The Muppets,45000000,88625922,160971922,11,115971922,257.7153822222222,Profit,tt1204342,The Muppets,"Adventure,Comedy,Family",7.1,82752,Family
68,2016-10-07,The Girl on the Train,45000000,75395035,174278214,10,129278214,287.28492,Profit,tt3631112,The Girl on the Train,"Crime,Drama,Mystery",6.5,150977,Crime
68,2016-10-07,The Girl on the Train,45000000,75395035,174278214,10,129278214,287.28492,Profit,tt3631112,The Girl on the Train,"Crime,Drama,Mystery",6.5,150977,Drama
68,2016-10-07,The Girl on the Train,45000000,75395035,174278214,10,129278214,287.28492,Profit,tt3631112,The Girl on the Train,"Crime,Drama,Mystery",6.5,150977,Mystery
73,2010-03-19,The Bounty Hunter,45000000,67061228,135808837,3,90808837,201.79741555555557,Profit,tt1038919,The Bounty Hunter,"Action,Comedy,Romance",5.6,112444,Action
73,2010-03-19,The Bounty Hunter,45000000,67061228,135808837,3,90808837,201.79741555555557,Profit,tt1038919,The Bounty Hunter,"Action,Comedy,Romance",5.6,112444,Comedy
73,2010-03-19,The Bounty Hunter,45000000,67061228,135808837,3,90808837,201.79741555555557,Profit,tt1038919,The Bounty Hunter,"Action,Comedy,Romance",5.6,112444,Romance
81,2016-12-09,Office Christmas Party,45000000,54767494,91323299,12,46323299,102.94066444444445,Profit,tt1711525,Office Christmas Party,Comedy,5.8,59253,Comedy
88,2012-07-06,Savages,45000000,47323100,82513490,7,37513490,83.36331111111112,Profit,tt1615065,Savages,"Crime,Drama,Thriller",6.5,115793,Crime
88,2012-07-06,Savages,45000000,47323100,82513490,7,37513490,83.36331111111112,Profit,tt1615065,Savages,"Crime,Drama,Thriller",6.5,115793,Drama
88,2012-07-06,Savages,45000000,47323100,82513490,7,37513490,83.36331111111112,Profit,tt1615065,Savages,"Crime,Drama,Thriller",6.5,115793,Thriller
90,2014-05-23,Blended,45000000,46290741,127990741,5,82990741,184.42386888888888,Profit,tt1086772,Blended,"Comedy,Romance",6.5,106491,Comedy
90,2014-05-23,Blended,45000000,46290741,127990741,5,82990741,184.42386888888888,Profit,tt1086772,Blended,"Comedy,Romance",6.5,106491,Romance
91,2017-06-16,All Eyez on Me,45000000,44922302,54876855,6,9876855,21.948566666666665,Profit,tt1666185,All Eyez on Me,"Biography,Drama,Music",5.8,18541,Biography
91,2017-06-16,All Eyez on Me,45000000,44922302,54876855,6,9876855,21.948566666666665,Profit,tt1666185,All Eyez on Me,"Biography,Drama,Music",5.8,18541,Drama
91,2017-06-16,All Eyez on Me,45000000,44922302,54876855,6,9876855,21.948566666666665,Profit,tt1666185,All Eyez on Me,"Biography,Drama,Music",5.8,18541,Music
6,2019-05-03,UglyDolls,45000000,19894664,24644664,5,-20355336,-45.23408,Loss,tt1946502,UglyDolls,"Adventure,Animation,Comedy",4.5,1176,Adventure
6,2019-05-03,UglyDolls,45000000,19894664,24644664,5,-20355336,-45.23408,Loss,tt1946502,UglyDolls,"Adventure,Animation,Comedy",4.5,1176,Animation
6,2019-05-03,UglyDolls,45000000,19894664,24644664,5,-20355336,-45.23408,Loss,tt1946502,UglyDolls,"Adventure,Animation,Comedy",4.5,1176,Comedy
11,2010-02-19,The Ghost Writer,45000000,15541549,65532491,2,20532491,45.62775777777778,Profit,tt1139328,The Ghost Writer,"Drama,Mystery,Thriller",7.2,148274,Drama
11,2010-02-19,The Ghost Writer,45000000,15541549,65532491,2,20532491,45.62775777777778,Profit,tt1139328,The Ghost Writer,"Drama,Mystery,Thriller",7.2,148274,Mystery
11,2010-02-19,The Ghost Writer,45000000,15541549,65532491,2,20532491,45.62775777777778,Profit,tt1139328,The Ghost Writer,"Drama,Mystery,Thriller",7.2,148274,Thriller
15,2012-09-21,Dredd,45000000,13414714,41467606,9,-3532394,-7.849764444444444,Loss,tt1343727,Dredd,"Action,Crime,Sci-Fi",7.1,234616,Action
15,2012-09-21,Dredd,45000000,13414714,41467606,9,-3532394,-7.849764444444444,Loss,tt1343727,Dredd,"Action,Crime,Sci-Fi",7.1,234616,Crime
15,2012-09-21,Dredd,45000000,13414714,41467606,9,-3532394,-7.849764444444444,Loss,tt1343727,Dredd,"Action,Crime,Sci-Fi",7.1,234616,Sci-Fi
16,2011-10-28,The Rum Diary,45000000,13109815,21544732,10,-23455268,-52.122817777777776,Loss,tt0376136,The Rum Diary,"Comedy,Drama",6.2,94787,Comedy
16,2011-10-28,The Rum Diary,45000000,13109815,21544732,10,-23455268,-52.122817777777776,Loss,tt0376136,The Rum Diary,"Comedy,Drama",6.2,94787,Drama
18,2018-12-21,Welcome to Marwen,45000000,10763520,12874922,12,-32125078,-71.38906222222222,Loss,tt3289724,Welcome to Marwen,"Biography,Comedy,Drama",6.1,8920,Biography
18,2018-12-21,Welcome to Marwen,45000000,10763520,12874922,12,-32125078,-71.38906222222222,Loss,tt3289724,Welcome to Marwen,"Biography,Comedy,Drama",6.1,8920,Comedy
18,2018-12-21,Welcome to Marwen,45000000,10763520,12874922,12,-32125078,-71.38906222222222,Loss,tt3289724,Welcome to Marwen,"Biography,Comedy,Drama",6.1,8920,Drama
19,2011-10-21,Johnny English Reborn,45000000,8406711,164640401,10,119640401,265.8675577777778,Profit,tt1634122,Johnny English Reborn,"Action,Adventure,Comedy",6.3,110824,Action
19,2011-10-21,Johnny English Reborn,45000000,8406711,164640401,10,119640401,265.8675577777778,Profit,tt1634122,Johnny English Reborn,"Action,Adventure,Comedy",6.3,110824,Adventure
19,2011-10-21,Johnny English Reborn,45000000,8406711,164640401,10,119640401,265.8675577777778,Profit,tt1634122,Johnny English Reborn,"Action,Adventure,Comedy",6.3,110824,Comedy
26,2012-12-31,Foodfight!,45000000,0,73706,12,-44926294,-99.83620888888889,Loss,tt0249516,Foodfight!,"Action,Animation,Comedy",1.9,8248,Action
26,2012-12-31,Foodfight!,45000000,0,73706,12,-44926294,-99.83620888888889,Loss,tt0249516,Foodfight!,"Action,Animation,Comedy",1.9,8248,Animation
26,2012-12-31,Foodfight!,45000000,0,73706,12,-44926294,-99.83620888888889,Loss,tt0249516,Foodfight!,"Action,Animation,Comedy",1.9,8248,Comedy
27,2012-10-12,Argo,44500000,136025503,227140757,10,182640757,410.42866741573033,Profit,tt1024648,Argo,"Biography,Drama,Thriller",7.7,534683,Biography
27,2012-10-12,Argo,44500000,136025503,227140757,10,182640757,410.42866741573033,Profit,tt1024648,Argo,"Biography,Drama,Thriller",7.7,534683,Drama
27,2012-10-12,Argo,44500000,136025503,227140757,10,182640757,410.42866741573033,Profit,tt1024648,Argo,"Biography,Drama,Thriller",7.7,534683,Thriller
31,2010-07-30,Charlie St. Cloud,44000000,31206263,48478084,7,4478084,10.177463636363635,Profit,tt1438254,Charlie St. Cloud,"Drama,Fantasy,Romance",6.5,55016,Drama
31,2010-07-30,Charlie St. Cloud,44000000,31206263,48478084,7,4478084,10.177463636363635,Profit,tt1438254,Charlie St. Cloud,"Drama,Fantasy,Romance",6.5,55016,Fantasy
31,2010-07-30,Charlie St. Cloud,44000000,31206263,48478084,7,4478084,10.177463636363635,Profit,tt1438254,Charlie St. Cloud,"Drama,Fantasy,Romance",6.5,55016,Romance
33,2014-02-06,The Interview,44000000,6105175,12342632,2,-31657368,-71.94856363636364,Loss,tt2788710,The Interview,Comedy,6.5,286341,Comedy
35,2013-06-28,The Heat,43000000,159581587,229727774,6,186727774,434.25063720930234,Profit,tt2404463,The Heat,"Action,Comedy,Crime",6.6,153501,Action
35,2013-06-28,The Heat,43000000,159581587,229727774,6,186727774,434.25063720930234,Profit,tt2404463,The Heat,"Action,Comedy,Crime",6.6,153501,Comedy
35,2013-06-28,The Heat,43000000,159581587,229727774,6,186727774,434.25063720930234,Profit,tt2404463,The Heat,"Action,Comedy,Crime",6.6,153501,Crime
41,2017-01-06,A Monster Calls,43000000,3740823,46414530,1,3414530,7.940767441860465,Profit,tt3416532,A Monster Calls,"Animation,Drama,Fantasy",7.5,70416,Animation
41,2017-01-06,A Monster Calls,43000000,3740823,46414530,1,3414530,7.940767441860465,Profit,tt3416532,A Monster Calls,"Animation,Drama,Fantasy",7.5,70416,Drama
41,2017-01-06,A Monster Calls,43000000,3740823,46414530,1,3414530,7.940767441860465,Profit,tt3416532,A Monster Calls,"Animation,Drama,Fantasy",7.5,70416,Fantasy
42,2011-01-28,The Mechanic,42500000,29121498,76347393,1,33847393,79.64092470588236,Profit,tt0472399,The Mechanic,"Action,Crime,Thriller",6.6,141254,Action
42,2011-01-28,The Mechanic,42500000,29121498,76347393,1,33847393,79.64092470588236,Profit,tt0472399,The Mechanic,"Action,Crime,Thriller",6.6,141254,Crime
42,2011-01-28,The Mechanic,42500000,29121498,76347393,1,33847393,79.64092470588236,Profit,tt0472399,The Mechanic,"Action,Crime,Thriller",6.6,141254,Thriller
44,2012-03-16,21 Jump Street,42000000,138447667,202812429,3,160812429,382.88673571428575,Profit,tt1232829,21 Jump Street,"Action,Comedy,Crime",7.2,477771,Action
44,2012-03-16,21 Jump Street,42000000,138447667,202812429,3,160812429,382.88673571428575,Profit,tt1232829,21 Jump Street,"Action,Comedy,Crime",7.2,477771,Comedy
44,2012-03-16,21 Jump Street,42000000,138447667,202812429,3,160812429,382.88673571428575,Profit,tt1232829,21 Jump Street,"Action,Comedy,Crime",7.2,477771,Crime
51,2017-05-12,Snatched,42000000,45852178,57852177,5,15852177,37.743278571428576,Profit,tt2334871,Snatched,"Action,Adventure,Comedy",4.5,29997,Action
51,2017-05-12,Snatched,42000000,45852178,57852177,5,15852177,37.743278571428576,Profit,tt2334871,Snatched,"Action,Adventure,Comedy",4.5,29997,Adventure
51,2017-05-12,Snatched,42000000,45852178,57852177,5,15852177,37.743278571428576,Profit,tt2334871,Snatched,"Action,Adventure,Comedy",4.5,29997,Comedy
52,2012-10-12,Here Comes the Boom,42000000,45290318,73239258,10,31239258,74.37918571428571,Profit,tt1648179,Here Comes the Boom,"Action,Comedy,Sport",6.4,81761,Action
52,2012-10-12,Here Comes the Boom,42000000,45290318,73239258,10,31239258,74.37918571428571,Profit,tt1648179,Here Comes the Boom,"Action,Comedy,Sport",6.4,81761,Comedy
52,2012-10-12,Here Comes the Boom,42000000,45290318,73239258,10,31239258,74.37918571428571,Profit,tt1648179,Here Comes the Boom,"Action,Comedy,Sport",6.4,81761,Sport
55,2011-03-11,Red Riding Hood,42000000,37662162,91678442,3,49678442,118.28200476190476,Profit,tt1486185,Red Riding Hood,"Fantasy,Horror,Mystery",5.5,102369,Fantasy
55,2011-03-11,Red Riding Hood,42000000,37662162,91678442,3,49678442,118.28200476190476,Profit,tt1486185,Red Riding Hood,"Fantasy,Horror,Mystery",5.5,102369,Horror
55,2011-03-11,Red Riding Hood,42000000,37662162,91678442,3,49678442,118.28200476190476,Profit,tt1486185,Red Riding Hood,"Fantasy,Horror,Mystery",5.5,102369,Mystery
58,2018-12-25,Holmes & Watson,42000000,30568743,41926605,12,-73395,-0.17475,Loss,tt1255919,Holmes & Watson,"Adventure,Comedy,Crime",3.8,17661,Adventure
58,2018-12-25,Holmes & Watson,42000000,30568743,41926605,12,-73395,-0.17475,Loss,tt1255919,Holmes & Watson,"Adventure,Comedy,Crime",3.8,17661,Comedy
58,2018-12-25,Holmes & Watson,42000000,30568743,41926605,12,-73395,-0.17475,Loss,tt1255919,Holmes & Watson,"Adventure,Comedy,Crime",3.8,17661,Crime
59,2012-01-27,One for the Money,42000000,26414527,36197221,1,-5802779,-13.816140476190474,Loss,tt1598828,One for the Money,"Action,Comedy,Crime",5.3,38473,Action
59,2012-01-27,One for the Money,42000000,26414527,36197221,1,-5802779,-13.816140476190474,Loss,tt1598828,One for the Money,"Action,Comedy,Crime",5.3,38473,Comedy
59,2012-01-27,One for the Money,42000000,26414527,36197221,1,-5802779,-13.816140476190474,Loss,tt1598828,One for the Money,"Action,Comedy,Crime",5.3,38473,Crime
64,2012-01-27,Man on a Ledge,42000000,18620000,49621440,1,7621440,18.146285714285714,Profit,tt1568338,Man on a Ledge,"Action,Adventure,Crime",6.6,137507,Action
64,2012-01-27,Man on a Ledge,42000000,18620000,49621440,1,7621440,18.146285714285714,Profit,tt1568338,Man on a Ledge,"Action,Adventure,Crime",6.6,137507,Adventure
64,2012-01-27,Man on a Ledge,42000000,18620000,49621440,1,7621440,18.146285714285714,Profit,tt1568338,Man on a Ledge,"Action,Adventure,Crime",6.6,137507,Crime
65,2010-12-03,The Warrior's Way,42000000,5666340,8514325,12,-33485675,-79.72779761904762,Loss,tt1032751,The Warrior's Way,"Action,Fantasy,Western",6.3,24271,Action
65,2010-12-03,The Warrior's Way,42000000,5666340,8514325,12,-33485675,-79.72779761904762,Loss,tt1032751,The Warrior's Way,"Action,Fantasy,Western",6.3,24271,Fantasy
65,2010-12-03,The Warrior's Way,42000000,5666340,8514325,12,-33485675,-79.72779761904762,Loss,tt1032751,The Warrior's Way,"Action,Fantasy,Western",6.3,24271,Western
71,2019-05-31,Rocketman,41000000,57342725,108642725,5,67642725,164.982256097561,Profit,tt2066051,Rocketman,"Biography,Drama,Music",7.7,24266,Biography
71,2019-05-31,Rocketman,41000000,57342725,108642725,5,67642725,164.982256097561,Profit,tt2066051,Rocketman,"Biography,Drama,Music",7.7,24266,Drama
71,2019-05-31,Rocketman,41000000,57342725,108642725,5,67642725,164.982256097561,Profit,tt2066051,Rocketman,"Biography,Drama,Music",7.7,24266,Music
74,2011-10-14,The Big Year,41000000,7204138,7684524,10,-33315476,-81.25725853658537,Loss,tt1053810,The Big Year,Comedy,6.2,39522,Comedy
77,2010-06-11,The Karate Kid,40000000,176591618,351774938,6,311774938,779.437345,Profit,tt1155076,The Karate Kid,"Action,Drama,Family",6.2,146401,Action
77,2010-06-11,The Karate Kid,40000000,176591618,351774938,6,311774938,779.437345,Profit,tt1155076,The Karate Kid,"Action,Drama,Family",6.2,146401,Drama
77,2010-06-11,The Karate Kid,40000000,176591618,351774938,6,311774938,779.437345,Profit,tt1155076,The Karate Kid,"Action,Drama,Family",6.2,146401,Family
78,2015-02-13,Fifty Shades of Grey,40000000,166167230,570998101,2,530998101,1327.4952524999999,Profit,tt2322441,Fifty Shades of Grey,"Drama,Romance,Thriller",4.1,279126,Drama
78,2015-02-13,Fifty Shades of Grey,40000000,166167230,570998101,2,530998101,1327.4952524999999,Profit,tt2322441,Fifty Shades of Grey,"Drama,Romance,Thriller",4.1,279126,Romance
78,2015-02-13,Fifty Shades of Grey,40000000,166167230,570998101,2,530998101,1327.4952524999999,Profit,tt2322441,Fifty Shades of Grey,"Drama,Romance,Thriller",4.1,279126,Thriller
80,2013-12-13,American Hustle,40000000,150117807,257878294,12,217878294,544.695735,Profit,tt1800241,American Hustle,"Crime,Drama",7.2,418221,Crime
80,2013-12-13,American Hustle,40000000,150117807,257878294,12,217878294,544.695735,Profit,tt1800241,American Hustle,"Crime,Drama",7.2,418221,Drama
83,2014-07-25,Lucy,40000000,126573960,457507776,7,417507776,1043.76944,Profit,tt2872732,Lucy,"Action,Sci-Fi,Thriller",6.4,403194,Action
83,2014-07-25,Lucy,40000000,126573960,457507776,7,417507776,1043.76944,Profit,tt2872732,Lucy,"Action,Sci-Fi,Thriller",6.4,403194,Sci-Fi
83,2014-07-25,Lucy,40000000,126573960,457507776,7,417507776,1043.76944,Profit,tt2872732,Lucy,"Action,Sci-Fi,Thriller",6.4,403194,Thriller
84,2013-12-25,Lone Survivor,40000000,125095601,149804632,12,109804632,274.51158000000004,Profit,tt1091191,Lone Survivor,"Action,Biography,Drama",7.5,246641,Action
84,2013-12-25,Lone Survivor,40000000,125095601,149804632,12,109804632,274.51158000000004,Profit,tt1091191,Lone Survivor,"Action,Biography,Drama",7.5,246641,Biography
84,2013-12-25,Lone Survivor,40000000,125095601,149804632,12,109804632,274.51158000000004,Profit,tt1091191,Lone Survivor,"Action,Biography,Drama",7.5,246641,Drama
91,2010-10-01,The Social Network,40000000,96962694,224922135,10,184922135,462.30533749999995,Profit,tt1285016,The Social Network,"Biography,Drama",7.7,568578,Biography
91,2010-10-01,The Social Network,40000000,96962694,224922135,10,184922135,462.30533749999995,Profit,tt1285016,The Social Network,"Biography,Drama",7.7,568578,Drama
95,2016-01-15,Ride Along 2,40000000,90862685,124827316,1,84827316,212.06829,Profit,tt2869728,Ride Along 2,"Action,Comedy,Crime",5.9,48688,Action
95,2016-01-15,Ride Along 2,40000000,90862685,124827316,1,84827316,212.06829,Profit,tt2869728,Ride Along 2,"Action,Comedy,Crime",5.9,48688,Comedy
95,2016-01-15,Ride Along 2,40000000,90862685,124827316,1,84827316,212.06829,Profit,tt2869728,Ride Along 2,"Action,Comedy,Crime",5.9,48688,Crime
97,2015-03-27,Get Hard,40000000,90411453,106511453,3,66511453,166.2786325,Profit,tt2561572,Get Hard,"Comedy,Crime",6.0,111187,Comedy
97,2015-03-27,Get Hard,40000000,90411453,106511453,3,66511453,166.2786325,Profit,tt2561572,Get Hard,"Comedy,Crime",6.0,111187,Crime
100,2016-10-14,The Accountant,40000000,86260045,152962083,10,112962083,282.4052075,Profit,tt2140479,The Accountant,"Action,Crime,Drama",7.3,233022,Action
100,2016-10-14,The Accountant,40000000,86260045,152962083,10,112962083,282.4052075,Profit,tt2140479,The Accountant,"Action,Crime,Drama",7.3,233022,Crime
100,2016-10-14,The Accountant,40000000,86260045,152962083,10,112962083,282.4052075,Profit,tt2140479,The Accountant,"Action,Crime,Drama",7.3,233022,Drama
1,2014-11-14,Dumb and Dumber To,40000000,86208010,156553592,11,116553592,291.38398,Profit,tt2096672,Dumb and Dumber To,"Adventure,Comedy",5.6,118646,Adventure
1,2014-11-14,Dumb and Dumber To,40000000,86208010,156553592,11,116553592,291.38398,Profit,tt2096672,Dumb and Dumber To,"Adventure,Comedy",5.6,118646,Comedy
2,2014-04-25,The Other Woman,40000000,83911193,195111193,4,155111193,387.7779825,Profit,tt2203939,The Other Woman,"Comedy,Romance",6.0,122889,Comedy
2,2014-04-25,The Other Woman,40000000,83911193,195111193,4,155111193,387.7779825,Profit,tt2203939,The Other Woman,"Comedy,Romance",6.0,122889,Romance
6,2015-09-25,The Intern,40000000,75764672,197115710,9,157115710,392.789275,Profit,tt2361509,The Intern,"Comedy,Drama",7.1,191494,Comedy
6,2015-09-25,The Intern,40000000,75764672,197115710,9,157115710,392.789275,Profit,tt2361509,The Intern,"Comedy,Drama",7.1,191494,Drama
10,2015-10-16,Bridge of Spies,40000000,72313754,162498338,10,122498338,306.245845,Profit,tt3682448,Bridge of Spies,"Drama,History,Thriller",7.6,263004,Drama
10,2015-10-16,Bridge of Spies,40000000,72313754,162498338,10,122498338,306.245845,Profit,tt3682448,Bridge of Spies,"Drama,History,Thriller",7.6,263004,History
10,2015-10-16,Bridge of Spies,40000000,72313754,162498338,10,122498338,306.245845,Profit,tt3682448,Bridge of Spies,"Drama,History,Thriller",7.6,263004,Thriller
17,2016-11-04,Hacksaw Ridge,40000000,67209615,168904682,11,128904682,322.261705,Profit,tt2119532,Hacksaw Ridge,"Biography,Drama,History",8.1,366904,Biography
17,2016-11-04,Hacksaw Ridge,40000000,67209615,168904682,11,128904682,322.261705,Profit,tt2119532,Hacksaw Ridge,"Biography,Drama,History",8.1,366904,Drama
17,2016-11-04,Hacksaw Ridge,40000000,67209615,168904682,11,128904682,322.261705,Profit,tt2119532,Hacksaw Ridge,"Biography,Drama,History",8.1,366904,History
21,2011-02-18,Unknown,40000000,63686397,136123083,2,96123083,240.30770750000002,Profit,tt1401152,Unknown,"Action,Mystery,Thriller",6.9,235167,Action
21,2011-02-18,Unknown,40000000,63686397,136123083,2,96123083,240.30770750000002,Profit,tt1401152,Unknown,"Action,Mystery,Thriller",6.9,235167,Mystery
21,2011-02-18,Unknown,40000000,63686397,136123083,2,96123083,240.30770750000002,Profit,tt1401152,Unknown,"Action,Mystery,Thriller",6.9,235167,Thriller
22,2010-06-04,Get Him to the Greek,40000000,61153526,91455875,6,51455875,128.6396875,Profit,tt1226229,Get Him to the Greek,"Adventure,Comedy,Music",6.4,161653,Adventure
22,2010-06-04,Get Him to the Greek,40000000,61153526,91455875,6,51455875,128.6396875,Profit,tt1226229,Get Him to the Greek,"Adventure,Comedy,Music",6.4,161653,Comedy
22,2010-06-04,Get Him to the Greek,40000000,61153526,91455875,6,51455875,128.6396875,Profit,tt1226229,Get Him to the Greek,"Adventure,Comedy,Music",6.4,161653,Music
25,2011-03-18,The Lincoln Lawyer,40000000,58009200,87145086,3,47145086,117.86271500000001,Profit,tt1189340,The Lincoln Lawyer,"Crime,Drama,Thriller",7.3,196109,Crime
25,2011-03-18,The Lincoln Lawyer,40000000,58009200,87145086,3,47145086,117.86271500000001,Profit,tt1189340,The Lincoln Lawyer,"Crime,Drama,Thriller",7.3,196109,Drama
25,2011-03-18,The Lincoln Lawyer,40000000,58009200,87145086,3,47145086,117.86271500000001,Profit,tt1189340,The Lincoln Lawyer,"Crime,Drama,Thriller",7.3,196109,Thriller
31,2014-11-26,Horrible Bosses 2,40000000,54445357,105945357,11,65945357,164.8633925,Profit,tt2170439,Horrible Bosses 2,"Comedy,Crime",6.3,144442,Comedy
31,2014-11-26,Horrible Bosses 2,40000000,54445357,105945357,11,65945357,164.8633925,Profit,tt2170439,Horrible Bosses 2,"Comedy,Crime",6.3,144442,Crime
35,2010-07-09,Predators,40000000,52000688,127234389,7,87234389,218.0859725,Profit,tt1424381,Predators,"Action,Adventure,Sci-Fi",6.4,199764,Action
35,2010-07-09,Predators,40000000,52000688,127234389,7,87234389,218.0859725,Profit,tt1424381,Predators,"Action,Adventure,Sci-Fi",6.4,199764,Adventure
35,2010-07-09,Predators,40000000,52000688,127234389,7,87234389,218.0859725,Profit,tt1424381,Predators,"Action,Adventure,Sci-Fi",6.4,199764,Sci-Fi
36,2012-08-15,The Odd Life of Timothy Green,40000000,51853450,55249159,8,15249159,38.1228975,Profit,tt1462769,The Odd Life of Timothy Green,"Comedy,Drama,Family",6.6,42770,Comedy
36,2012-08-15,The Odd Life of Timothy Green,40000000,51853450,55249159,8,15249159,38.1228975,Profit,tt1462769,The Odd Life of Timothy Green,"Comedy,Drama,Family",6.6,42770,Drama
36,2012-08-15,The Odd Life of Timothy Green,40000000,51853450,55249159,8,15249159,38.1228975,Profit,tt1462769,The Odd Life of Timothy Green,"Comedy,Drama,Family",6.6,42770,Family
43,2014-06-20,Jersey Boys,40000000,47047013,65282732,6,25282732,63.206830000000004,Profit,tt1742044,Jersey Boys,"Biography,Drama,Music",6.8,30410,Biography
43,2014-06-20,Jersey Boys,40000000,47047013,65282732,6,25282732,63.206830000000004,Profit,tt1742044,Jersey Boys,"Biography,Drama,Music",6.8,30410,Drama
43,2014-06-20,Jersey Boys,40000000,47047013,65282732,6,25282732,63.206830000000004,Profit,tt1742044,Jersey Boys,"Biography,Drama,Music",6.8,30410,Music
49,2011-08-12,Final Destination 5,40000000,42587643,155011165,8,115011165,287.5279125,Profit,tt1622979,Final Destination 5,Horror,5.9,98061,Horror
50,2018-11-16,Widows,40000000,42402632,73866088,11,33866088,84.66521999999999,Profit,tt4218572,Widows,"Crime,Drama,Thriller",7.0,61615,Crime
50,2018-11-16,Widows,40000000,42402632,73866088,11,33866088,84.66521999999999,Profit,tt4218572,Widows,"Crime,Drama,Thriller",7.0,61615,Drama
50,2018-11-16,Widows,40000000,42402632,73866088,11,33866088,84.66521999999999,Profit,tt4218572,Widows,"Crime,Drama,Thriller",7.0,61615,Thriller
54,2014-07-18,Sex Tape,40000000,38543473,126069509,7,86069509,215.17377249999998,Profit,tt1956620,Sex Tape,"Comedy,Romance",5.1,100520,Comedy
54,2014-07-18,Sex Tape,40000000,38543473,126069509,7,86069509,215.17377249999998,Profit,tt1956620,Sex Tape,"Comedy,Romance",5.1,100520,Romance
55,2011-04-15,Scream 4,40000000,38180928,95989590,4,55989590,139.973975,Profit,tt1262416,Scream 4,"Horror,Mystery",6.2,118779,Horror
55,2011-04-15,Scream 4,40000000,38180928,95989590,4,55989590,139.973975,Profit,tt1262416,Scream 4,"Horror,Mystery",6.2,118779,Mystery
58,2011-03-18,Paul,40000000,37412945,101162106,3,61162106,152.90526499999999,Profit,tt1092026,Paul,"Adventure,Comedy,Sci-Fi",7.0,220567,Adventure
58,2011-03-18,Paul,40000000,37412945,101162106,3,61162106,152.90526499999999,Profit,tt1092026,Paul,"Adventure,Comedy,Sci-Fi",7.0,220567,Comedy
58,2011-03-18,Paul,40000000,37412945,101162106,3,61162106,152.90526499999999,Profit,tt1092026,Paul,"Adventure,Comedy,Sci-Fi",7.0,220567,Sci-Fi
59,2012-12-19,The Guilt Trip,40000000,37134215,41294674,12,1294674,3.2366850000000005,Profit,tt1694020,The Guilt Trip,"Comedy,Drama",5.8,33702,Comedy
59,2012-12-19,The Guilt Trip,40000000,37134215,41294674,12,1294674,3.2366850000000005,Profit,tt1694020,The Guilt Trip,"Comedy,Drama",5.8,33702,Drama
60,2011-08-26,Colombiana,40000000,36665854,72295262,8,32295262,80.738155,Profit,tt1657507,Colombiana,"Action,Drama,Thriller",6.4,87659,Action
60,2011-08-26,Colombiana,40000000,36665854,72295262,8,32295262,80.738155,Profit,tt1657507,Colombiana,"Action,Drama,Thriller",6.4,87659,Drama
60,2011-08-26,Colombiana,40000000,36665854,72295262,8,32295262,80.738155,Profit,tt1657507,Colombiana,"Action,Drama,Thriller",6.4,87659,Thriller
62,2018-01-12,The Commuter,40000000,36343858,101985431,1,61985431,154.9635775,Profit,tt1590193,The Commuter,"Action,Mystery,Thriller",6.3,83114,Action
62,2018-01-12,The Commuter,40000000,36343858,101985431,1,61985431,154.9635775,Profit,tt1590193,The Commuter,"Action,Mystery,Thriller",6.3,83114,Mystery
62,2018-01-12,The Commuter,40000000,36343858,101985431,1,61985431,154.9635775,Profit,tt1590193,The Commuter,"Action,Mystery,Thriller",6.3,83114,Thriller
67,2011-04-08,Arthur,40000000,33035397,47787943,4,7787943,19.4698575,Profit,tt1334512,Arthur,"Comedy,Romance",5.7,49013,Comedy
67,2011-04-08,Arthur,40000000,33035397,47787943,4,7787943,19.4698575,Profit,tt1334512,Arthur,"Comedy,Romance",5.7,49013,Romance
69,2016-12-21,Patriots Day,40000000,31886361,52837989,12,12837989,32.094972500000004,Profit,tt4572514,Patriots Day,"Action,Crime,Drama",7.4,76204,Action
69,2016-12-21,Patriots Day,40000000,31886361,52837989,12,12837989,32.094972500000004,Profit,tt4572514,Patriots Day,"Action,Crime,Drama",7.4,76204,Crime
69,2016-12-21,Patriots Day,40000000,31886361,52837989,12,12837989,32.094972500000004,Profit,tt4572514,Patriots Day,"Action,Crime,Drama",7.4,76204,Drama
73,2010-11-10,Morning Glory,40000000,31011732,59795070,11,19795070,49.487674999999996,Profit,tt1126618,Morning Glory,"Comedy,Drama,Romance",6.5,67367,Comedy
73,2010-11-10,Morning Glory,40000000,31011732,59795070,11,19795070,49.487674999999996,Profit,tt1126618,Morning Glory,"Comedy,Drama,Romance",6.5,67367,Drama
73,2010-11-10,Morning Glory,40000000,31011732,59795070,11,19795070,49.487674999999996,Profit,tt1126618,Morning Glory,"Comedy,Drama,Romance",6.5,67367,Romance
75,2019-05-03,Long Shot,40000000,30202860,43711031,5,3711031,9.2775775,Profit,tt2139881,Long Shot,"Comedy,Romance",7.2,12814,Comedy
75,2019-05-03,Long Shot,40000000,30202860,43711031,5,3711031,9.2775775,Profit,tt2139881,Long Shot,"Comedy,Romance",7.2,12814,Romance
77,2013-12-25,Grudge Match,40000000,29807260,69807260,12,29807260,74.51815,Profit,tt1661382,Grudge Match,"Comedy,Drama,Sport",6.4,54080,Comedy
77,2013-12-25,Grudge Match,40000000,29807260,69807260,12,29807260,74.51815,Profit,tt1661382,Grudge Match,"Comedy,Drama,Sport",6.4,54080,Drama
77,2013-12-25,Grudge Match,40000000,29807260,69807260,12,29807260,74.51815,Profit,tt1661382,Grudge Match,"Comedy,Drama,Sport",6.4,54080,Sport
81,2017-08-11,The Nut Job 2: Nutty by Nature,40000000,28370522,57438389,8,17438389,43.5959725,Profit,tt3486626,The Nut Job 2: Nutty by Nature,"Adventure,Animation,Comedy",5.5,4820,Adventure
81,2017-08-11,The Nut Job 2: Nutty by Nature,40000000,28370522,57438389,8,17438389,43.5959725,Profit,tt3486626,The Nut Job 2: Nutty by Nature,"Adventure,Animation,Comedy",5.5,4820,Animation
81,2017-08-11,The Nut Job 2: Nutty by Nature,40000000,28370522,57438389,8,17438389,43.5959725,Profit,tt3486626,The Nut Job 2: Nutty by Nature,"Adventure,Animation,Comedy",5.5,4820,Comedy
84,2017-01-27,Resident Evil: The Final Chapter,40000000,26844692,314101190,1,274101190,685.252975,Profit,tt2592614,Resident Evil: The Final Chapter,"Action,Horror,Sci-Fi",5.6,74979,Action
84,2017-01-27,Resident Evil: The Final Chapter,40000000,26844692,314101190,1,274101190,685.252975,Profit,tt2592614,Resident Evil: The Final Chapter,"Action,Horror,Sci-Fi",5.6,74979,Horror
84,2017-01-27,Resident Evil: The Final Chapter,40000000,26844692,314101190,1,274101190,685.252975,Profit,tt2592614,Resident Evil: The Final Chapter,"Action,Horror,Sci-Fi",5.6,74979,Sci-Fi
86,2017-06-30,The House,40000000,25584504,31192425,6,-8807575,-22.0189375,Loss,tt4481514,The House,"Comedy,Crime",5.6,33365,Comedy
86,2017-06-30,The House,40000000,25584504,31192425,6,-8807575,-22.0189375,Loss,tt4481514,The House,"Comedy,Crime",5.6,33365,Crime
89,2011-01-07,Season of the Witch,40000000,24827228,91126600,1,51126600,127.8165,Profit,tt0479997,Season of the Witch,"Action,Adventure,Fantasy",5.4,85777,Action
89,2011-01-07,Season of the Witch,40000000,24827228,91126600,1,51126600,127.8165,Profit,tt0479997,Season of the Witch,"Action,Adventure,Fantasy",5.4,85777,Adventure
89,2011-01-07,Season of the Witch,40000000,24827228,91126600,1,51126600,127.8165,Profit,tt0479997,Season of the Witch,"Action,Adventure,Fantasy",5.4,85777,Fantasy
94,2016-08-26,Mechanic: Resurrection,40000000,21218403,109738840,8,69738840,174.3471,Profit,tt3522806,Mechanic: Resurrection,"Action,Adventure,Thriller",5.7,67275,Action
94,2016-08-26,Mechanic: Resurrection,40000000,21218403,109738840,8,69738840,174.3471,Profit,tt3522806,Mechanic: Resurrection,"Action,Adventure,Thriller",5.7,67275,Adventure
94,2016-08-26,Mechanic: Resurrection,40000000,21218403,109738840,8,69738840,174.3471,Profit,tt3522806,Mechanic: Resurrection,"Action,Adventure,Thriller",5.7,67275,Thriller
99,2012-02-03,Big Miracle,40000000,20157300,25268680,2,-14731320,-36.828300000000006,Loss,tt1430615,Big Miracle,"Biography,Drama,Family",6.5,17585,Biography
99,2012-02-03,Big Miracle,40000000,20157300,25268680,2,-14731320,-36.828300000000006,Loss,tt1430615,Big Miracle,"Biography,Drama,Family",6.5,17585,Drama
99,2012-02-03,Big Miracle,40000000,20157300,25268680,2,-14731320,-36.828300000000006,Loss,tt1430615,Big Miracle,"Biography,Drama,Family",6.5,17585,Family
100,2012-12-21,The Impossible,40000000,19019882,169590606,12,129590606,323.976515,Profit,tt1649419,The Impossible,"Drama,History,Thriller",7.6,177762,Drama
100,2012-12-21,The Impossible,40000000,19019882,169590606,12,129590606,323.976515,Profit,tt1649419,The Impossible,"Drama,History,Thriller",7.6,177762,History
100,2012-12-21,The Impossible,40000000,19019882,169590606,12,129590606,323.976515,Profit,tt1649419,The Impossible,"Drama,History,Thriller",7.6,177762,Thriller
1,2012-03-09,A Thousand Words,40000000,18450127,20790486,3,-19209514,-48.023785000000004,Loss,tt0763831,A Thousand Words,"Comedy,Drama",5.9,36387,Comedy
1,2012-03-09,A Thousand Words,40000000,18450127,20790486,3,-19209514,-48.023785000000004,Loss,tt0763831,A Thousand Words,"Comedy,Drama",5.9,36387,Drama
15,2015-03-20,The Gunman,40000000,10664749,18594227,3,-21405773,-53.5144325,Loss,tt2515034,The Gunman,"Action,Crime,Drama",5.8,36053,Action
15,2015-03-20,The Gunman,40000000,10664749,18594227,3,-21405773,-53.5144325,Loss,tt2515034,The Gunman,"Action,Crime,Drama",5.8,36053,Crime
15,2015-03-20,The Gunman,40000000,10664749,18594227,3,-21405773,-53.5144325,Loss,tt2515034,The Gunman,"Action,Crime,Drama",5.8,36053,Drama
19,2013-08-16,Paranoia,40000000,7388654,16340767,8,-23659233,-59.1480825,Loss,tt1413495,Paranoia,"Drama,Thriller",5.7,33149,Drama
19,2013-08-16,Paranoia,40000000,7388654,16340767,8,-23659233,-59.1480825,Loss,tt1413495,Paranoia,"Drama,Thriller",5.7,33149,Thriller
21,2015-07-10,Baahubali: The Beginning,40000000,6738000,26736665,7,-13263335,-33.1583375,Loss,tt2631186,Baahubali: The Beginning,"Action,Drama",8.1,93243,Action
21,2015-07-10,Baahubali: The Beginning,40000000,6738000,26736665,7,-13263335,-33.1583375,Loss,tt2631186,Baahubali: The Beginning,"Action,Drama",8.1,93243,Drama
22,2018-03-09,The Hurricane Heist,40000000,6115824,30963684,3,-9036316,-22.59079,Loss,tt5360952,The Hurricane Heist,"Action,Adventure,Crime",5.1,15326,Action
22,2018-03-09,The Hurricane Heist,40000000,6115824,30963684,3,-9036316,-22.59079,Loss,tt5360952,The Hurricane Heist,"Action,Adventure,Crime",5.1,15326,Adventure
22,2018-03-09,The Hurricane Heist,40000000,6115824,30963684,3,-9036316,-22.59079,Loss,tt5360952,The Hurricane Heist,"Action,Adventure,Crime",5.1,15326,Crime
24,2015-11-25,Victor Frankenstein,40000000,5775076,31124367,11,-8875633,-22.1890825,Loss,tt1976009,Victor Frankenstein,"Drama,Horror,Sci-Fi",6.0,47492,Drama
24,2015-11-25,Victor Frankenstein,40000000,5775076,31124367,11,-8875633,-22.1890825,Loss,tt1976009,Victor Frankenstein,"Drama,Horror,Sci-Fi",6.0,47492,Horror
24,2015-11-25,Victor Frankenstein,40000000,5775076,31124367,11,-8875633,-22.1890825,Loss,tt1976009,Victor Frankenstein,"Drama,Horror,Sci-Fi",6.0,47492,Sci-Fi
27,2014-06-27,Snowpiercer,40000000,4563029,88069880,6,48069880,120.17469999999999,Profit,tt1706620,Snowpiercer,"Action,Drama,Sci-Fi",7.1,239264,Action
27,2014-06-27,Snowpiercer,40000000,4563029,88069880,6,48069880,120.17469999999999,Profit,tt1706620,Snowpiercer,"Action,Drama,Sci-Fi",7.1,239264,Drama
27,2014-06-27,Snowpiercer,40000000,4563029,88069880,6,48069880,120.17469999999999,Profit,tt1706620,Snowpiercer,"Action,Drama,Sci-Fi",7.1,239264,Sci-Fi
39,2019-06-21,Kursk,40000000,0,4212799,6,-35787201,-89.4680025,Loss,tt2392373,Kursk,Drama,5.5,14,Drama
40,2016-11-11,USS Indianapolis: Men of Courage,40000000,0,1663785,11,-38336215,-95.8405375,Loss,tt2032572,USS Indianapolis: Men of Courage,"Action,Drama,History",5.2,9453,Action
40,2016-11-11,USS Indianapolis: Men of Courage,40000000,0,1663785,11,-38336215,-95.8405375,Loss,tt2032572,USS Indianapolis: Men of Courage,"Action,Drama,History",5.2,9453,Drama
40,2016-11-11,USS Indianapolis: Men of Courage,40000000,0,1663785,11,-38336215,-95.8405375,Loss,tt2032572,USS Indianapolis: Men of Courage,"Action,Drama,History",5.2,9453,History
48,2012-10-05,Frankenweenie,39000000,35287788,81150788,10,42150788,108.07894358974359,Profit,tt1142977,Frankenweenie,"Animation,Comedy,Family",7.0,89489,Animation
48,2012-10-05,Frankenweenie,39000000,35287788,81150788,10,42150788,108.07894358974359,Profit,tt1142977,Frankenweenie,"Animation,Comedy,Family",7.0,89489,Comedy
48,2012-10-05,Frankenweenie,39000000,35287788,81150788,10,42150788,108.07894358974359,Profit,tt1142977,Frankenweenie,"Animation,Comedy,Family",7.0,89489,Family
59,2017-06-02,Captain Underpants: The First Epic Movie,38000000,73921000,126577874,6,88577874,233.09966842105263,Profit,tt2091256,Captain Underpants: The First Epic Movie,"Action,Animation,Comedy",6.2,21903,Action
59,2017-06-02,Captain Underpants: The First Epic Movie,38000000,73921000,126577874,6,88577874,233.09966842105263,Profit,tt2091256,Captain Underpants: The First Epic Movie,"Action,Animation,Comedy",6.2,21903,Animation
59,2017-06-02,Captain Underpants: The First Epic Movie,38000000,73921000,126577874,6,88577874,233.09966842105263,Profit,tt2091256,Captain Underpants: The First Epic Movie,"Action,Animation,Comedy",6.2,21903,Comedy
60,2015-04-17,Paul Blart: Mall Cop 2,38000000,71091594,107650646,4,69650646,183.29117368421052,Profit,tt3450650,Paul Blart: Mall Cop 2,"Action,Comedy,Crime",4.4,30828,Action
60,2015-04-17,Paul Blart: Mall Cop 2,38000000,71091594,107650646,4,69650646,183.29117368421052,Profit,tt3450650,Paul Blart: Mall Cop 2,"Action,Comedy,Crime",4.4,30828,Comedy
60,2015-04-17,Paul Blart: Mall Cop 2,38000000,71091594,107650646,4,69650646,183.29117368421052,Profit,tt3450650,Paul Blart: Mall Cop 2,"Action,Comedy,Crime",4.4,30828,Crime
62,2016-12-23,Why Him?,38000000,60323786,117425156,12,79425156,209.01356842105264,Profit,tt4501244,Why Him?,Comedy,6.2,89628,Comedy
63,2011-04-22,Water for Elephants,38000000,58709717,116809717,4,78809717,207.39399210526318,Profit,tt1067583,Water for Elephants,"Drama,Romance",6.9,105812,Drama
63,2011-04-22,Water for Elephants,38000000,58709717,116809717,4,78809717,207.39399210526318,Profit,tt1067583,Water for Elephants,"Drama,Romance",6.9,105812,Romance
64,2010-10-08,Life as We Know It,38000000,53374681,105887837,10,67887837,178.65220263157894,Profit,tt1055292,Life as We Know It,"Comedy,Drama,Romance",6.6,113077,Comedy
64,2010-10-08,Life as We Know It,38000000,53374681,105887837,10,67887837,178.65220263157894,Profit,tt1055292,Life as We Know It,"Comedy,Drama,Romance",6.6,113077,Drama
64,2010-10-08,Life as We Know It,38000000,53374681,105887837,10,67887837,178.65220263157894,Profit,tt1055292,Life as We Know It,"Comedy,Drama,Romance",6.6,113077,Romance
66,2013-09-06,Riddick,38000000,42025135,94763758,9,56763758,149.37831052631577,Profit,tt1411250,Riddick,"Action,Adventure,Sci-Fi",6.4,144821,Action
66,2013-09-06,Riddick,38000000,42025135,94763758,9,56763758,149.37831052631577,Profit,tt1411250,Riddick,"Action,Adventure,Sci-Fi",6.4,144821,Adventure
66,2013-09-06,Riddick,38000000,42025135,94763758,9,56763758,149.37831052631577,Profit,tt1411250,Riddick,"Action,Adventure,Sci-Fi",6.4,144821,Sci-Fi
69,2016-01-22,The 5th Wave,38000000,34912982,111336398,1,73336398,192.99052105263158,Profit,tt2304933,The 5th Wave,"Action,Adventure,Drama",5.2,90788,Action
69,2016-01-22,The 5th Wave,38000000,34912982,111336398,1,73336398,192.99052105263158,Profit,tt2304933,The 5th Wave,"Action,Adventure,Drama",5.2,90788,Adventure
69,2016-01-22,The 5th Wave,38000000,34912982,111336398,1,73336398,192.99052105263158,Profit,tt2304933,The 5th Wave,"Action,Adventure,Drama",5.2,90788,Drama
71,2013-09-20,Rush,38000000,26947624,98230839,9,60230839,158.50220789473684,Profit,tt1979320,Rush,"Action,Biography,Drama",8.1,393437,Action
71,2013-09-20,Rush,38000000,26947624,98230839,9,60230839,158.50220789473684,Profit,tt1979320,Rush,"Action,Biography,Drama",8.1,393437,Biography
71,2013-09-20,Rush,38000000,26947624,98230839,9,60230839,158.50220789473684,Profit,tt1979320,Rush,"Action,Biography,Drama",8.1,393437,Drama
75,2017-10-20,Only the Brave,38000000,18340051,24555177,10,-13444823,-35.38111315789474,Loss,tt3829920,Only the Brave,"Action,Biography,Drama",7.7,45482,Action
75,2017-10-20,Only the Brave,38000000,18340051,24555177,10,-13444823,-35.38111315789474,Loss,tt3829920,Only the Brave,"Action,Biography,Drama",7.7,45482,Biography
75,2017-10-20,Only the Brave,38000000,18340051,24555177,10,-13444823,-35.38111315789474,Loss,tt3829920,Only the Brave,"Action,Biography,Drama",7.7,45482,Drama
77,2011-10-14,The Thing,38000000,16999934,27573078,10,-10426922,-27.43926842105263,Loss,tt0905372,The Thing,"Horror,Mystery,Sci-Fi",6.2,111900,Horror
77,2011-10-14,The Thing,38000000,16999934,27573078,10,-10426922,-27.43926842105263,Loss,tt0905372,The Thing,"Horror,Mystery,Sci-Fi",6.2,111900,Mystery
77,2011-10-14,The Thing,38000000,16999934,27573078,10,-10426922,-27.43926842105263,Loss,tt0905372,The Thing,"Horror,Mystery,Sci-Fi",6.2,111900,Sci-Fi
82,2018-09-21,The Sisters Brothers,38000000,3143056,13143056,9,-24856944,-65.41301052631579,Loss,tt4971344,The Sisters Brothers,"Adventure,Comedy,Crime",7.0,32135,Adventure
82,2018-09-21,The Sisters Brothers,38000000,3143056,13143056,9,-24856944,-65.41301052631579,Loss,tt4971344,The Sisters Brothers,"Adventure,Comedy,Crime",7.0,32135,Comedy
82,2018-09-21,The Sisters Brothers,38000000,3143056,13143056,9,-24856944,-65.41301052631579,Loss,tt4971344,The Sisters Brothers,"Adventure,Comedy,Crime",7.0,32135,Crime
85,2019-01-11,The Upside,37500000,108235497,119024536,1,81524536,217.39876266666664,Profit,tt1987680,The Upside,"Comedy,Drama",6.7,24169,Comedy
85,2019-01-11,The Upside,37500000,108235497,119024536,1,81524536,217.39876266666664,Profit,tt1987680,The Upside,"Comedy,Drama",6.7,24169,Drama
86,2012-05-18,What to Expect When You're Expecting,37500000,41152203,88473016,5,50973016,135.92804266666667,Profit,tt1586265,What to Expect When You're Expecting,"Comedy,Drama,Romance",5.7,65890,Comedy
86,2012-05-18,What to Expect When You're Expecting,37500000,41152203,88473016,5,50973016,135.92804266666667,Profit,tt1586265,What to Expect When You're Expecting,"Comedy,Drama,Romance",5.7,65890,Drama
86,2012-05-18,What to Expect When You're Expecting,37500000,41152203,88473016,5,50973016,135.92804266666667,Profit,tt1586265,What to Expect When You're Expecting,"Comedy,Drama,Romance",5.7,65890,Romance
87,2012-09-14,The Master,37500000,16247159,50647416,9,13147416,35.059776,Profit,tt1560747,The Master,Drama,7.1,131365,Drama
90,2013-08-07,We're the Millers,37000000,150394119,267816276,8,230816276,623.827772972973,Profit,tt1723121,We're the Millers,"Comedy,Crime",7.0,371759,Comedy
90,2013-08-07,We're the Millers,37000000,150394119,267816276,8,230816276,623.827772972973,Profit,tt1723121,We're the Millers,"Comedy,Crime",7.0,371759,Crime
91,2015-11-25,Creed,37000000,109767581,173567581,11,136567581,369.10157027027026,Profit,tt3076658,Creed,"Drama,Sport",7.6,224671,Drama
91,2015-11-25,Creed,37000000,109767581,173567581,11,136567581,369.10157027027026,Profit,tt3076658,Creed,"Drama,Sport",7.6,224671,Sport
92,2010-09-17,The Town,37000000,92186262,152566881,9,115566881,312.3429216216216,Profit,tt0840361,The Town,"Crime,Drama,Thriller",7.6,322524,Crime
92,2010-09-17,The Town,37000000,92186262,152566881,9,115566881,312.3429216216216,Profit,tt0840361,The Town,"Crime,Drama,Thriller",7.6,322524,Drama
92,2010-09-17,The Town,37000000,92186262,152566881,9,115566881,312.3429216216216,Profit,tt0840361,The Town,"Crime,Drama,Thriller",7.6,322524,Thriller
93,2011-09-23,Dolphin Tale,37000000,72286779,96068724,9,59068724,159.6452,Profit,tt1564349,Dolphin Tale,"Drama,Family",6.9,20746,Drama
93,2011-09-23,Dolphin Tale,37000000,72286779,96068724,9,59068724,159.6452,Profit,tt1564349,Dolphin Tale,"Drama,Family",6.9,20746,Family
94,2018-02-23,Game Night,37000000,69179066,117378084,2,80378084,217.23806486486487,Profit,tt2704998,Game Night,"Action,Comedy,Crime",7.0,163279,Action
94,2018-02-23,Game Night,37000000,69179066,117378084,2,80378084,217.23806486486487,Profit,tt2704998,Game Night,"Action,Comedy,Crime",7.0,163279,Comedy
94,2018-02-23,Game Night,37000000,69179066,117378084,2,80378084,217.23806486486487,Profit,tt2704998,Game Night,"Action,Comedy,Crime",7.0,163279,Crime
99,2010-02-26,Cop Out,37000000,44875481,55909910,2,18909910,51.10786486486486,Profit,tt1385867,Cop Out,"Action,Comedy,Crime",5.6,81656,Action
99,2010-02-26,Cop Out,37000000,44875481,55909910,2,18909910,51.10786486486486,Profit,tt1385867,Cop Out,"Action,Comedy,Crime",5.6,81656,Comedy
99,2010-02-26,Cop Out,37000000,44875481,55909910,2,18909910,51.10786486486486,Profit,tt1385867,Cop Out,"Action,Comedy,Crime",5.6,81656,Crime
100,2011-01-28,The Rite,37000000,33047633,97143987,1,60143987,162.5513162162162,Profit,tt1161864,The Rite,"Drama,Horror,Mystery",6.0,85604,Drama
100,2011-01-28,The Rite,37000000,33047633,97143987,1,60143987,162.5513162162162,Profit,tt1161864,The Rite,"Drama,Horror,Mystery",6.0,85604,Horror
100,2011-01-28,The Rite,37000000,33047633,97143987,1,60143987,162.5513162162162,Profit,tt1161864,The Rite,"Drama,Horror,Mystery",6.0,85604,Mystery
3,2015-05-29,Aloha,37000000,21052030,25387091,5,-11612909,-31.386240540540538,Loss,tt1243974,Aloha,"Comedy,Drama,Romance",5.4,54646,Comedy
3,2015-05-29,Aloha,37000000,21052030,25387091,5,-11612909,-31.386240540540538,Loss,tt1243974,Aloha,"Comedy,Drama,Romance",5.4,54646,Drama
3,2015-05-29,Aloha,37000000,21052030,25387091,5,-11612909,-31.386240540540538,Loss,tt1243974,Aloha,"Comedy,Drama,Romance",5.4,54646,Romance
5,2018-10-05,A Star is Born,36000000,215288866,433449571,10,397449571,1104.026586111111,Profit,tt1776364,A Star is Born,"Documentary,Music",5.1,15,Documentary
5,2018-10-05,A Star is Born,36000000,215288866,433449571,10,397449571,1104.026586111111,Profit,tt1776364,A Star is Born,"Documentary,Music",5.1,15,Music
10,2010-03-26,Hot Tub Time Machine,36000000,50269859,65967750,3,29967750,83.24375,Profit,tt1231587,Hot Tub Time Machine,"Comedy,Sci-Fi",6.4,153962,Comedy
10,2010-03-26,Hot Tub Time Machine,36000000,50269859,65967750,3,29967750,83.24375,Profit,tt1231587,Hot Tub Time Machine,"Comedy,Sci-Fi",6.4,153962,Sci-Fi
12,2014-09-12,Dolphin Tale 2,36000000,42024533,57824533,9,21824533,60.62370277777778,Profit,tt2978462,Dolphin Tale 2,"Drama,Family",6.4,7579,Drama
12,2014-09-12,Dolphin Tale 2,36000000,42024533,57824533,9,21824533,60.62370277777778,Profit,tt2978462,Dolphin Tale 2,"Drama,Family",6.4,7579,Family
13,2016-12-16,Collateral Beauty,36000000,31016021,85309093,12,49309093,136.96970277777777,Profit,tt4682786,Collateral Beauty,"Drama,Romance",6.8,78764,Drama
13,2016-12-16,Collateral Beauty,36000000,31016021,85309093,12,49309093,136.96970277777777,Profit,tt4682786,Collateral Beauty,"Drama,Romance",6.8,78764,Romance
21,2011-05-06,There Be Dragons,36000000,1069334,4020990,5,-31979010,-88.83058333333334,Loss,tt1316616,There Be Dragons,"Biography,Drama,War",5.8,4326,Biography
21,2011-05-06,There Be Dragons,36000000,1069334,4020990,5,-31979010,-88.83058333333334,Loss,tt1316616,There Be Dragons,"Biography,Drama,War",5.8,4326,Drama
21,2011-05-06,There Be Dragons,36000000,1069334,4020990,5,-31979010,-88.83058333333334,Loss,tt1316616,There Be Dragons,"Biography,Drama,War",5.8,4326,War
22,2017-04-14,Queen of the Desert,36000000,0,1578543,4,-34421457,-95.61515833333334,Loss,tt1837636,Queen of the Desert,"Adventure,Biography,Drama",5.7,8529,Adventure
22,2017-04-14,Queen of the Desert,36000000,0,1578543,4,-34421457,-95.61515833333334,Loss,tt1837636,Queen of the Desert,"Adventure,Biography,Drama",5.7,8529,Biography
22,2017-04-14,Queen of the Desert,36000000,0,1578543,4,-34421457,-95.61515833333334,Loss,tt1837636,Queen of the Desert,"Adventure,Biography,Drama",5.7,8529,Drama
24,2017-09-08,It,35000000,327481748,697457969,9,662457969,1892.7370542857143,Profit,tt1396484,It,"Horror,Thriller",7.4,359123,Horror
24,2017-09-08,It,35000000,327481748,697457969,9,662457969,1892.7370542857143,Profit,tt1396484,It,"Horror,Thriller",7.4,359123,Thriller
29,2010-12-22,True Grit,35000000,171243005,252276928,12,217276928,620.7912228571429,Profit,tt1403865,True Grit,"Adventure,Drama,Western",7.6,284034,Adventure
29,2010-12-22,True Grit,35000000,171243005,252276928,12,217276928,620.7912228571429,Profit,tt1403865,True Grit,"Adventure,Drama,Western",7.6,284034,Drama
29,2010-12-22,True Grit,35000000,171243005,252276928,12,217276928,620.7912228571429,Profit,tt1403865,True Grit,"Adventure,Drama,Western",7.6,284034,Western
32,2013-02-08,Identity Thief,35000000,134506920,175361578,2,140361578,401.03308000000004,Profit,tt2024432,Identity Thief,"Adventure,Comedy,Crime",5.7,115624,Adventure
32,2013-02-08,Identity Thief,35000000,134506920,175361578,2,140361578,401.03308000000004,Profit,tt2024432,Identity Thief,"Adventure,Comedy,Crime",5.7,115624,Comedy
32,2013-02-08,Identity Thief,35000000,134506920,175361578,2,140361578,401.03308000000004,Profit,tt2024432,Identity Thief,"Adventure,Comedy,Crime",5.7,115624,Crime
34,2011-07-08,Horrible Bosses,35000000,117538559,212417601,7,177417601,506.90743142857144,Profit,tt1499658,Horrible Bosses,"Comedy,Crime",6.9,398695,Comedy
34,2011-07-08,Horrible Bosses,35000000,117538559,212417601,7,177417601,506.90743142857144,Profit,tt1499658,Horrible Bosses,"Comedy,Crime",6.9,398695,Crime
36,2015-07-17,Trainwreck,35000000,110212700,141123897,7,106123897,303.21113428571425,Profit,tt3152624,Trainwreck,"Comedy,Drama,Romance",6.2,121860,Comedy
36,2015-07-17,Trainwreck,35000000,110212700,141123897,7,106123897,303.21113428571425,Profit,tt3152624,Trainwreck,"Comedy,Drama,Romance",6.2,121860,Drama
36,2015-07-17,Trainwreck,35000000,110212700,141123897,7,106123897,303.21113428571425,Profit,tt3152624,Trainwreck,"Comedy,Drama,Romance",6.2,121860,Romance
37,2013-12-13,Saving Mr. Banks,35000000,83299761,114962525,12,79962525,228.46435714285715,Profit,tt2140373,Saving Mr. Banks,"Biography,Comedy,Drama",7.5,140678,Biography
37,2013-12-13,Saving Mr. Banks,35000000,83299761,114962525,12,79962525,228.46435714285715,Profit,tt2140373,Saving Mr. Banks,"Biography,Comedy,Drama",7.5,140678,Comedy
37,2013-12-13,Saving Mr. Banks,35000000,83299761,114962525,12,79962525,228.46435714285715,Profit,tt2140373,Saving Mr. Banks,"Biography,Comedy,Drama",7.5,140678,Drama
49,2010-04-30,A Nightmare on Elm Street,35000000,63075011,117729621,4,82729621,236.3703457142857,Profit,tt1179056,A Nightmare on Elm Street,"Crime,Drama,Horror",5.2,85497,Crime
49,2010-04-30,A Nightmare on Elm Street,35000000,63075011,117729621,4,82729621,236.3703457142857,Profit,tt1179056,A Nightmare on Elm Street,"Crime,Drama,Horror",5.2,85497,Drama
49,2010-04-30,A Nightmare on Elm Street,35000000,63075011,117729621,4,82729621,236.3703457142857,Profit,tt1179056,A Nightmare on Elm Street,"Crime,Drama,Horror",5.2,85497,Horror
53,2010-10-08,Secretariat,35000000,59699513,60376247,10,25376247,72.50356285714285,Profit,tt1028576,Secretariat,"Biography,Drama,Family",7.2,24536,Biography
53,2010-10-08,Secretariat,35000000,59699513,60376247,10,25376247,72.50356285714285,Profit,tt1028576,Secretariat,"Biography,Drama,Family",7.2,24536,Drama
53,2010-10-08,Secretariat,35000000,59699513,60376247,10,25376247,72.50356285714285,Profit,tt1028576,Secretariat,"Biography,Drama,Family",7.2,24536,Family
55,2011-07-22,Friends with Benefits,35000000,55802754,146595891,7,111595891,318.84540285714286,Profit,tt1632708,Friends with Benefits,"Comedy,Romance",6.6,317338,Comedy
55,2011-07-22,Friends with Benefits,35000000,55802754,146595891,7,111595891,318.84540285714286,Profit,tt1632708,Friends with Benefits,"Comedy,Romance",6.6,317338,Romance
56,2016-05-20,Neighbors 2: Sorority Rising,35000000,55340730,108757621,5,73757621,210.73605999999998,Profit,tt4438848,Neighbors 2: Sorority Rising,Comedy,5.7,102793,Comedy
59,2018-06-29,Sicario: Day of the Soldado,35000000,50065850,75885196,6,40885196,116.81484571428571,Profit,tt5052474,Sicario: Day of the Soldado,"Action,Crime,Drama",7.1,95650,Action
59,2018-06-29,Sicario: Day of the Soldado,35000000,50065850,75885196,6,40885196,116.81484571428571,Profit,tt5052474,Sicario: Day of the Soldado,"Action,Crime,Drama",7.1,95650,Crime
59,2018-06-29,Sicario: Day of the Soldado,35000000,50065850,75885196,6,40885196,116.81484571428571,Profit,tt5052474,Sicario: Day of the Soldado,"Action,Crime,Drama",7.1,95650,Drama
62,2015-05-22,Poltergeist,35000000,47425125,95713069,5,60713069,173.46591142857142,Profit,tt1029360,Poltergeist,"Horror,Thriller",4.9,51538,Horror
62,2015-05-22,Poltergeist,35000000,47425125,95713069,5,60713069,173.46591142857142,Profit,tt1029360,Poltergeist,"Horror,Thriller",4.9,51538,Thriller
63,2018-10-12,Goosebumps 2: Haunted Halloween,35000000,46697321,93291478,10,58291478,166.54708,Profit,tt5664636,Goosebumps 2: Haunted Halloween,"Adventure,Comedy,Family",5.6,11459,Adventure
63,2018-10-12,Goosebumps 2: Haunted Halloween,35000000,46697321,93291478,10,58291478,166.54708,Profit,tt5664636,Goosebumps 2: Haunted Halloween,"Adventure,Comedy,Family",5.6,11459,Comedy
63,2018-10-12,Goosebumps 2: Haunted Halloween,35000000,46697321,93291478,10,58291478,166.54708,Profit,tt5664636,Goosebumps 2: Haunted Halloween,"Adventure,Comedy,Family",5.6,11459,Family
64,2018-01-19,12 Strong,35000000,45819713,71118378,1,36118378,103.19536571428571,Profit,tt1413492,12 Strong,"Action,Drama,History",6.6,50155,Action
64,2018-01-19,12 Strong,35000000,45819713,71118378,1,36118378,103.19536571428571,Profit,tt1413492,12 Strong,"Action,Drama,History",6.6,50155,Drama
64,2018-01-19,12 Strong,35000000,45819713,71118378,1,36118378,103.19536571428571,Profit,tt1413492,12 Strong,"Action,Drama,History",6.6,50155,History
72,2011-05-06,Something Borrowed,35000000,39046489,65084116,5,30084116,85.95461714285715,Profit,tt0491152,Something Borrowed,"Comedy,Drama,Romance",5.9,54314,Comedy
72,2011-05-06,Something Borrowed,35000000,39046489,65084116,5,30084116,85.95461714285715,Profit,tt0491152,Something Borrowed,"Comedy,Drama,Romance",5.9,54314,Drama
72,2011-05-06,Something Borrowed,35000000,39046489,65084116,5,30084116,85.95461714285715,Profit,tt0491152,Something Borrowed,"Comedy,Drama,Romance",5.9,54314,Romance
74,2011-10-28,In Time,35000000,37553932,165103952,10,130103952,371.72557714285716,Profit,tt1637688,In Time,"Action,Crime,Drama",6.7,346077,Action
74,2011-10-28,In Time,35000000,37553932,165103952,10,130103952,371.72557714285716,Profit,tt1637688,In Time,"Action,Crime,Drama",6.7,346077,Crime
74,2011-10-28,In Time,35000000,37553932,165103952,10,130103952,371.72557714285716,Profit,tt1637688,In Time,"Action,Crime,Drama",6.7,346077,Drama
75,2010-04-23,The Back-up Plan,35000000,37490007,75281179,4,40281179,115.08908285714286,Profit,tt1212436,The Back-up Plan,"Comedy,Romance",5.4,46128,Comedy
75,2010-04-23,The Back-up Plan,35000000,37490007,75281179,4,40281179,115.08908285714286,Profit,tt1212436,The Back-up Plan,"Comedy,Romance",5.4,46128,Romance
76,2011-11-09,J. Edgar,35000000,37306030,84606030,11,49606030,141.7315142857143,Profit,tt1616195,J. Edgar,"Biography,Crime,Drama",6.6,115925,Biography
76,2011-11-09,J. Edgar,35000000,37306030,84606030,11,49606030,141.7315142857143,Profit,tt1616195,J. Edgar,"Biography,Crime,Drama",6.6,115925,Crime
76,2011-11-09,J. Edgar,35000000,37306030,84606030,11,49606030,141.7315142857143,Profit,tt1616195,J. Edgar,"Biography,Crime,Drama",6.6,115925,Drama
78,2018-08-17,Mile 22,35000000,36108758,66295121,8,31295121,89.41463142857144,Profit,tt4560436,Mile 22,"Action,Adventure,Thriller",6.1,47862,Action
78,2018-08-17,Mile 22,35000000,36108758,66295121,8,31295121,89.41463142857144,Profit,tt4560436,Mile 22,"Action,Adventure,Thriller",6.1,47862,Adventure
78,2018-08-17,Mile 22,35000000,36108758,66295121,8,31295121,89.41463142857144,Profit,tt4560436,Mile 22,"Action,Adventure,Thriller",6.1,47862,Thriller
79,2015-05-08,Hot Pursuit,35000000,34580201,45671512,5,10671512,30.490034285714284,Profit,tt2967224,Hot Pursuit,"Action,Comedy,Crime",5.1,44723,Action
79,2015-05-08,Hot Pursuit,35000000,34580201,45671512,5,10671512,30.490034285714284,Profit,tt2967224,Hot Pursuit,"Action,Comedy,Crime",5.1,44723,Comedy
79,2015-05-08,Hot Pursuit,35000000,34580201,45671512,5,10671512,30.490034285714284,Profit,tt2967224,Hot Pursuit,"Action,Comedy,Crime",5.1,44723,Crime
80,2015-12-25,Concussion,35000000,34531832,50363790,12,15363790,43.896542857142855,Profit,tt3322364,Concussion,"Biography,Drama,Sport",7.1,77576,Biography
80,2015-12-25,Concussion,35000000,34531832,50363790,12,15363790,43.896542857142855,Profit,tt3322364,Concussion,"Biography,Drama,Sport",7.1,77576,Drama
80,2015-12-25,Concussion,35000000,34531832,50363790,12,15363790,43.896542857142855,Profit,tt3322364,Concussion,"Biography,Drama,Sport",7.1,77576,Sport
81,2017-10-13,The Foreigner,35000000,34393507,140783360,10,105783360,302.23817142857143,Profit,tt1615160,The Foreigner,"Action,Thriller",7.0,81288,Action
81,2017-10-13,The Foreigner,35000000,34393507,140783360,10,105783360,302.23817142857143,Profit,tt1615160,The Foreigner,"Action,Thriller",7.0,81288,Thriller
89,2018-06-01,Adrift,35000000,31445011,57897191,6,22897191,65.42054571428572,Profit,tt6306064,Adrift,"Action,Adventure,Biography",6.6,34115,Action
89,2018-06-01,Adrift,35000000,31445011,57897191,6,22897191,65.42054571428572,Profit,tt6306064,Adrift,"Action,Adventure,Biography",6.6,34115,Adventure
89,2018-06-01,Adrift,35000000,31445011,57897191,6,22897191,65.42054571428572,Profit,tt6306064,Adrift,"Action,Adventure,Biography",6.6,34115,Biography
91,2017-01-06,Underworld: Blood Wars,35000000,30353973,81209222,1,46209222,132.02634857142857,Profit,tt3717252,Underworld: Blood Wars,"Action,Adventure,Fantasy",5.8,62942,Action
91,2017-01-06,Underworld: Blood Wars,35000000,30353973,81209222,1,46209222,132.02634857142857,Profit,tt3717252,Underworld: Blood Wars,"Action,Adventure,Fantasy",5.8,62942,Adventure
91,2017-01-06,Underworld: Blood Wars,35000000,30353973,81209222,1,46209222,132.02634857142857,Profit,tt3717252,Underworld: Blood Wars,"Action,Adventure,Fantasy",5.8,62942,Fantasy
96,2011-09-23,Abduction,35000000,28087155,86648359,9,51648359,147.56674,Profit,tt1600195,Abduction,"Action,Mystery,Thriller",5.1,72552,Action
96,2011-09-23,Abduction,35000000,28087155,86648359,9,51648359,147.56674,Profit,tt1600195,Abduction,"Action,Mystery,Thriller",5.1,72552,Mystery
96,2011-09-23,Abduction,35000000,28087155,86648359,9,51648359,147.56674,Profit,tt1600195,Abduction,"Action,Mystery,Thriller",5.1,72552,Thriller
100,2012-10-19,Alex Cross,35000000,25888412,35426759,10,426759,1.2193114285714286,Profit,tt1712170,Alex Cross,"Action,Crime,Mystery",5.1,30951,Action
100,2012-10-19,Alex Cross,35000000,25888412,35426759,10,426759,1.2193114285714286,Profit,tt1712170,Alex Cross,"Action,Crime,Mystery",5.1,30951,Crime
100,2012-10-19,Alex Cross,35000000,25888412,35426759,10,426759,1.2193114285714286,Profit,tt1712170,Alex Cross,"Action,Crime,Mystery",5.1,30951,Mystery
6,2016-03-04,Whiskey Tango Foxtrot,35000000,23083334,25350747,3,-9649253,-27.569294285714285,Loss,tt3553442,Whiskey Tango Foxtrot,"Biography,Comedy,Drama",6.6,46265,Biography
6,2016-03-04,Whiskey Tango Foxtrot,35000000,23083334,25350747,3,-9649253,-27.569294285714285,Loss,tt3553442,Whiskey Tango Foxtrot,"Biography,Comedy,Drama",6.6,46265,Comedy
6,2016-03-04,Whiskey Tango Foxtrot,35000000,23083334,25350747,3,-9649253,-27.569294285714285,Loss,tt3553442,Whiskey Tango Foxtrot,"Biography,Comedy,Drama",6.6,46265,Drama
8,2015-08-21,Hitman: Agent 47,35000000,22467450,82182803,8,47182803,134.80800857142856,Profit,tt2679042,Hitman: Agent 47,"Action,Adventure,Crime",5.7,80510,Action
8,2015-08-21,Hitman: Agent 47,35000000,22467450,82182803,8,47182803,134.80800857142856,Profit,tt2679042,Hitman: Agent 47,"Action,Adventure,Crime",5.7,80510,Adventure
8,2015-08-21,Hitman: Agent 47,35000000,22467450,82182803,8,47182803,134.80800857142856,Profit,tt2679042,Hitman: Agent 47,"Action,Adventure,Crime",5.7,80510,Crime
10,2012-08-24,Premium Rush,35000000,20275446,31393201,8,-3606799,-10.30514,Loss,tt1547234,Premium Rush,"Action,Crime,Thriller",6.5,105279,Action
10,2012-08-24,Premium Rush,35000000,20275446,31393201,8,-3606799,-10.30514,Loss,tt1547234,Premium Rush,"Action,Crime,Thriller",6.5,105279,Crime
10,2012-08-24,Premium Rush,35000000,20275446,31393201,8,-3606799,-10.30514,Loss,tt1547234,Premium Rush,"Action,Crime,Thriller",6.5,105279,Thriller
11,2013-01-18,Broken City,35000000,19701164,34480045,1,-519955,-1.4855857142857143,Loss,tt1235522,Broken City,"Crime,Drama,Thriller",6.2,71704,Crime
11,2013-01-18,Broken City,35000000,19701164,34480045,1,-519955,-1.4855857142857143,Loss,tt1235522,Broken City,"Crime,Drama,Thriller",6.2,71704,Drama
11,2013-01-18,Broken City,35000000,19701164,34480045,1,-519955,-1.4855857142857143,Loss,tt1235522,Broken City,"Crime,Drama,Thriller",6.2,71704,Thriller
17,2010-04-30,Furry Vengeance,35000000,17630465,39340177,4,4340177,12.400505714285714,Profit,tt0492389,Furry Vengeance,"Comedy,Family",3.8,14700,Comedy
17,2010-04-30,Furry Vengeance,35000000,17630465,39340177,4,4340177,12.400505714285714,Profit,tt0492389,Furry Vengeance,"Comedy,Family",3.8,14700,Family
18,2013-01-25,Parker,35000000,17616641,48543388,1,13543388,38.695394285714286,Profit,tt1904996,Parker,"Action,Crime,Thriller",6.2,105529,Action
18,2013-01-25,Parker,35000000,17616641,48543388,1,13543388,38.695394285714286,Profit,tt1904996,Parker,"Action,Crime,Thriller",6.2,105529,Crime
18,2013-01-25,Parker,35000000,17616641,48543388,1,13543388,38.695394285714286,Profit,tt1904996,Parker,"Action,Crime,Thriller",6.2,105529,Thriller
24,2011-05-27,The Tree of Life,35000000,13305665,61721826,5,26721826,76.34807428571429,Profit,tt0478304,The Tree of Life,"Drama,Fantasy",6.8,156266,Drama
24,2011-05-27,The Tree of Life,35000000,13305665,61721826,5,26721826,76.34807428571429,Profit,tt0478304,The Tree of Life,"Drama,Fantasy",6.8,156266,Fantasy
29,2014-03-28,Sabotage,35000000,10508518,18376443,3,-16623557,-47.49587714285714,Loss,tt1742334,Sabotage,"Action,Crime,Drama",5.7,55597,Action
29,2014-03-28,Sabotage,35000000,10508518,18376443,3,-16623557,-47.49587714285714,Loss,tt1742334,Sabotage,"Action,Crime,Drama",5.7,55597,Crime
29,2014-03-28,Sabotage,35000000,10508518,18376443,3,-16623557,-47.49587714285714,Loss,tt1742334,Sabotage,"Action,Crime,Drama",5.7,55597,Drama
32,2015-03-06,Unfinished Business,35000000,10219501,13214051,3,-21785949,-62.245568571428564,Loss,tt2358925,Unfinished Business,"Comedy,Drama",5.4,29004,Comedy
32,2015-03-06,Unfinished Business,35000000,10219501,13214051,3,-21785949,-62.245568571428564,Loss,tt2358925,Unfinished Business,"Comedy,Drama",5.4,29004,Drama
33,2015-09-30,The Walk,35000000,10161183,61492104,9,26492104,75.69172571428572,Profit,tt3488710,The Walk,"Adventure,Biography,Drama",7.3,109714,Adventure
33,2015-09-30,The Walk,35000000,10161183,61492104,9,26492104,75.69172571428572,Profit,tt3488710,The Walk,"Adventure,Biography,Drama",7.3,109714,Biography
33,2015-09-30,The Walk,35000000,10161183,61492104,9,26492104,75.69172571428572,Profit,tt3488710,The Walk,"Adventure,Biography,Drama",7.3,109714,Drama
35,2013-11-29,Mandela: Long Walk to Freedom,35000000,8323085,29890402,11,-5109598,-14.59885142857143,Loss,tt2304771,Mandela: Long Walk to Freedom,"Biography,Drama,History",7.1,25027,Biography
35,2013-11-29,Mandela: Long Walk to Freedom,35000000,8323085,29890402,11,-5109598,-14.59885142857143,Loss,tt2304771,Mandela: Long Walk to Freedom,"Biography,Drama,History",7.1,25027,Drama
35,2013-11-29,Mandela: Long Walk to Freedom,35000000,8323085,29890402,11,-5109598,-14.59885142857143,Loss,tt2304771,Mandela: Long Walk to Freedom,"Biography,Drama,History",7.1,25027,History
39,2016-03-11,The Brothers Grimsby,35000000,6864016,28720470,3,-6279530,-17.941514285714284,Loss,tt3381008,The Brothers Grimsby,"Action,Adventure,Comedy",6.2,82123,Action
39,2016-03-11,The Brothers Grimsby,35000000,6864016,28720470,3,-6279530,-17.941514285714284,Loss,tt3381008,The Brothers Grimsby,"Action,Adventure,Comedy",6.2,82123,Adventure
39,2016-03-11,The Brothers Grimsby,35000000,6864016,28720470,3,-6279530,-17.941514285714284,Loss,tt3381008,The Brothers Grimsby,"Action,Adventure,Comedy",6.2,82123,Comedy
40,2017-10-20,The Snowman,35000000,6670765,43226146,10,8226146,23.503274285714284,Profit,tt1758810,The Snowman,"Crime,Drama,Mystery",5.1,47890,Crime
40,2017-10-20,The Snowman,35000000,6670765,43226146,10,8226146,23.503274285714284,Profit,tt1758810,The Snowman,"Crime,Drama,Mystery",5.1,47890,Drama
40,2017-10-20,The Snowman,35000000,6670765,43226146,10,8226146,23.503274285714284,Profit,tt1758810,The Snowman,"Crime,Drama,Mystery",5.1,47890,Mystery
44,2011-01-28,Biutiful,35000000,5101237,24687524,1,-10312476,-29.46421714285714,Loss,tt1164999,Biutiful,"Drama,Romance",7.5,80382,Drama
44,2011-01-28,Biutiful,35000000,5101237,24687524,1,-10312476,-29.46421714285714,Loss,tt1164999,Biutiful,"Drama,Romance",7.5,80382,Romance
47,2016-04-22,A Hologram for the King,35000000,4212494,11846010,4,-23153990,-66.15425714285715,Loss,tt2980210,A Hologram for the King,"Comedy,Drama,Romance",6.1,36062,Comedy
47,2016-04-22,A Hologram for the King,35000000,4212494,11846010,4,-23153990,-66.15425714285715,Loss,tt2980210,A Hologram for the King,"Comedy,Drama,Romance",6.1,36062,Drama
47,2016-04-22,A Hologram for the King,35000000,4212494,11846010,4,-23153990,-66.15425714285715,Loss,tt2980210,A Hologram for the King,"Comedy,Drama,Romance",6.1,36062,Romance
53,2012-09-14,Stolen,35000000,289773,17967746,9,-17032254,-48.663582857142856,Loss,tt1656186,Stolen,"Action,Crime,Thriller",5.5,41313,Action
53,2012-09-14,Stolen,35000000,289773,17967746,9,-17032254,-48.663582857142856,Loss,tt1656186,Stolen,"Action,Crime,Thriller",5.5,41313,Crime
53,2012-09-14,Stolen,35000000,289773,17967746,9,-17032254,-48.663582857142856,Loss,tt1656186,Stolen,"Action,Crime,Thriller",5.5,41313,Thriller
54,2011-10-14,Trespass,35000000,16816,786532,10,-34213468,-97.75276571428572,Loss,tt1674784,Trespass,"Crime,Drama,Thriller",5.3,39404,Crime
54,2011-10-14,Trespass,35000000,16816,786532,10,-34213468,-97.75276571428572,Loss,tt1674784,Trespass,"Crime,Drama,Thriller",5.3,39404,Drama
54,2011-10-14,Trespass,35000000,16816,786532,10,-34213468,-97.75276571428572,Loss,tt1674784,Trespass,"Crime,Drama,Thriller",5.3,39404,Thriller
56,2015-03-13,The Lovers,35000000,0,53899,3,-34946101,-99.84600285714286,Loss,tt1321869,The Lovers,"Action,Adventure,Romance",4.6,2867,Action
56,2015-03-13,The Lovers,35000000,0,53899,3,-34946101,-99.84600285714286,Loss,tt1321869,The Lovers,"Action,Adventure,Romance",4.6,2867,Adventure
56,2015-03-13,The Lovers,35000000,0,53899,3,-34946101,-99.84600285714286,Loss,tt1321869,The Lovers,"Action,Adventure,Romance",4.6,2867,Romance
58,2011-12-25,The Darkest Hour,34800000,21443494,62831715,12,28031715,80.55090517241379,Profit,tt1093357,The Darkest Hour,"Action,Adventure,Horror",4.9,55071,Action
58,2011-12-25,The Darkest Hour,34800000,21443494,62831715,12,28031715,80.55090517241379,Profit,tt1093357,The Darkest Hour,"Action,Adventure,Horror",4.9,55071,Adventure
58,2011-12-25,The Darkest Hour,34800000,21443494,62831715,12,28031715,80.55090517241379,Profit,tt1093357,The Darkest Hour,"Action,Adventure,Horror",4.9,55071,Horror
59,2017-06-28,Baby Driver,34000000,107825862,228104185,6,194104185,570.8946617647059,Profit,tt3890160,Baby Driver,"Action,Crime,Drama",7.6,363977,Action
59,2017-06-28,Baby Driver,34000000,107825862,228104185,6,194104185,570.8946617647059,Profit,tt3890160,Baby Driver,"Action,Crime,Drama",7.6,363977,Crime
59,2017-06-28,Baby Driver,34000000,107825862,228104185,6,194104185,570.8946617647059,Profit,tt3890160,Baby Driver,"Action,Crime,Drama",7.6,363977,Drama
60,2014-09-19,The Maze Runner,34000000,102427862,348319861,9,314319861,924.4701794117648,Profit,tt1790864,The Maze Runner,"Action,Mystery,Sci-Fi",6.8,387038,Action
60,2014-09-19,The Maze Runner,34000000,102427862,348319861,9,314319861,924.4701794117648,Profit,tt1790864,The Maze Runner,"Action,Mystery,Sci-Fi",6.8,387038,Mystery
60,2014-09-19,The Maze Runner,34000000,102427862,348319861,9,314319861,924.4701794117648,Profit,tt1790864,The Maze Runner,"Action,Mystery,Sci-Fi",6.8,387038,Sci-Fi
61,2015-04-10,The Longest Ride,34000000,37446117,63802928,4,29802928,87.6556705882353,Profit,tt2726560,The Longest Ride,"Drama,Romance",7.1,70327,Drama
61,2015-04-10,The Longest Ride,34000000,37446117,63802928,4,29802928,87.6556705882353,Profit,tt2726560,The Longest Ride,"Drama,Romance",7.1,70327,Romance
64,2018-08-03,The Darkest Minds,34000000,12695691,38361428,8,4361428,12.827729411764707,Profit,tt4073790,The Darkest Minds,"Action,Adventure,Drama",5.7,21340,Action
64,2018-08-03,The Darkest Minds,34000000,12695691,38361428,8,4361428,12.827729411764707,Profit,tt4073790,The Darkest Minds,"Action,Adventure,Drama",5.7,21340,Adventure
64,2018-08-03,The Darkest Minds,34000000,12695691,38361428,8,4361428,12.827729411764707,Profit,tt4073790,The Darkest Minds,"Action,Adventure,Drama",5.7,21340,Drama
68,2014-09-05,Thunder and the House of Magic,34000000,4091,62582520,9,28582520,84.06623529411765,Profit,tt3148834,Thunder and the House of Magic,"Adventure,Animation,Comedy",6.3,5626,Adventure
68,2014-09-05,Thunder and the House of Magic,34000000,4091,62582520,9,28582520,84.06623529411765,Profit,tt3148834,Thunder and the House of Magic,"Adventure,Animation,Comedy",6.3,5626,Animation
68,2014-09-05,Thunder and the House of Magic,34000000,4091,62582520,9,28582520,84.06623529411765,Profit,tt3148834,Thunder and the House of Magic,"Adventure,Animation,Comedy",6.3,5626,Comedy
73,2016-07-08,Mike and Dave Need Wedding Dates,33000000,46009673,75898100,7,42898100,129.99424242424243,Profit,tt2823054,Mike and Dave Need Wedding Dates,"Adventure,Comedy,Romance",6.0,74849,Adventure
73,2016-07-08,Mike and Dave Need Wedding Dates,33000000,46009673,75898100,7,42898100,129.99424242424243,Profit,tt2823054,Mike and Dave Need Wedding Dates,"Adventure,Comedy,Romance",6.0,74849,Comedy
73,2016-07-08,Mike and Dave Need Wedding Dates,33000000,46009673,75898100,7,42898100,129.99424242424243,Profit,tt2823054,Mike and Dave Need Wedding Dates,"Adventure,Comedy,Romance",6.0,74849,Romance
74,2012-07-27,Step Up Revolution,33000000,35074677,165552290,7,132552290,401.67360606060606,Profit,tt1800741,Step Up Revolution,"Drama,Music,Romance",6.5,51295,Drama
74,2012-07-27,Step Up Revolution,33000000,35074677,165552290,7,132552290,401.67360606060606,Profit,tt1800741,Step Up Revolution,"Drama,Music,Romance",6.5,51295,Music
74,2012-07-27,Step Up Revolution,33000000,35074677,165552290,7,132552290,401.67360606060606,Profit,tt1800741,Step Up Revolution,"Drama,Music,Romance",6.5,51295,Romance
78,2012-04-27,Safe,33000000,17142080,41495213,4,8495213,25.743069696969695,Profit,tt1656190,Safe,"Action,Crime,Thriller",6.5,96388,Action
78,2012-04-27,Safe,33000000,17142080,41495213,4,8495213,25.743069696969695,Profit,tt1656190,Safe,"Action,Crime,Thriller",6.5,96388,Crime
78,2012-04-27,Safe,33000000,17142080,41495213,4,8495213,25.743069696969695,Profit,tt1656190,Safe,"Action,Crime,Thriller",6.5,96388,Thriller
82,2015-07-31,The Young and Prodigious T.S. Spivet,33000000,176847,357687,7,-32642313,-98.9161,Loss,tt1981107,The Young and Prodigious T.S. Spivet,"Action,Adventure,Comedy",7.1,15372,Action
82,2015-07-31,The Young and Prodigious T.S. Spivet,33000000,176847,357687,7,-32642313,-98.9161,Loss,tt1981107,The Young and Prodigious T.S. Spivet,"Action,Adventure,Comedy",7.1,15372,Adventure
82,2015-07-31,The Young and Prodigious T.S. Spivet,33000000,176847,357687,7,-32642313,-98.9161,Loss,tt1981107,The Young and Prodigious T.S. Spivet,"Action,Adventure,Comedy",7.1,15372,Comedy
83,2015-10-30,Freaks of Nature,33000000,70958,70958,10,-32929042,-99.78497575757575,Loss,tt1817771,Freaks of Nature,"Comedy,Horror,Sci-Fi",5.9,9670,Comedy
83,2015-10-30,Freaks of Nature,33000000,70958,70958,10,-32929042,-99.78497575757575,Loss,tt1817771,Freaks of Nature,"Comedy,Horror,Sci-Fi",5.9,9670,Horror
83,2015-10-30,Freaks of Nature,33000000,70958,70958,10,-32929042,-99.78497575757575,Loss,tt1817771,Freaks of Nature,"Comedy,Horror,Sci-Fi",5.9,9670,Sci-Fi
85,2011-05-13,Bridesmaids,32500000,169211718,289632023,5,257132023,791.1754553846154,Profit,tt1478338,Bridesmaids,"Comedy,Romance",6.8,249501,Comedy
85,2011-05-13,Bridesmaids,32500000,169211718,289632023,5,257132023,791.1754553846154,Profit,tt1478338,Bridesmaids,"Comedy,Romance",6.8,249501,Romance
87,2013-04-26,The Big Wedding,32500000,21819348,48425971,4,15925971,49.00298769230769,Profit,tt1931435,The Big Wedding,"Comedy,Drama,Romance",5.6,44221,Comedy
87,2013-04-26,The Big Wedding,32500000,21819348,48425971,4,15925971,49.00298769230769,Profit,tt1931435,The Big Wedding,"Comedy,Drama,Romance",5.6,44221,Drama
87,2013-04-26,The Big Wedding,32500000,21819348,48425971,4,15925971,49.00298769230769,Profit,tt1931435,The Big Wedding,"Comedy,Drama,Romance",5.6,44221,Romance
88,2012-02-24,Wanderlust,32500000,17288155,24159934,2,-8340066,-25.66174153846154,Loss,tt1655460,Wanderlust,"Comedy,Romance",5.6,69081,Comedy
88,2012-02-24,Wanderlust,32500000,17288155,24159934,2,-8340066,-25.66174153846154,Loss,tt1655460,Wanderlust,"Comedy,Romance",5.6,69081,Romance
95,2010-08-27,Takers,32000000,57744720,70587268,8,38587268,120.58521250000001,Profit,tt1135084,Takers,"Action,Crime,Thriller",6.2,53377,Action
95,2010-08-27,Takers,32000000,57744720,70587268,8,38587268,120.58521250000001,Profit,tt1135084,Takers,"Action,Crime,Thriller",6.2,53377,Crime
95,2010-08-27,Takers,32000000,57744720,70587268,8,38587268,120.58521250000001,Profit,tt1135084,Takers,"Action,Crime,Thriller",6.2,53377,Thriller
96,2011-04-01,Source Code,32000000,54712227,140428499,4,108428499,338.83905937500003,Profit,tt0945513,Source Code,"Action,Drama,Sci-Fi",7.5,452036,Action
96,2011-04-01,Source Code,32000000,54712227,140428499,4,108428499,338.83905937500003,Profit,tt0945513,Source Code,"Action,Drama,Sci-Fi",7.5,452036,Drama
96,2011-04-01,Source Code,32000000,54712227,140428499,4,108428499,338.83905937500003,Profit,tt0945513,Source Code,"Action,Drama,Sci-Fi",7.5,452036,Sci-Fi
99,2018-04-20,I Feel Pretty,32000000,48795601,91553797,4,59553797,186.105615625,Profit,tt6791096,I Feel Pretty,"Comedy,Romance",5.4,39936,Comedy
99,2018-04-20,I Feel Pretty,32000000,48795601,91553797,4,59553797,186.105615625,Profit,tt6791096,I Feel Pretty,"Comedy,Romance",5.4,39936,Romance
1,2011-02-18,"Big Mommas: Like Father, Like Son",32000000,37915414,82332450,2,50332450,157.28890625,Profit,tt1464174,"Big Mommas: Like Father, Like Son","Action,Comedy,Crime",4.4,23520,Action
1,2011-02-18,"Big Mommas: Like Father, Like Son",32000000,37915414,82332450,2,50332450,157.28890625,Profit,tt1464174,"Big Mommas: Like Father, Like Son","Action,Comedy,Crime",4.4,23520,Comedy
1,2011-02-18,"Big Mommas: Like Father, Like Son",32000000,37915414,82332450,2,50332450,157.28890625,Profit,tt1464174,"Big Mommas: Like Father, Like Son","Action,Comedy,Crime",4.4,23520,Crime
7,2013-03-15,The Incredible Burt Wonderstone,32000000,22537881,27392609,3,-4607391,-14.398096875,Loss,tt0790628,The Incredible Burt Wonderstone,"Adventure,Comedy,Fantasy",5.9,67549,Adventure
7,2013-03-15,The Incredible Burt Wonderstone,32000000,22537881,27392609,3,-4607391,-14.398096875,Loss,tt0790628,The Incredible Burt Wonderstone,"Adventure,Comedy,Fantasy",5.9,67549,Comedy
7,2013-03-15,The Incredible Burt Wonderstone,32000000,22537881,27392609,3,-4607391,-14.398096875,Loss,tt0790628,The Incredible Burt Wonderstone,"Adventure,Comedy,Fantasy",5.9,67549,Fantasy
10,2018-10-12,Bad Times at the El Royale,32000000,17839115,29204379,10,-2795621,-8.736315625,Loss,tt6628394,Bad Times at the El Royale,"Crime,Drama,Mystery",7.1,86318,Crime
10,2018-10-12,Bad Times at the El Royale,32000000,17839115,29204379,10,-2795621,-8.736315625,Loss,tt6628394,Bad Times at the El Royale,"Crime,Drama,Mystery",7.1,86318,Drama
10,2018-10-12,Bad Times at the El Royale,32000000,17839115,29204379,10,-2795621,-8.736315625,Loss,tt6628394,Bad Times at the El Royale,"Crime,Drama,Mystery",7.1,86318,Mystery
11,2010-09-03,Going the Distance,32000000,17804299,43603990,9,11603990,36.26246875,Profit,tt1322312,Going the Distance,"Comedy,Romance",6.3,54421,Comedy
11,2010-09-03,Going the Distance,32000000,17804299,43603990,9,11603990,36.26246875,Profit,tt1322312,Going the Distance,"Comedy,Romance",6.3,54421,Romance
13,2010-03-19,Repo Men,32000000,13942007,18195238,3,-13804762,-43.13988125,Loss,tt1053424,Repo Men,"Action,Crime,Sci-Fi",6.3,96144,Action
13,2010-03-19,Repo Men,32000000,13942007,18195238,3,-13804762,-43.13988125,Loss,tt1053424,Repo Men,"Action,Crime,Sci-Fi",6.3,96144,Crime
13,2010-03-19,Repo Men,32000000,13942007,18195238,3,-13804762,-43.13988125,Loss,tt1053424,Repo Men,"Action,Crime,Sci-Fi",6.3,96144,Sci-Fi
21,2016-04-15,Criminal,31500000,14708696,38771262,4,7271262,23.08337142857143,Profit,tt3014866,Criminal,"Action,Crime,Drama",6.3,51666,Action
21,2016-04-15,Criminal,31500000,14708696,38771262,4,7271262,23.08337142857143,Profit,tt3014866,Criminal,"Action,Crime,Drama",6.3,51666,Crime
21,2016-04-15,Criminal,31500000,14708696,38771262,4,7271262,23.08337142857143,Profit,tt3014866,Criminal,"Action,Crime,Drama",6.3,51666,Drama
22,2013-04-12,42,31000000,95020213,97470701,4,66470701,214.42161612903226,Profit,tt0453562,42,"Biography,Drama,Sport",7.5,77703,Biography
22,2013-04-12,42,31000000,95020213,97470701,4,66470701,214.42161612903226,Profit,tt0453562,42,"Biography,Drama,Sport",7.5,77703,Drama
22,2013-04-12,42,31000000,95020213,97470701,4,66470701,214.42161612903226,Profit,tt0453562,42,"Biography,Drama,Sport",7.5,77703,Sport
23,2012-11-02,Flight,31000000,93772375,160558438,11,129558438,417.9304451612904,Profit,tt1907668,Flight,"Drama,Thriller",7.3,303009,Drama
23,2012-11-02,Flight,31000000,93772375,160558438,11,129558438,417.9304451612904,Profit,tt1907668,Flight,"Drama,Thriller",7.3,303009,Thriller
27,2014-03-07,The Grand Budapest Hotel,31000000,59076019,163981261,3,132981261,428.97180967741934,Profit,tt2278388,The Grand Budapest Hotel,"Adventure,Comedy,Crime",8.1,633604,Adventure
27,2014-03-07,The Grand Budapest Hotel,31000000,59076019,163981261,3,132981261,428.97180967741934,Profit,tt2278388,The Grand Budapest Hotel,"Adventure,Comedy,Crime",8.1,633604,Comedy
27,2014-03-07,The Grand Budapest Hotel,31000000,59076019,163981261,3,132981261,428.97180967741934,Profit,tt2278388,The Grand Budapest Hotel,"Adventure,Comedy,Crime",8.1,633604,Crime
28,2015-07-29,Vacation,31000000,58884188,102306500,7,71306500,230.0209677419355,Profit,tt1524930,Vacation,"Adventure,Comedy",6.1,87582,Adventure
28,2015-07-29,Vacation,31000000,58884188,102306500,7,71306500,230.0209677419355,Profit,tt1524930,Vacation,"Adventure,Comedy",6.1,87582,Comedy
33,2010-01-22,Extraordinary Measures,31000000,12482741,15826984,1,-15173016,-48.9452129032258,Loss,tt1244659,Extraordinary Measures,Drama,6.5,15673,Drama
34,2017-08-25,Birth of the Dragon,31000000,6901965,7220490,8,-23779510,-76.70809677419355,Loss,tt2720826,Birth of the Dragon,"Action,Biography,Drama",5.4,6090,Action
34,2017-08-25,Birth of the Dragon,31000000,6901965,7220490,8,-23779510,-76.70809677419355,Loss,tt2720826,Birth of the Dragon,"Action,Biography,Drama",5.4,6090,Biography
34,2017-08-25,Birth of the Dragon,31000000,6901965,7220490,8,-23779510,-76.70809677419355,Loss,tt2720826,Birth of the Dragon,"Action,Biography,Drama",5.4,6090,Drama
38,2018-08-15,Crazy Rich Asians,30000000,174532921,238099711,8,208099711,693.6657033333333,Profit,tt3104988,Crazy Rich Asians,"Comedy,Romance",7.0,96617,Comedy
38,2018-08-15,Crazy Rich Asians,30000000,174532921,238099711,8,208099711,693.6657033333333,Profit,tt3104988,Crazy Rich Asians,"Comedy,Romance",7.0,96617,Romance
42,2012-02-10,The Vow,30000000,125014030,197618160,2,167618160,558.7271999999999,Profit,tt1606389,The Vow,"Drama,Romance",6.8,173629,Drama
42,2012-02-10,The Vow,30000000,125014030,197618160,2,167618160,558.7271999999999,Profit,tt1606389,The Vow,"Drama,Romance",6.8,173629,Romance
45,2013-08-16,Lee Daniels' The Butler,30000000,116632095,177025498,8,147025498,490.08499333333333,Profit,tt1327773,Lee Daniels' The Butler,"Biography,Drama",7.2,102468,Biography
45,2013-08-16,Lee Daniels' The Butler,30000000,116632095,177025498,8,147025498,490.08499333333333,Profit,tt1327773,Lee Daniels' The Butler,"Biography,Drama",7.2,102468,Drama
57,2015-12-18,Sisters,30000000,87044645,106030660,12,76030660,253.43553333333335,Profit,tt1850457,Sisters,Comedy,6.0,58994,Comedy
69,2012-09-28,Looper,30000000,66486205,170466405,9,140466405,468.22135,Profit,tt1276104,Looper,"Action,Crime,Drama",7.4,500595,Action
69,2012-09-28,Looper,30000000,66486205,170466405,9,140466405,468.22135,Profit,tt1276104,Looper,"Action,Crime,Drama",7.4,500595,Crime
69,2012-09-28,Looper,30000000,66486205,170466405,9,140466405,468.22135,Profit,tt1276104,Looper,"Action,Crime,Drama",7.4,500595,Drama
70,2013-02-01,Warm Bodies,30000000,66380662,115121608,2,85121608,283.73869333333334,Profit,tt1588173,Warm Bodies,"Comedy,Horror,Romance",6.9,208709,Comedy
70,2013-02-01,Warm Bodies,30000000,66380662,115121608,2,85121608,283.73869333333334,Profit,tt1588173,Warm Bodies,"Comedy,Horror,Romance",6.9,208709,Horror
70,2013-02-01,Warm Bodies,30000000,66380662,115121608,2,85121608,283.73869333333334,Profit,tt1588173,Warm Bodies,"Comedy,Horror,Romance",6.9,208709,Romance
72,2014-01-17,The Nut Job,30000000,64251538,122529966,1,92529966,308.43322,Profit,tt1821658,The Nut Job,"Adventure,Animation,Comedy",5.7,24587,Adventure
72,2014-01-17,The Nut Job,30000000,64251538,122529966,1,92529966,308.43322,Profit,tt1821658,The Nut Job,"Adventure,Animation,Comedy",5.7,24587,Animation
72,2014-01-17,The Nut Job,30000000,64251538,122529966,1,92529966,308.43322,Profit,tt1821658,The Nut Job,"Adventure,Animation,Comedy",5.7,24587,Comedy
75,2012-08-08,Hope Springs,30000000,63536011,133085295,8,103085295,343.61765,Profit,tt1535438,Hope Springs,"Comedy,Drama,Romance",6.3,38667,Comedy
75,2012-08-08,Hope Springs,30000000,63536011,133085295,8,103085295,343.61765,Profit,tt1535438,Hope Springs,"Comedy,Drama,Romance",6.3,38667,Drama
75,2012-08-08,Hope Springs,30000000,63536011,133085295,8,103085295,343.61765,Profit,tt1535438,Hope Springs,"Comedy,Drama,Romance",6.3,38667,Romance
83,2011-05-20,Midnight in Paris,30000000,56816662,162502774,5,132502774,441.67591333333337,Profit,tt1605783,Midnight in Paris,"Comedy,Fantasy,Romance",7.7,356500,Comedy
83,2011-05-20,Midnight in Paris,30000000,56816662,162502774,5,132502774,441.67591333333337,Profit,tt1605783,Midnight in Paris,"Comedy,Fantasy,Romance",7.7,356500,Fantasy
83,2011-05-20,Midnight in Paris,30000000,56816662,162502774,5,132502774,441.67591333333337,Profit,tt1605783,Midnight in Paris,"Comedy,Fantasy,Romance",7.7,356500,Romance
84,2017-11-22,Darkest Hour,30000000,56443120,150807172,11,120807172,402.6905733333333,Profit,tt4555426,Darkest Hour,"Biography,Drama,History",7.4,136546,Biography
84,2017-11-22,Darkest Hour,30000000,56443120,150807172,11,120807172,402.6905733333333,Profit,tt4555426,Darkest Hour,"Biography,Drama,History",7.4,136546,Drama
84,2017-11-22,Darkest Hour,30000000,56443120,150807172,11,120807172,402.6905733333333,Profit,tt4555426,Darkest Hour,"Biography,Drama,History",7.4,136546,History
88,2018-05-11,Life of the Party,30000000,53059911,65759911,5,35759911,119.19970333333335,Profit,tt5619332,Life of the Party,Comedy,5.5,25756,Comedy
89,2010-05-14,Letters to Juliet,30000000,53032453,82148538,5,52148538,173.82846,Profit,tt0892318,Letters to Juliet,"Adventure,Comedy,Drama",6.6,86137,Adventure
89,2010-05-14,Letters to Juliet,30000000,53032453,82148538,5,52148538,173.82846,Profit,tt0892318,Letters to Juliet,"Adventure,Comedy,Drama",6.6,86137,Comedy
89,2010-05-14,Letters to Juliet,30000000,53032453,82148538,5,52148538,173.82846,Profit,tt0892318,Letters to Juliet,"Adventure,Comedy,Drama",6.6,86137,Drama
92,2015-07-24,Southpaw,30000000,52421953,94156456,7,64156456,213.85485333333332,Profit,tt1798684,Southpaw,"Drama,Sport",7.4,199783,Drama
92,2015-07-24,Southpaw,30000000,52421953,94156456,7,64156456,213.85485333333332,Profit,tt1798684,Southpaw,"Drama,Sport",7.4,199783,Sport
94,2017-07-28,Atomic Blonde,30000000,51573925,98345423,7,68345423,227.81807666666666,Profit,tt2406566,Atomic Blonde,"Action,Mystery,Thriller",6.7,150407,Action
94,2017-07-28,Atomic Blonde,30000000,51573925,98345423,7,68345423,227.81807666666666,Profit,tt2406566,Atomic Blonde,"Action,Mystery,Thriller",6.7,150407,Mystery
94,2017-07-28,Atomic Blonde,30000000,51573925,98345423,7,68345423,227.81807666666666,Profit,tt2406566,Atomic Blonde,"Action,Mystery,Thriller",6.7,150407,Thriller
100,2015-09-18,Sicario,30000000,46889293,84393749,9,54393749,181.31249666666668,Profit,tt3397884,Sicario,"Action,Crime,Drama",7.6,328548,Action
100,2015-09-18,Sicario,30000000,46889293,84393749,9,54393749,181.31249666666668,Profit,tt3397884,Sicario,"Action,Crime,Drama",7.6,328548,Crime
100,2015-09-18,Sicario,30000000,46889293,84393749,9,54393749,181.31249666666668,Profit,tt3397884,Sicario,"Action,Crime,Drama",7.6,328548,Drama
3,2018-01-19,Den of Thieves,30000000,44947622,80131391,1,50131391,167.10463666666666,Profit,tt1259528,Den of Thieves,"Action,Crime,Drama",7.0,69648,Action
3,2018-01-19,Den of Thieves,30000000,44947622,80131391,1,50131391,167.10463666666666,Profit,tt1259528,Den of Thieves,"Action,Crime,Drama",7.0,69648,Crime
3,2018-01-19,Den of Thieves,30000000,44947622,80131391,1,50131391,167.10463666666666,Profit,tt1259528,Den of Thieves,"Action,Crime,Drama",7.0,69648,Drama
4,2012-04-13,The Three Stooges,30000000,44338224,54052249,4,24052249,80.17416333333334,Profit,tt0383010,The Three Stooges,"Comedy,Family",5.1,28570,Comedy
4,2012-04-13,The Three Stooges,30000000,44338224,54052249,4,24052249,80.17416333333334,Profit,tt0383010,The Three Stooges,"Comedy,Family",5.1,28570,Family
6,2014-10-24,John Wick,30000000,43037835,76235001,10,46235001,154.11667,Profit,tt2911666,John Wick,"Action,Crime,Thriller",7.4,449942,Action
6,2014-10-24,John Wick,30000000,43037835,76235001,10,46235001,154.11667,Profit,tt2911666,John Wick,"Action,Crime,Thriller",7.4,449942,Crime
6,2014-10-24,John Wick,30000000,43037835,76235001,10,46235001,154.11667,Profit,tt2911666,John Wick,"Action,Crime,Thriller",7.4,449942,Thriller
8,2015-04-24,The Age of Adaline,30000000,42629776,68984536,4,38984536,129.94845333333333,Profit,tt1655441,The Age of Adaline,"Drama,Fantasy,Romance",7.2,138924,Drama
8,2015-04-24,The Age of Adaline,30000000,42629776,68984536,4,38984536,129.94845333333333,Profit,tt1655441,The Age of Adaline,"Drama,Fantasy,Romance",7.2,138924,Fantasy
8,2015-04-24,The Age of Adaline,30000000,42629776,68984536,4,38984536,129.94845333333333,Profit,tt1655441,The Age of Adaline,"Drama,Fantasy,Romance",7.2,138924,Romance
9,2010-08-06,Step Up 3D,30000000,42400223,165889117,8,135889117,452.96372333333335,Profit,tt1193631,Step Up 3D,"Drama,Music,Romance",6.2,53081,Drama
9,2010-08-06,Step Up 3D,30000000,42400223,165889117,8,135889117,452.96372333333335,Profit,tt1193631,Step Up 3D,"Drama,Music,Romance",6.2,53081,Music
9,2010-08-06,Step Up 3D,30000000,42400223,165889117,8,135889117,452.96372333333335,Profit,tt1193631,Step Up 3D,"Drama,Music,Romance",6.2,53081,Romance
11,2012-04-13,The Cabin in the Woods,30000000,42073277,70689968,4,40689968,135.63322666666667,Profit,tt1259521,The Cabin in the Woods,Horror,7.0,338445,Horror
14,2011-04-08,Hanna,30000000,40259119,65343694,4,35343694,117.81231333333334,Profit,tt0993842,Hanna,"Action,Drama,Thriller",6.8,179178,Action
14,2011-04-08,Hanna,30000000,40259119,65343694,4,35343694,117.81231333333334,Profit,tt0993842,Hanna,"Action,Drama,Thriller",6.8,179178,Drama
14,2011-04-08,Hanna,30000000,40259119,65343694,4,35343694,117.81231333333334,Profit,tt0993842,Hanna,"Action,Drama,Thriller",6.8,179178,Thriller
22,2013-09-13,The Family,30000000,36918811,51078541,9,21078541,70.26180333333333,Profit,tt2404311,The Family,"Comedy,Crime,Thriller",6.3,102576,Comedy
22,2013-09-13,The Family,30000000,36918811,51078541,9,21078541,70.26180333333333,Profit,tt2404311,The Family,"Comedy,Crime,Thriller",6.3,102576,Crime
22,2013-09-13,The Family,30000000,36918811,51078541,9,21078541,70.26180333333333,Profit,tt2404311,The Family,"Comedy,Crime,Thriller",6.3,102576,Thriller
23,2018-02-09,The 15:17 to Paris,30000000,36276286,56096200,2,26096200,86.98733333333334,Profit,tt6802308,The 15:17 to Paris,"Biography,Drama,Thriller",5.2,21880,Biography
23,2018-02-09,The 15:17 to Paris,30000000,36276286,56096200,2,26096200,86.98733333333334,Profit,tt6802308,The 15:17 to Paris,"Biography,Drama,Thriller",5.2,21880,Drama
23,2018-02-09,The 15:17 to Paris,30000000,36276286,56096200,2,26096200,86.98733333333334,Profit,tt6802308,The 15:17 to Paris,"Biography,Drama,Thriller",5.2,21880,Thriller
25,2011-07-01,Larry Crowne,30000000,35608245,61449135,7,31449135,104.83045,Profit,tt1583420,Larry Crowne,"Comedy,Drama,Romance",6.1,58927,Comedy
25,2011-07-01,Larry Crowne,30000000,35608245,61449135,7,31449135,104.83045,Profit,tt1583420,Larry Crowne,"Comedy,Drama,Romance",6.1,58927,Drama
25,2011-07-01,Larry Crowne,30000000,35608245,61449135,7,31449135,104.83045,Profit,tt1583420,Larry Crowne,"Comedy,Drama,Romance",6.1,58927,Romance
26,2013-10-18,Carrie,30000000,35266619,82409520,10,52409520,174.69840000000002,Profit,tt1939659,Carrie,"Drama,Horror",5.9,125424,Drama
26,2013-10-18,Carrie,30000000,35266619,82409520,10,52409520,174.69840000000002,Profit,tt1939659,Carrie,"Drama,Horror",5.9,125424,Horror
28,2018-03-02,Death Wish,30000000,34017028,48575965,3,18575965,61.91988333333334,Profit,tt1137450,Death Wish,"Action,Crime,Drama",6.4,50279,Action
28,2018-03-02,Death Wish,30000000,34017028,48575965,3,18575965,61.91988333333334,Profit,tt1137450,Death Wish,"Action,Crime,Drama",6.4,50279,Crime
28,2018-03-02,Death Wish,30000000,34017028,48575965,3,18575965,61.91988333333334,Profit,tt1137450,Death Wish,"Action,Crime,Drama",6.4,50279,Drama
30,2015-06-03,Entourage,30000000,32363404,46438538,6,16438538,54.79512666666667,Profit,tt1674771,Entourage,Comedy,6.6,71519,Comedy
32,2013-02-08,Side Effects,30000000,32172757,66742138,2,36742138,122.47379333333332,Profit,tt2053463,Side Effects,"Crime,Drama,Mystery",7.1,168466,Crime
32,2013-02-08,Side Effects,30000000,32172757,66742138,2,36742138,122.47379333333332,Profit,tt2053463,Side Effects,"Crime,Drama,Mystery",7.1,168466,Drama
32,2013-02-08,Side Effects,30000000,32172757,66742138,2,36742138,122.47379333333332,Profit,tt2053463,Side Effects,"Crime,Drama,Mystery",7.1,168466,Mystery
34,2014-07-02,Deliver Us from Evil,30000000,30577122,87956618,7,57956618,193.18872666666667,Profit,tt2377322,Deliver Us from Evil,"Horror,Mystery,Thriller",6.2,63793,Horror
34,2014-07-02,Deliver Us from Evil,30000000,30577122,87956618,7,57956618,193.18872666666667,Profit,tt2377322,Deliver Us from Evil,"Horror,Mystery,Thriller",6.2,63793,Mystery
34,2014-07-02,Deliver Us from Evil,30000000,30577122,87956618,7,57956618,193.18872666666667,Profit,tt2377322,Deliver Us from Evil,"Horror,Mystery,Thriller",6.2,63793,Thriller
35,2014-08-01,Get on Up,30000000,30569935,33339868,8,3339868,11.132893333333334,Profit,tt2473602,Get on Up,"Biography,Drama,Music",6.9,19024,Biography
35,2014-08-01,Get on Up,30000000,30569935,33339868,8,3339868,11.132893333333334,Profit,tt2473602,Get on Up,"Biography,Drama,Music",6.9,19024,Drama
35,2014-08-01,Get on Up,30000000,30569935,33339868,8,3339868,11.132893333333334,Profit,tt2473602,Get on Up,"Biography,Drama,Music",6.9,19024,Music
37,2012-04-27,The Five-Year Engagement,30000000,28700285,61623819,4,31623819,105.41273,Profit,tt1195478,The Five-Year Engagement,"Comedy,Romance",6.2,88469,Comedy
37,2012-04-27,The Five-Year Engagement,30000000,28700285,61623819,4,31623819,105.41273,Profit,tt1195478,The Five-Year Engagement,"Comedy,Romance",6.2,88469,Romance
39,2011-07-15,Winnie the Pooh,30000000,26692846,50145607,7,20145607,67.15202333333333,Profit,tt1449283,Winnie the Pooh,"Adventure,Animation,Comedy",7.2,19605,Adventure
39,2011-07-15,Winnie the Pooh,30000000,26692846,50145607,7,20145607,67.15202333333333,Profit,tt1449283,Winnie the Pooh,"Adventure,Animation,Comedy",7.2,19605,Animation
39,2011-07-15,Winnie the Pooh,30000000,26692846,50145607,7,20145607,67.15202333333333,Profit,tt1449283,Winnie the Pooh,"Adventure,Animation,Comedy",7.2,19605,Comedy
42,2018-09-14,White Boy Rick,30000000,24004833,25947983,9,-4052017,-13.506723333333333,Loss,tt4537896,White Boy Rick,"Crime,Drama",6.4,16255,Crime
42,2018-09-14,White Boy Rick,30000000,24004833,25947983,9,-4052017,-13.506723333333333,Loss,tt4537896,White Boy Rick,"Crime,Drama",6.4,16255,Drama
45,2011-02-04,Sanctum,30000000,23209310,108957098,2,78957098,263.1903266666667,Profit,tt0881320,Sanctum,"Adventure,Drama,Thriller",5.9,51318,Adventure
45,2011-02-04,Sanctum,30000000,23209310,108957098,2,78957098,263.1903266666667,Profit,tt0881320,Sanctum,"Adventure,Drama,Thriller",5.9,51318,Drama
45,2011-02-04,Sanctum,30000000,23209310,108957098,2,78957098,263.1903266666667,Profit,tt0881320,Sanctum,"Adventure,Drama,Thriller",5.9,51318,Thriller
47,2017-08-25,Ballerina,30000000,21858070,96892829,8,66892829,222.97609666666665,Profit,tt2560702,Ballerina,"Biography,Documentary",7.5,13,Biography
47,2017-08-25,Ballerina,30000000,21858070,96892829,8,66892829,222.97609666666665,Profit,tt2560702,Ballerina,"Biography,Documentary",7.5,13,Documentary
49,2010-11-19,The Next Three Days,30000000,21148651,67255916,11,37255916,124.18638666666666,Profit,tt1458175,The Next Three Days,"Action,Crime,Drama",7.4,168066,Action
49,2010-11-19,The Next Three Days,30000000,21148651,67255916,11,37255916,124.18638666666666,Profit,tt1458175,The Next Three Days,"Action,Crime,Drama",7.4,168066,Crime
49,2010-11-19,The Next Three Days,30000000,21148651,67255916,11,37255916,124.18638666666666,Profit,tt1458175,The Next Three Days,"Action,Crime,Drama",7.4,168066,Drama
50,2018-01-12,Proud Mary,30000000,20868638,21709539,1,-8290461,-27.63487,Loss,tt6421110,Proud Mary,"Action,Crime,Drama",4.9,6805,Action
50,2018-01-12,Proud Mary,30000000,20868638,21709539,1,-8290461,-27.63487,Loss,tt6421110,Proud Mary,"Action,Crime,Drama",4.9,6805,Crime
50,2018-01-12,Proud Mary,30000000,20868638,21709539,1,-8290461,-27.63487,Loss,tt6421110,Proud Mary,"Action,Crime,Drama",4.9,6805,Drama
53,2013-10-04,Runner Runner,30000000,19316646,60512680,10,30512680,101.70893333333333,Profit,tt2364841,Runner Runner,"Crime,Thriller",5.6,58235,Crime
53,2013-10-04,Runner Runner,30000000,19316646,60512680,10,30512680,101.70893333333333,Profit,tt2364841,Runner Runner,"Crime,Thriller",5.6,58235,Thriller
55,2017-04-28,Baahubali 2: The Conclusion,30000000,18985794,263502914,4,233502914,778.3430466666666,Profit,tt4849438,Baahubali 2: The Conclusion,"Action,Drama",8.3,65656,Action
55,2017-04-28,Baahubali 2: The Conclusion,30000000,18985794,263502914,4,233502914,778.3430466666666,Profit,tt4849438,Baahubali 2: The Conclusion,"Action,Drama",8.3,65656,Drama
58,2011-08-19,Fright Night,30000000,18298649,40520649,8,10520649,35.06883,Profit,tt1438176,Fright Night,"Comedy,Horror",6.4,94555,Comedy
58,2011-08-19,Fright Night,30000000,18298649,40520649,8,10520649,35.06883,Profit,tt1438176,Fright Night,"Comedy,Horror",6.4,94555,Horror
60,2015-10-09,Steve Jobs,30000000,17766658,35579007,10,5579007,18.59669,Profit,tt2080374,Steve Jobs,"Biography,Drama",7.2,138668,Biography
60,2015-10-09,Steve Jobs,30000000,17766658,35579007,10,5579007,18.59669,Profit,tt2080374,Steve Jobs,"Biography,Drama",7.2,138668,Drama
74,2013-01-18,The Last Stand,30000000,12050299,48330757,1,18330757,61.10252333333334,Profit,tt1549920,The Last Stand,"Action,Thriller",6.4,126623,Action
74,2013-01-18,The Last Stand,30000000,12050299,48330757,1,18330757,61.10252333333334,Profit,tt1549920,The Last Stand,"Action,Thriller",6.4,126623,Thriller
78,2013-03-08,Dead Man Down,30000000,10895295,19599974,3,-10400026,-34.66675333333333,Loss,tt2101341,Dead Man Down,"Action,Crime,Drama",6.5,61238,Action
78,2013-03-08,Dead Man Down,30000000,10895295,19599974,3,-10400026,-34.66675333333333,Loss,tt2101341,Dead Man Down,"Action,Crime,Drama",6.5,61238,Crime
78,2013-03-08,Dead Man Down,30000000,10895295,19599974,3,-10400026,-34.66675333333333,Loss,tt2101341,Dead Man Down,"Action,Crime,Drama",6.5,61238,Drama
82,2017-04-14,The Lost City of Z,30000000,8574339,17121823,4,-12878177,-42.92725666666667,Loss,tt1212428,The Lost City of Z,"Adventure,Biography,Drama",6.6,66475,Adventure
82,2017-04-14,The Lost City of Z,30000000,8574339,17121823,4,-12878177,-42.92725666666667,Loss,tt1212428,The Lost City of Z,"Adventure,Biography,Drama",6.6,66475,Biography
82,2017-04-14,The Lost City of Z,30000000,8574339,17121823,4,-12878177,-42.92725666666667,Loss,tt1212428,The Lost City of Z,"Adventure,Biography,Drama",6.6,66475,Drama
84,2017-02-03,The Space Between Us,30000000,7885294,16481405,2,-13518595,-45.06198333333333,Loss,tt3922818,The Space Between Us,"Adventure,Drama,Romance",6.4,41031,Adventure
84,2017-02-03,The Space Between Us,30000000,7885294,16481405,2,-13518595,-45.06198333333333,Loss,tt3922818,The Space Between Us,"Adventure,Drama,Romance",6.4,41031,Drama
84,2017-02-03,The Space Between Us,30000000,7885294,16481405,2,-13518595,-45.06198333333333,Loss,tt3922818,The Space Between Us,"Adventure,Drama,Romance",6.4,41031,Romance
86,2011-01-14,Barney's Version,30000000,7502560,8845575,1,-21154425,-70.51475,Loss,tt1423894,Barney's Version,"Comedy,Drama",7.3,23058,Comedy
86,2011-01-14,Barney's Version,30000000,7502560,8845575,1,-21154425,-70.51475,Loss,tt1423894,Barney's Version,"Comedy,Drama",7.3,23058,Drama
88,2018-08-31,Kin,30000000,5718096,10096821,8,-19903179,-66.34393,Loss,tt6017942,Kin,"Action,Drama,Sci-Fi",5.7,9048,Action
88,2018-08-31,Kin,30000000,5718096,10096821,8,-19903179,-66.34393,Loss,tt6017942,Kin,"Action,Drama,Sci-Fi",5.7,9048,Drama
88,2018-08-31,Kin,30000000,5718096,10096821,8,-19903179,-66.34393,Loss,tt6017942,Kin,"Action,Drama,Sci-Fi",5.7,9048,Sci-Fi
90,2017-09-22,Stronger,30000000,4211129,8786752,9,-21213248,-70.71082666666668,Loss,tt3881784,Stronger,"Biography,Drama",7.0,33464,Biography
90,2017-09-22,Stronger,30000000,4211129,8786752,9,-21213248,-70.71082666666668,Loss,tt3881784,Stronger,"Biography,Drama",7.0,33464,Drama
99,2011-09-23,Machine Gun Preacher,30000000,538690,3721988,9,-26278012,-87.59337333333333,Loss,tt1586752,Machine Gun Preacher,"Action,Biography,Crime",6.8,60074,Action
99,2011-09-23,Machine Gun Preacher,30000000,538690,3721988,9,-26278012,-87.59337333333333,Loss,tt1586752,Machine Gun Preacher,"Action,Biography,Crime",6.8,60074,Biography
99,2011-09-23,Machine Gun Preacher,30000000,538690,3721988,9,-26278012,-87.59337333333333,Loss,tt1586752,Machine Gun Preacher,"Action,Biography,Crime",6.8,60074,Crime
100,2018-02-02,Bilal: A New Breed of Hero,30000000,490973,648599,2,-29351401,-97.83800333333333,Loss,tt3576728,Bilal: A New Breed of Hero,"Action,Adventure,Animation",8.0,16854,Action
100,2018-02-02,Bilal: A New Breed of Hero,30000000,490973,648599,2,-29351401,-97.83800333333333,Loss,tt3576728,Bilal: A New Breed of Hero,"Action,Adventure,Animation",8.0,16854,Adventure
100,2018-02-02,Bilal: A New Breed of Hero,30000000,490973,648599,2,-29351401,-97.83800333333333,Loss,tt3576728,Bilal: A New Breed of Hero,"Action,Adventure,Animation",8.0,16854,Animation
5,2015-01-30,Wild Card,30000000,3200,4315789,1,-25684211,-85.61403666666666,Loss,tt2231253,Wild Card,"Action,Crime,Drama",5.6,46463,Action
5,2015-01-30,Wild Card,30000000,3200,4315789,1,-25684211,-85.61403666666666,Loss,tt2231253,Wild Card,"Action,Crime,Drama",5.6,46463,Crime
5,2015-01-30,Wild Card,30000000,3200,4315789,1,-25684211,-85.61403666666666,Loss,tt2231253,Wild Card,"Action,Crime,Drama",5.6,46463,Drama
6,2015-06-05,United Passions,30000000,918,168832,6,-29831168,-99.43722666666666,Loss,tt2814362,United Passions,"Drama,History,Sport",2.1,3878,Drama
6,2015-06-05,United Passions,30000000,918,168832,6,-29831168,-99.43722666666666,Loss,tt2814362,United Passions,"Drama,History,Sport",2.1,3878,History
6,2015-06-05,United Passions,30000000,918,168832,6,-29831168,-99.43722666666666,Loss,tt2814362,United Passions,"Drama,History,Sport",2.1,3878,Sport
8,2015-12-01,Grace of Monaco,30000000,0,25199891,12,-4800109,-16.000363333333333,Loss,tt2095649,Grace of Monaco,"Biography,Drama,Romance",5.7,16685,Biography
8,2015-12-01,Grace of Monaco,30000000,0,25199891,12,-4800109,-16.000363333333333,Loss,tt2095649,Grace of Monaco,"Biography,Drama,Romance",5.7,16685,Drama
8,2015-12-01,Grace of Monaco,30000000,0,25199891,12,-4800109,-16.000363333333333,Loss,tt2095649,Grace of Monaco,"Biography,Drama,Romance",5.7,16685,Romance
11,2013-12-31,Space Pirate Captain Harlock,30000000,0,310985,12,-29689015,-98.96338333333333,Loss,tt1832471,Space Pirate Captain Harlock,"Animation,Sci-Fi",7.1,324,Animation
11,2013-12-31,Space Pirate Captain Harlock,30000000,0,310985,12,-29689015,-98.96338333333333,Loss,tt1832471,Space Pirate Captain Harlock,"Animation,Sci-Fi",7.1,324,Sci-Fi
13,2017-02-24,Collide,29200000,2280004,5466698,2,-23733302,-81.27843150684932,Loss,tt2126235,Collide,"Action,Crime,Thriller",5.7,13288,Action
13,2017-02-24,Collide,29200000,2280004,5466698,2,-23733302,-81.27843150684932,Loss,tt2126235,Collide,"Action,Crime,Thriller",5.7,13288,Crime
13,2017-02-24,Collide,29200000,2280004,5466698,2,-23733302,-81.27843150684932,Loss,tt2126235,Collide,"Action,Crime,Thriller",5.7,13288,Thriller
14,2015-05-15,Pitch Perfect 2,29000000,184296230,287625468,5,258625468,891.8119586206897,Profit,tt2848292,Pitch Perfect 2,"Comedy,Music",6.4,130692,Comedy
14,2015-05-15,Pitch Perfect 2,29000000,184296230,287625468,5,258625468,891.8119586206897,Profit,tt2848292,Pitch Perfect 2,"Comedy,Music",6.4,130692,Music
16,2018-09-28,Night School,29000000,77339130,103008792,9,74008792,255.20273103448275,Profit,tt6781982,Night School,Comedy,5.6,23501,Comedy
17,2016-04-08,The Boss,29000000,63077560,78652207,4,49652207,171.21450689655174,Profit,tt2702724,The Boss,Comedy,5.4,39096,Comedy
21,2017-08-18,Logan Lucky,29000000,27778642,44264271,8,15264271,52.635417241379315,Profit,tt5439796,Logan Lucky,"Comedy,Crime,Drama",7.0,105966,Comedy
21,2017-08-18,Logan Lucky,29000000,27778642,44264271,8,15264271,52.635417241379315,Profit,tt5439796,Logan Lucky,"Comedy,Crime,Drama",7.0,105966,Crime
21,2017-08-18,Logan Lucky,29000000,27778642,44264271,8,15264271,52.635417241379315,Profit,tt5439796,Logan Lucky,"Comedy,Crime,Drama",7.0,105966,Drama
22,2016-08-12,Florence Foster Jenkins,29000000,27383770,56000339,8,27000339,93.1046172413793,Profit,tt4136084,Florence Foster Jenkins,"Biography,Comedy,Drama",6.8,44970,Biography
22,2016-08-12,Florence Foster Jenkins,29000000,27383770,56000339,8,27000339,93.1046172413793,Profit,tt4136084,Florence Foster Jenkins,"Biography,Comedy,Drama",6.8,44970,Comedy
22,2016-08-12,Florence Foster Jenkins,29000000,27383770,56000339,8,27000339,93.1046172413793,Profit,tt4136084,Florence Foster Jenkins,"Biography,Comedy,Drama",6.8,44970,Drama
30,2019-09-30,Unhinged,29000000,0,0,9,-29000000,-100.0,Loss,tt5940342,Unhinged,Horror,4.2,512,Horror
35,2015-08-14,Straight Outta Compton,28000000,161197785,202182981,8,174182981,622.0820749999999,Profit,tt1398426,Straight Outta Compton,"Biography,Drama,History",7.9,165307,Biography
35,2015-08-14,Straight Outta Compton,28000000,161197785,202182981,8,174182981,622.0820749999999,Profit,tt1398426,Straight Outta Compton,"Biography,Drama,History",7.9,165307,Drama
35,2015-08-14,Straight Outta Compton,28000000,161197785,202182981,8,174182981,622.0820749999999,Profit,tt1398426,Straight Outta Compton,"Biography,Drama,History",7.9,165307,History
36,2017-07-21,Girls Trip,28000000,115108515,140886353,7,112886353,403.1655464285715,Profit,tt3564472,Girls Trip,"Comedy,Drama",6.2,29321,Comedy
36,2017-07-21,Girls Trip,28000000,115108515,140886353,7,112886353,403.1655464285715,Profit,tt3564472,Girls Trip,"Comedy,Drama",6.2,29321,Drama
40,2017-11-01,A Bad Moms Christmas,28000000,72110659,127710550,11,99710550,356.1091071428571,Profit,tt6359956,A Bad Moms Christmas,"Adventure,Comedy",5.5,33056,Adventure
40,2017-11-01,A Bad Moms Christmas,28000000,72110659,127710550,11,99710550,356.1091071428571,Profit,tt6359956,A Bad Moms Christmas,"Adventure,Comedy",5.5,33056,Comedy
41,2013-02-14,Safe Haven,28000000,71399120,94050951,2,66050951,235.8962535714286,Profit,tt1702439,Safe Haven,"Drama,Romance,Thriller",6.7,97055,Drama
41,2013-02-14,Safe Haven,28000000,71399120,94050951,2,66050951,235.8962535714286,Profit,tt1702439,Safe Haven,"Drama,Romance,Thriller",6.7,97055,Romance
41,2013-02-14,Safe Haven,28000000,71399120,94050951,2,66050951,235.8962535714286,Profit,tt1702439,Safe Haven,"Drama,Romance,Thriller",6.7,97055,Thriller
42,2015-12-11,The Big Short,28000000,70259870,133162752,12,105162752,375.5812571428571,Profit,tt1596363,The Big Short,"Biography,Comedy,Drama",7.8,309227,Biography
42,2015-12-11,The Big Short,28000000,70259870,133162752,12,105162752,375.5812571428571,Profit,tt1596363,The Big Short,"Biography,Comedy,Drama",7.8,309227,Comedy
42,2015-12-11,The Big Short,28000000,70259870,133162752,12,105162752,375.5812571428571,Profit,tt1596363,The Big Short,"Biography,Comedy,Drama",7.8,309227,Drama
44,2014-10-10,"Alexander and the Terrible, Horrible, No Good, Very Bad Day",28000000,66954149,101379287,10,73379287,262.06888214285715,Profit,tt1698641,"Alexander and the Terrible, Horrible, No Good, Very Bad Day","Comedy,Family",6.2,37325,Comedy
44,2014-10-10,"Alexander and the Terrible, Horrible, No Good, Very Bad Day",28000000,66954149,101379287,10,73379287,262.06888214285715,Profit,tt1698641,"Alexander and the Terrible, Horrible, No Good, Very Bad Day","Comedy,Family",6.2,37325,Family
46,2013-01-28,Last Vegas,28000000,63914167,112914167,1,84914167,303.2648821428571,Profit,tt1204975,Last Vegas,"Comedy,Drama",6.6,121409,Comedy
46,2013-01-28,Last Vegas,28000000,63914167,112914167,1,84914167,303.2648821428571,Profit,tt1204975,Last Vegas,"Comedy,Drama",6.6,121409,Drama
50,2018-06-15,Tag,28000000,54730625,77026186,6,49026186,175.09352142857142,Profit,tt2854926,Tag,Comedy,6.5,85186,Comedy
54,2010-04-16,Kick-Ass,28000000,48071303,97531134,4,69531134,248.32547857142856,Profit,tt1250777,Kick-Ass,"Action,Comedy",7.6,497363,Action
54,2010-04-16,Kick-Ass,28000000,48071303,97531134,4,69531134,248.32547857142856,Profit,tt1250777,Kick-Ass,"Action,Comedy",7.6,497363,Comedy
60,2011-08-12,30 Minutes or Less,28000000,37053924,40966716,8,12966716,46.3097,Profit,tt1622547,30 Minutes or Less,"Action,Comedy,Crime",6.1,87254,Action
60,2011-08-12,30 Minutes or Less,28000000,37053924,40966716,8,12966716,46.3097,Profit,tt1622547,30 Minutes or Less,"Action,Comedy,Crime",6.1,87254,Comedy
60,2011-08-12,30 Minutes or Less,28000000,37053924,40966716,8,12966716,46.3097,Profit,tt1622547,30 Minutes or Less,"Action,Comedy,Crime",6.1,87254,Crime
64,2014-02-21,3 Days to Kill,28000000,30697999,38959900,2,10959900,39.142500000000005,Profit,tt2172934,3 Days to Kill,"Action,Drama,Thriller",6.2,81681,Action
64,2014-02-21,3 Days to Kill,28000000,30697999,38959900,2,10959900,39.142500000000005,Profit,tt2172934,3 Days to Kill,"Action,Drama,Thriller",6.2,81681,Drama
64,2014-02-21,3 Days to Kill,28000000,30697999,38959900,2,10959900,39.142500000000005,Profit,tt2172934,3 Days to Kill,"Action,Drama,Thriller",6.2,81681,Thriller
65,2013-08-16,Kick-Ass 2,28000000,28795985,63129909,8,35129909,125.46396071428572,Profit,tt1650554,Kick-Ass 2,"Action,Comedy,Crime",6.6,238832,Action
65,2013-08-16,Kick-Ass 2,28000000,28795985,63129909,8,35129909,125.46396071428572,Profit,tt1650554,Kick-Ass 2,"Action,Comedy,Crime",6.6,238832,Comedy
65,2013-08-16,Kick-Ass 2,28000000,28795985,63129909,8,35129909,125.46396071428572,Profit,tt1650554,Kick-Ass 2,"Action,Comedy,Crime",6.6,238832,Crime
67,2014-09-19,A Walk Among the Tombstones,28000000,26017685,62108587,9,34108587,121.81638214285715,Profit,tt0365907,A Walk Among the Tombstones,"Action,Crime,Drama",6.5,105116,Action
67,2014-09-19,A Walk Among the Tombstones,28000000,26017685,62108587,9,34108587,121.81638214285715,Profit,tt0365907,A Walk Among the Tombstones,"Action,Crime,Drama",6.5,105116,Crime
67,2014-09-19,A Walk Among the Tombstones,28000000,26017685,62108587,9,34108587,121.81638214285715,Profit,tt0365907,A Walk Among the Tombstones,"Action,Crime,Drama",6.5,105116,Drama
68,2010-01-15,The Spy Next Door,28000000,24307106,46752858,1,18752858,66.97449285714285,Profit,tt1273678,The Spy Next Door,"Action,Comedy,Family",5.5,36767,Action
68,2010-01-15,The Spy Next Door,28000000,24307106,46752858,1,18752858,66.97449285714285,Profit,tt1273678,The Spy Next Door,"Action,Comedy,Family",5.5,36767,Comedy
68,2010-01-15,The Spy Next Door,28000000,24307106,46752858,1,18752858,66.97449285714285,Profit,tt1273678,The Spy Next Door,"Action,Comedy,Family",5.5,36767,Family
69,2014-04-25,Brick Mansions,28000000,20396829,73421224,4,45421224,162.21865714285715,Profit,tt1430612,Brick Mansions,"Action,Crime",5.7,37528,Action
69,2014-04-25,Brick Mansions,28000000,20396829,73421224,4,45421224,162.21865714285715,Profit,tt1430612,Brick Mansions,"Action,Crime",5.7,37528,Crime
72,2015-08-21,American Ultra,28000000,14439985,30295028,8,2295028,8.196528571428571,Profit,tt3316948,American Ultra,"Action,Comedy,Sci-Fi",6.1,76769,Action
72,2015-08-21,American Ultra,28000000,14439985,30295028,8,2295028,8.196528571428571,Profit,tt3316948,American Ultra,"Action,Comedy,Sci-Fi",6.1,76769,Comedy
72,2015-08-21,American Ultra,28000000,14439985,30295028,8,2295028,8.196528571428571,Profit,tt3316948,American Ultra,"Action,Comedy,Sci-Fi",6.1,76769,Sci-Fi
74,2016-02-05,Pride and Prejudice and Zombies,28000000,10907291,16638300,2,-11361700,-40.5775,Loss,tt1374989,Pride and Prejudice and Zombies,"Action,Comedy,Horror",5.8,46187,Action
74,2016-02-05,Pride and Prejudice and Zombies,28000000,10907291,16638300,2,-11361700,-40.5775,Loss,tt1374989,Pride and Prejudice and Zombies,"Action,Comedy,Horror",5.8,46187,Comedy
74,2016-02-05,Pride and Prejudice and Zombies,28000000,10907291,16638300,2,-11361700,-40.5775,Loss,tt1374989,Pride and Prejudice and Zombies,"Action,Comedy,Horror",5.8,46187,Horror
86,2012-01-13,Joyful Noise,27500000,30932113,31157914,1,3657914,13.301505454545454,Profit,tt1710396,Joyful Noise,"Comedy,Drama,Music",5.8,7575,Comedy
86,2012-01-13,Joyful Noise,27500000,30932113,31157914,1,3657914,13.301505454545454,Profit,tt1710396,Joyful Noise,"Comedy,Drama,Music",5.8,7575,Drama
86,2012-01-13,Joyful Noise,27500000,30932113,31157914,1,3657914,13.301505454545454,Profit,tt1710396,Joyful Noise,"Comedy,Drama,Music",5.8,7575,Music
90,2011-10-28,Anonymous,27500000,4463292,15815509,10,-11684491,-42.48905818181819,Loss,tt1521197,Anonymous,"Drama,Thriller",6.9,37932,Drama
90,2011-10-28,Anonymous,27500000,4463292,15815509,10,-11684491,-42.48905818181819,Loss,tt1521197,Anonymous,"Drama,Thriller",6.9,37932,Thriller
91,2011-03-18,Limitless,27000000,79249455,155564919,3,128564919,476.16636666666665,Profit,tt1219289,Limitless,"Mystery,Sci-Fi,Thriller",7.4,492490,Mystery
91,2011-03-18,Limitless,27000000,79249455,155564919,3,128564919,476.16636666666665,Profit,tt1219289,Limitless,"Mystery,Sci-Fi,Thriller",7.4,492490,Sci-Fi
91,2011-03-18,Limitless,27000000,79249455,155564919,3,128564919,476.16636666666665,Profit,tt1219289,Limitless,"Mystery,Sci-Fi,Thriller",7.4,492490,Thriller
98,2016-05-13,Money Monster,27000000,41012075,93466095,5,66466095,246.1707222222222,Profit,tt2241351,Money Monster,"Crime,Drama,Thriller",6.5,86607,Crime
98,2016-05-13,Money Monster,27000000,41012075,93466095,5,66466095,246.1707222222222,Profit,tt2241351,Money Monster,"Crime,Drama,Thriller",6.5,86607,Drama
98,2016-05-13,Money Monster,27000000,41012075,93466095,5,66466095,246.1707222222222,Profit,tt2241351,Money Monster,"Crime,Drama,Thriller",6.5,86607,Thriller
33,2013-04-26,Pain & Gain,26000000,49875291,81275291,4,55275291,212.5972730769231,Profit,tt1980209,Pain & Gain,"Action,Comedy,Crime",6.4,187820,Action
33,2013-04-26,Pain & Gain,26000000,49875291,81275291,4,55275291,212.5972730769231,Profit,tt1980209,Pain & Gain,"Action,Comedy,Crime",6.4,187820,Comedy
33,2013-04-26,Pain & Gain,26000000,49875291,81275291,4,55275291,212.5972730769231,Profit,tt1980209,Pain & Gain,"Action,Comedy,Crime",6.4,187820,Crime
37,2010-01-22,Legion,26000000,40168080,67647574,1,41647574,160.18297692307692,Profit,tt1038686,Legion,"Action,Fantasy,Horror",5.2,92709,Action
37,2010-01-22,Legion,26000000,40168080,67647574,1,41647574,160.18297692307692,Profit,tt1038686,Legion,"Action,Fantasy,Horror",5.2,92709,Fantasy
37,2010-01-22,Legion,26000000,40168080,67647574,1,41647574,160.18297692307692,Profit,tt1038686,Legion,"Action,Fantasy,Horror",5.2,92709,Horror
38,2012-08-29,Lawless,26000000,37397291,54393687,8,28393687,109.20648846153847,Profit,tt1212450,Lawless,"Crime,Drama",7.3,214055,Crime
38,2012-08-29,Lawless,26000000,37397291,54393687,8,28393687,109.20648846153847,Profit,tt1212450,Lawless,"Crime,Drama",7.3,214055,Drama
42,2014-10-17,The Best of Me,26000000,26766213,41059418,10,15059418,57.92083846153846,Profit,tt1972779,The Best of Me,"Drama,Romance",6.7,59750,Drama
42,2014-10-17,The Best of Me,26000000,26766213,41059418,10,15059418,57.92083846153846,Profit,tt1972779,The Best of Me,"Drama,Romance",6.7,59750,Romance
45,2012-04-27,The Raven,26000000,16008272,30601801,4,4601801,17.699234615384615,Profit,tt1486192,The Raven,"Crime,Mystery,Thriller",6.4,79578,Crime
45,2012-04-27,The Raven,26000000,16008272,30601801,4,4601801,17.699234615384615,Profit,tt1486192,The Raven,"Crime,Mystery,Thriller",6.4,79578,Mystery
45,2012-04-27,The Raven,26000000,16008272,30601801,4,4601801,17.699234615384615,Profit,tt1486192,The Raven,"Crime,Mystery,Thriller",6.4,79578,Thriller
50,2013-10-18,The Fifth Estate,26000000,3254172,6154172,10,-19845828,-76.33010769230769,Loss,tt1837703,The Fifth Estate,"Biography,Drama,Thriller",6.2,36392,Biography
50,2013-10-18,The Fifth Estate,26000000,3254172,6154172,10,-19845828,-76.33010769230769,Loss,tt1837703,The Fifth Estate,"Biography,Drama,Thriller",6.2,36392,Drama
50,2013-10-18,The Fifth Estate,26000000,3254172,6154172,10,-19845828,-76.33010769230769,Loss,tt1837703,The Fifth Estate,"Biography,Drama,Thriller",6.2,36392,Thriller
52,2014-03-21,Blood Ties,26000000,42472,2923959,3,-23076041,-88.75400384615385,Loss,tt1747958,Blood Ties,"Action,Crime,Drama",6.5,17771,Action
52,2014-03-21,Blood Ties,26000000,42472,2923959,3,-23076041,-88.75400384615385,Loss,tt1747958,Blood Ties,"Action,Crime,Drama",6.5,17771,Crime
52,2014-03-21,Blood Ties,26000000,42472,2923959,3,-23076041,-88.75400384615385,Loss,tt1747958,Blood Ties,"Action,Crime,Drama",6.5,17771,Drama
54,2015-06-30,Viy,26000000,0,34246770,6,8246770,31.718346153846156,Profit,tt1224378,Viy,"Adventure,Fantasy,Mystery",5.3,4365,Adventure
54,2015-06-30,Viy,26000000,0,34246770,6,8246770,31.718346153846156,Profit,tt1224378,Viy,"Adventure,Fantasy,Mystery",5.3,4365,Fantasy
54,2015-06-30,Viy,26000000,0,34246770,6,8246770,31.718346153846156,Profit,tt1224378,Viy,"Adventure,Fantasy,Mystery",5.3,4365,Mystery
55,2015-03-17,Accidental Love,26000000,0,135436,3,-25864564,-99.47909230769231,Loss,tt1137470,Accidental Love,"Comedy,Romance",4.1,7048,Comedy
55,2015-03-17,Accidental Love,26000000,0,135436,3,-25864564,-99.47909230769231,Loss,tt1137470,Accidental Love,"Comedy,Romance",4.1,7048,Romance
56,2015-04-24,The Face of an Angel,26000000,0,0,4,-26000000,-100.0,Loss,tt2967008,The Face of an Angel,"Crime,Drama",4.6,4211,Crime
56,2015-04-24,The Face of an Angel,26000000,0,0,4,-26000000,-100.0,Loss,tt2967008,The Face of an Angel,"Crime,Drama",4.6,4211,Drama
63,2011-08-10,The Help,25000000,169705587,213120004,8,188120004,752.480016,Profit,tt1454029,The Help,Drama,8.1,392699,Drama
64,2016-12-25,Hidden Figures,25000000,169607287,231771716,12,206771716,827.086864,Profit,tt4846340,Hidden Figures,"Biography,Drama,History",7.8,171131,Biography
64,2016-12-25,Hidden Figures,25000000,169607287,231771716,12,206771716,827.086864,Profit,tt4846340,Hidden Figures,"Biography,Drama,History",7.8,171131,Drama
64,2016-12-25,Hidden Figures,25000000,169607287,231771716,12,206771716,827.086864,Profit,tt4846340,Hidden Figures,"Biography,Drama,History",7.8,171131,History
67,2014-01-17,Ride Along,25000000,134202565,153733800,1,128733800,514.9352,Profit,tt1408253,Ride Along,"Action,Comedy,Crime",6.2,94529,Action
67,2014-01-17,Ride Along,25000000,134202565,153733800,1,128733800,514.9352,Profit,tt1408253,Ride Along,"Action,Comedy,Crime",6.2,94529,Comedy
67,2014-01-17,Ride Along,25000000,134202565,153733800,1,128733800,514.9352,Profit,tt1408253,Ride Along,"Action,Comedy,Crime",6.2,94529,Crime
77,2010-02-05,Dear John,25000000,80014842,142033509,2,117033509,468.13403600000004,Profit,tt0989757,Dear John,"Drama,Romance,War",6.3,128657,Drama
77,2010-02-05,Dear John,25000000,80014842,142033509,2,117033509,468.13403600000004,Profit,tt0989757,Dear John,"Drama,Romance,War",6.3,128657,Romance
77,2010-02-05,Dear John,25000000,80014842,142033509,2,117033509,468.13403600000004,Profit,tt0989757,Dear John,"Drama,Romance,War",6.3,128657,War
79,2012-12-25,Parental Guidance,25000000,77267296,120832383,12,95832383,383.329532,Profit,tt1047540,Parental Guidance,"Comedy,Family",6.1,23711,Comedy
79,2012-12-25,Parental Guidance,25000000,77267296,120832383,12,95832383,383.329532,Profit,tt1047540,Parental Guidance,"Comedy,Family",6.1,23711,Family
84,2011-01-21,No Strings Attached,25000000,70662220,149228078,1,124228078,496.912312,Profit,tt1411238,No Strings Attached,"Comedy,Romance",6.2,197663,Comedy
84,2011-01-21,No Strings Attached,25000000,70662220,149228078,1,124228078,496.912312,Profit,tt1411238,No Strings Attached,"Comedy,Romance",6.2,197663,Romance
85,2012-01-13,Contraband,25000000,66528000,98406855,1,73406855,293.62742000000003,Profit,tt1524137,Contraband,"Action,Crime,Drama",6.5,111709,Action
85,2012-01-13,Contraband,25000000,66528000,98406855,1,73406855,293.62742000000003,Profit,tt1524137,Contraband,"Action,Crime,Drama",6.5,111709,Crime
85,2012-01-13,Contraband,25000000,66528000,98406855,1,73406855,293.62742000000003,Profit,tt1524137,Contraband,"Action,Crime,Drama",6.5,111709,Drama
87,2012-04-20,The Lucky One,25000000,60457138,96633833,4,71633833,286.535332,Profit,tt1327194,The Lucky One,"Drama,Romance",6.5,94359,Drama
87,2012-04-20,The Lucky One,25000000,60457138,96633833,4,71633833,286.535332,Profit,tt1327194,The Lucky One,"Drama,Romance",6.5,94359,Romance
92,2011-04-22,Madea's Big Happy Family,25000000,53345287,54160818,4,29160818,116.643272,Profit,tt1787759,Madea's Big Happy Family,"Comedy,Drama",4.7,6996,Comedy
92,2011-04-22,Madea's Big Happy Family,25000000,53345287,54160818,4,29160818,116.643272,Profit,tt1787759,Madea's Big Happy Family,"Comedy,Drama",4.7,6996,Drama
95,2012-01-27,The Grey,25000000,51580136,81249176,1,56249176,224.996704,Profit,tt1601913,The Grey,"Action,Adventure,Drama",6.8,228798,Action
95,2012-01-27,The Grey,25000000,51580136,81249176,1,56249176,224.996704,Profit,tt1601913,The Grey,"Action,Adventure,Drama",6.8,228798,Adventure
95,2012-01-27,The Grey,25000000,51580136,81249176,1,56249176,224.996704,Profit,tt1601913,The Grey,"Action,Adventure,Drama",6.8,228798,Drama
2,2014-08-15,The Giver,25000000,45090374,66540205,8,41540205,166.16082,Profit,tt0435651,The Giver,"Drama,Romance,Sci-Fi",6.5,104999,Drama
2,2014-08-15,The Giver,25000000,45090374,66540205,8,41540205,166.16082,Profit,tt0435651,The Giver,"Drama,Romance,Sci-Fi",6.5,104999,Romance
2,2014-08-15,The Giver,25000000,45090374,66540205,8,41540205,166.16082,Profit,tt0435651,The Giver,"Drama,Romance,Sci-Fi",6.5,104999,Sci-Fi
6,2015-11-20,The Night Before,25000000,43035725,52427346,11,27427346,109.70938400000001,Profit,tt3530002,The Night Before,"Adventure,Comedy,Fantasy",6.4,58455,Adventure
6,2015-11-20,The Night Before,25000000,43035725,52427346,11,27427346,109.70938400000001,Profit,tt3530002,The Night Before,"Adventure,Comedy,Fantasy",6.4,58455,Comedy
6,2015-11-20,The Night Before,25000000,43035725,52427346,11,27427346,109.70938400000001,Profit,tt3530002,The Night Before,"Adventure,Comedy,Fantasy",6.4,58455,Fantasy
15,2013-12-25,August: Osage County,25000000,37738810,50738810,12,25738810,102.95524,Profit,tt1322269,August: Osage County,"Comedy,Drama",7.2,79383,Comedy
15,2013-12-25,August: Osage County,25000000,37738810,50738810,12,25738810,102.95524,Profit,tt1322269,August: Osage County,"Comedy,Drama",7.2,79383,Drama
17,2014-05-16,Million Dollar Arm,25000000,36447959,39217912,5,14217912,56.87164799999999,Profit,tt1647668,Million Dollar Arm,"Biography,Drama,Sport",7.0,41008,Biography
17,2014-05-16,Million Dollar Arm,25000000,36447959,39217912,5,14217912,56.87164799999999,Profit,tt1647668,Million Dollar Arm,"Biography,Drama,Sport",7.0,41008,Drama
17,2014-05-16,Million Dollar Arm,25000000,36447959,39217912,5,14217912,56.87164799999999,Profit,tt1647668,Million Dollar Arm,"Biography,Drama,Sport",7.0,41008,Sport
21,2018-09-07,Peppermint,25000000,35418723,51800758,9,26800758,107.20303200000001,Profit,tt6850820,Peppermint,"Action,Crime,Drama",6.5,35854,Action
21,2018-09-07,Peppermint,25000000,35418723,51800758,9,26800758,107.20303200000001,Profit,tt6850820,Peppermint,"Action,Crime,Drama",6.5,35854,Crime
21,2018-09-07,Peppermint,25000000,35418723,51800758,9,26800758,107.20303200000001,Profit,tt6850820,Peppermint,"Action,Crime,Drama",6.5,35854,Drama
25,2014-12-10,The Gambler,25000000,33680992,38718031,12,13718031,54.872124,Profit,tt2039393,The Gambler,"Crime,Drama,Thriller",6.0,59995,Crime
25,2014-12-10,The Gambler,25000000,33680992,38718031,12,13718031,54.872124,Profit,tt2039393,The Gambler,"Crime,Drama,Thriller",6.0,59995,Drama
25,2014-12-10,The Gambler,25000000,33680992,38718031,12,13718031,54.872124,Profit,tt2039393,The Gambler,"Crime,Drama,Thriller",6.0,59995,Thriller
29,2017-02-17,Fist Fight,25000000,32187017,40286416,2,15286416,61.145664,Profit,tt3401882,Fist Fight,Comedy,5.6,35136,Comedy
32,2011-12-09,The Sitter,25000000,30542576,38749404,12,13749404,54.99761600000001,Profit,tt1366344,The Sitter,Comedy,5.7,65575,Comedy
36,2014-04-11,Draft Day,25000000,28842237,29847480,4,4847480,19.38992,Profit,tt2223990,Draft Day,"Drama,Sport",6.8,48812,Drama
36,2014-04-11,Draft Day,25000000,28842237,29847480,4,4847480,19.38992,Profit,tt2223990,Draft Day,"Drama,Sport",6.8,48812,Sport
38,2017-02-03,Rings,25000000,27793018,82917283,2,57917283,231.669132,Profit,tt0498381,Rings,"Drama,Horror,Mystery",4.5,34151,Drama
38,2017-02-03,Rings,25000000,27793018,82917283,2,57917283,231.669132,Profit,tt0498381,Rings,"Drama,Horror,Mystery",4.5,34151,Horror
38,2017-02-03,Rings,25000000,27793018,82917283,2,57917283,231.669132,Profit,tt0498381,Rings,"Drama,Horror,Mystery",4.5,34151,Mystery
43,2011-08-26,Don't Be Afraid of the Dark,25000000,24046682,39126427,8,14126427,56.505708,Profit,tt1270761,Don't Be Afraid of the Dark,"Fantasy,Horror,Thriller",5.6,44490,Fantasy
43,2011-08-26,Don't Be Afraid of the Dark,25000000,24046682,39126427,8,14126427,56.505708,Profit,tt1270761,Don't Be Afraid of the Dark,"Fantasy,Horror,Thriller",5.6,44490,Horror
43,2011-08-26,Don't Be Afraid of the Dark,25000000,24046682,39126427,8,14126427,56.505708,Profit,tt1270761,Don't Be Afraid of the Dark,"Fantasy,Horror,Thriller",5.6,44490,Thriller
44,2010-04-23,The Losers,25000000,23591432,29863840,4,4863840,19.45536,Profit,tt0480255,The Losers,"Action,Adventure,Crime",6.4,83876,Action
44,2010-04-23,The Losers,25000000,23591432,29863840,4,4863840,19.45536,Profit,tt0480255,The Losers,"Action,Adventure,Crime",6.4,83876,Adventure
44,2010-04-23,The Losers,25000000,23591432,29863840,4,4863840,19.45536,Profit,tt0480255,The Losers,"Action,Adventure,Crime",6.4,83876,Crime
50,2011-02-11,The Eagle,25000000,19490041,38993548,2,13993548,55.974192,Profit,tt1034389,The Eagle,"Action,Adventure,Drama",6.2,61475,Action
50,2011-02-11,The Eagle,25000000,19490041,38993548,2,13993548,55.974192,Profit,tt1034389,The Eagle,"Action,Adventure,Drama",6.2,61475,Adventure
50,2011-02-11,The Eagle,25000000,19490041,38993548,2,13993548,55.974192,Profit,tt1034389,The Eagle,"Action,Adventure,Drama",6.2,61475,Drama
52,2011-09-02,Shark Night 3D,25000000,18877153,18877153,9,-6122847,-24.491388,Loss,tt1633356,Shark Night 3D,"Horror,Thriller",4.0,23190,Horror
52,2011-09-02,Shark Night 3D,25000000,18877153,18877153,9,-6122847,-24.491388,Loss,tt1633356,Shark Night 3D,"Horror,Thriller",4.0,23190,Thriller
56,2017-12-22,Father Figures,25000000,17501244,21038441,12,-3961559,-15.846236,Loss,tt1966359,Father Figures,"Adventure,Comedy,Drama",5.5,14373,Adventure
56,2017-12-22,Father Figures,25000000,17501244,21038441,12,-3961559,-15.846236,Loss,tt1966359,Father Figures,"Adventure,Comedy,Drama",5.5,14373,Comedy
56,2017-12-22,Father Figures,25000000,17501244,21038441,12,-3961559,-15.846236,Loss,tt1966359,Father Figures,"Adventure,Comedy,Drama",5.5,14373,Drama
58,2013-10-25,The Counselor,25000000,16973715,71009334,10,46009334,184.037336,Profit,tt2193215,The Counselor,"Crime,Drama,Thriller",5.3,92096,Crime
58,2013-10-25,The Counselor,25000000,16973715,71009334,10,46009334,184.037336,Profit,tt2193215,The Counselor,"Crime,Drama,Thriller",5.3,92096,Drama
58,2013-10-25,The Counselor,25000000,16973715,71009334,10,46009334,184.037336,Profit,tt2193215,The Counselor,"Crime,Drama,Thriller",5.3,92096,Thriller
60,2018-12-07,Mary Queen of Scots,25000000,16468499,46734733,12,21734733,86.93893200000001,Profit,tt2328900,Mary Queen of Scots,"Biography,Drama,History",6.3,23866,Biography
60,2018-12-07,Mary Queen of Scots,25000000,16468499,46734733,12,21734733,86.93893200000001,Profit,tt2328900,Mary Queen of Scots,"Biography,Drama,History",6.3,23866,Drama
60,2018-12-07,Mary Queen of Scots,25000000,16468499,46734733,12,21734733,86.93893200000001,Profit,tt2328900,Mary Queen of Scots,"Biography,Drama,History",6.3,23866,History
68,2010-10-08,My Soul to Take,25000000,14744435,16727470,10,-8272530,-33.09012,Loss,tt0872230,My Soul to Take,"Horror,Mystery,Thriller",4.8,18381,Horror
68,2010-10-08,My Soul to Take,25000000,14744435,16727470,10,-8272530,-33.09012,Loss,tt0872230,My Soul to Take,"Horror,Mystery,Thriller",4.8,18381,Mystery
68,2010-10-08,My Soul to Take,25000000,14744435,16727470,10,-8272530,-33.09012,Loss,tt0872230,My Soul to Take,"Horror,Mystery,Thriller",4.8,18381,Thriller
74,2011-09-09,Warrior,25000000,13657115,24215385,9,-784615,-3.13846,Loss,tt1291584,Warrior,"Drama,Sport",8.2,403755,Drama
74,2011-09-09,Warrior,25000000,13657115,24215385,9,-784615,-3.13846,Loss,tt1291584,Warrior,"Drama,Sport",8.2,403755,Sport
76,2017-09-22,Battle of the Sexes,25000000,12638526,18445379,9,-6554621,-26.218483999999997,Loss,tt4622512,Battle of the Sexes,"Biography,Comedy,Drama",6.7,43245,Biography
76,2017-09-22,Battle of the Sexes,25000000,12638526,18445379,9,-6554621,-26.218483999999997,Loss,tt4622512,Battle of the Sexes,"Biography,Comedy,Drama",6.7,43245,Comedy
76,2017-09-22,Battle of the Sexes,25000000,12638526,18445379,9,-6554621,-26.218483999999997,Loss,tt4622512,Battle of the Sexes,"Biography,Comedy,Drama",6.7,43245,Drama
77,2012-12-21,Cirque du Soleil: Worlds Away,25000000,12512862,28012862,12,3012862,12.051447999999999,Profit,tt1792647,Cirque du Soleil: Worlds Away,Fantasy,6.8,7643,Fantasy
78,2015-11-13,The 33,25000000,12227722,28400715,11,3400715,13.60286,Profit,tt2006295,The 33,"Biography,Drama,History",6.9,32263,Biography
78,2015-11-13,The 33,25000000,12227722,28400715,11,3400715,13.60286,Profit,tt2006295,The 33,"Biography,Drama,History",6.9,32263,Drama
78,2015-11-13,The 33,25000000,12227722,28400715,11,3400715,13.60286,Profit,tt2006295,The 33,"Biography,Drama,History",6.9,32263,History
80,2011-04-15,The Conspirator,25000000,11538204,15907411,4,-9092589,-36.370356,Loss,tt0968264,The Conspirator,"Crime,Drama,History",6.9,26416,Crime
80,2011-04-15,The Conspirator,25000000,11538204,15907411,4,-9092589,-36.370356,Loss,tt0968264,The Conspirator,"Crime,Drama,History",6.9,26416,Drama
80,2011-04-15,The Conspirator,25000000,11538204,15907411,4,-9092589,-36.370356,Loss,tt0968264,The Conspirator,"Crime,Drama,History",6.9,26416,History
88,2011-09-16,Straw Dogs,25000000,10324441,11253821,9,-13746179,-54.984716,Loss,tt0999913,Straw Dogs,"Action,Drama,Thriller",5.8,30924,Action
88,2011-09-16,Straw Dogs,25000000,10324441,11253821,9,-13746179,-54.984716,Loss,tt0999913,Straw Dogs,"Action,Drama,Thriller",5.8,30924,Drama
88,2011-09-16,Straw Dogs,25000000,10324441,11253821,9,-13746179,-54.984716,Loss,tt0999913,Straw Dogs,"Action,Drama,Thriller",5.8,30924,Thriller
93,2019-01-25,Serenity,25000000,8547045,11367029,1,-13632971,-54.531884,Loss,tt6476140,Serenity,"Drama,Mystery,Sci-Fi",5.3,17904,Drama
93,2019-01-25,Serenity,25000000,8547045,11367029,1,-13632971,-54.531884,Loss,tt6476140,Serenity,"Drama,Mystery,Sci-Fi",5.3,17904,Mystery
93,2019-01-25,Serenity,25000000,8547045,11367029,1,-13632971,-54.531884,Loss,tt6476140,Serenity,"Drama,Mystery,Sci-Fi",5.3,17904,Sci-Fi
95,2018-10-12,Beautiful Boy,25000000,7634767,13031424,10,-11968576,-47.874304,Loss,tt1226837,Beautiful Boy,"Biography,Drama",7.3,30368,Biography
95,2018-10-12,Beautiful Boy,25000000,7634767,13031424,10,-11968576,-47.874304,Loss,tt1226837,Beautiful Boy,"Biography,Drama",7.3,30368,Drama
97,2019-03-15,Captive State,25000000,5958315,8993300,3,-16006700,-64.0268,Loss,tt5968394,Captive State,"Sci-Fi,Thriller",6.9,28780,Sci-Fi
97,2019-03-15,Captive State,25000000,5958315,8993300,3,-16006700,-64.0268,Loss,tt5968394,Captive State,"Sci-Fi,Thriller",6.9,28780,Thriller
6,2018-04-13,Sgt. Stubby: An American Hero,25000000,3054285,3645957,4,-21354043,-85.416172,Loss,tt5314190,Sgt. Stubby: An American Hero,"Adventure,Animation,Family",6.9,1225,Adventure
6,2018-04-13,Sgt. Stubby: An American Hero,25000000,3054285,3645957,4,-21354043,-85.416172,Loss,tt5314190,Sgt. Stubby: An American Hero,"Adventure,Animation,Family",6.9,1225,Animation
6,2018-04-13,Sgt. Stubby: An American Hero,25000000,3054285,3645957,4,-21354043,-85.416172,Loss,tt5314190,Sgt. Stubby: An American Hero,"Adventure,Animation,Family",6.9,1225,Family
7,2011-12-16,Carnage,25000000,2546747,38112154,12,13112154,52.448616,Profit,tt1692486,Carnage,"Comedy,Drama",7.2,111372,Comedy
7,2011-12-16,Carnage,25000000,2546747,38112154,12,13112154,52.448616,Profit,tt1692486,Carnage,"Comedy,Drama",7.2,111372,Drama
8,2017-09-01,Tulip Fever,25000000,2455635,6792768,9,-18207232,-72.828928,Loss,tt0491203,Tulip Fever,"Drama,History,Romance",6.2,15037,Drama
8,2017-09-01,Tulip Fever,25000000,2455635,6792768,9,-18207232,-72.828928,Loss,tt0491203,Tulip Fever,"Drama,History,Romance",6.2,15037,History
8,2017-09-01,Tulip Fever,25000000,2455635,6792768,9,-18207232,-72.828928,Loss,tt0491203,Tulip Fever,"Drama,History,Romance",6.2,15037,Romance
10,2015-11-20,Legend,25000000,1872994,42425450,11,17425450,69.7018,Profit,tt3569230,Legend,"Biography,Crime,Drama",7.0,138947,Biography
10,2015-11-20,Legend,25000000,1872994,42425450,11,17425450,69.7018,Profit,tt3569230,Legend,"Biography,Crime,Drama",7.0,138947,Crime
10,2015-11-20,Legend,25000000,1872994,42425450,11,17425450,69.7018,Profit,tt3569230,Legend,"Biography,Crime,Drama",7.0,138947,Drama
12,2016-01-29,Jane Got a Gun,25000000,1513793,3771345,1,-21228655,-84.91462,Loss,tt2140037,Jane Got a Gun,"Action,Drama,Western",5.9,19051,Action
12,2016-01-29,Jane Got a Gun,25000000,1513793,3771345,1,-21228655,-84.91462,Loss,tt2140037,Jane Got a Gun,"Action,Drama,Western",5.9,19051,Drama
12,2016-01-29,Jane Got a Gun,25000000,1513793,3771345,1,-21228655,-84.91462,Loss,tt2140037,Jane Got a Gun,"Action,Drama,Western",5.9,19051,Western
17,2013-03-22,On the Road,25000000,720828,9313302,3,-15686698,-62.746792,Loss,tt0337692,On the Road,"Adventure,Drama,Romance",6.1,37886,Adventure
17,2013-03-22,On the Road,25000000,720828,9313302,3,-15686698,-62.746792,Loss,tt0337692,On the Road,"Adventure,Drama,Romance",6.1,37886,Drama
17,2013-03-22,On the Road,25000000,720828,9313302,3,-15686698,-62.746792,Loss,tt0337692,On the Road,"Adventure,Drama,Romance",6.1,37886,Romance
19,2010-06-30,Love Ranch,25000000,137885,146149,6,-24853851,-99.415404,Loss,tt1125929,Love Ranch,"Biography,Comedy,Drama",5.6,2742,Biography
19,2010-06-30,Love Ranch,25000000,137885,146149,6,-24853851,-99.415404,Loss,tt1125929,Love Ranch,"Biography,Comedy,Drama",5.6,2742,Comedy
19,2010-06-30,Love Ranch,25000000,137885,146149,6,-24853851,-99.415404,Loss,tt1125929,Love Ranch,"Biography,Comedy,Drama",5.6,2742,Drama
25,2011-07-08,Ironclad,25000000,0,5297411,7,-19702589,-78.810356,Loss,tt1233301,Ironclad,"Action,Adventure,Drama",6.2,38477,Action
25,2011-07-08,Ironclad,25000000,0,5297411,7,-19702589,-78.810356,Loss,tt1233301,Ironclad,"Action,Adventure,Drama",6.2,38477,Adventure
25,2011-07-08,Ironclad,25000000,0,5297411,7,-19702589,-78.810356,Loss,tt1233301,Ironclad,"Action,Adventure,Drama",6.2,38477,Drama
26,2019-05-10,The Professor and the Madman,25000000,0,5227233,5,-19772767,-79.09106799999999,Loss,tt5932728,The Professor and the Madman,"Biography,Drama,Mystery",7.4,10383,Biography
26,2019-05-10,The Professor and the Madman,25000000,0,5227233,5,-19772767,-79.09106799999999,Loss,tt5932728,The Professor and the Madman,"Biography,Drama,Mystery",7.4,10383,Drama
26,2019-05-10,The Professor and the Madman,25000000,0,5227233,5,-19772767,-79.09106799999999,Loss,tt5932728,The Professor and the Madman,"Biography,Drama,Mystery",7.4,10383,Mystery
27,2015-03-10,Red Sky,25000000,0,91116,3,-24908884,-99.635536,Loss,tt1946381,Red Sky,"Action,Thriller",4.1,1337,Action
27,2015-03-10,Red Sky,25000000,0,91116,3,-24908884,-99.635536,Loss,tt1946381,Red Sky,"Action,Thriller",4.1,1337,Thriller
29,2014-01-10,The Adventurer: The Curse of the Midas Box,25000000,0,0,1,-25000000,-100.0,Loss,tt1376213,The Adventurer: The Curse of the Midas Box,"Adventure,Family,Fantasy",5.4,5257,Adventure
29,2014-01-10,The Adventurer: The Curse of the Midas Box,25000000,0,0,1,-25000000,-100.0,Loss,tt1376213,The Adventurer: The Curse of the Midas Box,"Adventure,Family,Fantasy",5.4,5257,Family
29,2014-01-10,The Adventurer: The Curse of the Midas Box,25000000,0,0,1,-25000000,-100.0,Loss,tt1376213,The Adventurer: The Curse of the Midas Box,"Adventure,Family,Fantasy",5.4,5257,Fantasy
30,2019-12-31,Reagan,25000000,0,0,12,-25000000,-100.0,Loss,tt1822382,Reagan,"Biography,Documentary",7.4,732,Biography
30,2019-12-31,Reagan,25000000,0,0,12,-25000000,-100.0,Loss,tt1822382,Reagan,"Biography,Documentary",7.4,732,Documentary
31,2012-11-09,Dangerous Liaisons,24200000,17000,10447579,11,-13752421,-56.82818595041322,Loss,tt2071441,Dangerous Liaisons,"Drama,Mystery,Romance",5.9,1694,Drama
31,2012-11-09,Dangerous Liaisons,24200000,17000,10447579,11,-13752421,-56.82818595041322,Loss,tt2071441,Dangerous Liaisons,"Drama,Mystery,Romance",5.9,1694,Mystery
31,2012-11-09,Dangerous Liaisons,24200000,17000,10447579,11,-13752421,-56.82818595041322,Loss,tt2071441,Dangerous Liaisons,"Drama,Mystery,Romance",5.9,1694,Romance
36,2014-06-20,Think Like a Man Too,24000000,65028687,70027933,6,46027933,191.7830541666667,Profit,tt2239832,Think Like a Man Too,"Comedy,Romance",5.8,18533,Comedy
36,2014-06-20,Think Like a Man Too,24000000,65028687,70027933,6,46027933,191.7830541666667,Profit,tt2239832,Think Like a Man Too,"Comedy,Romance",5.8,18533,Romance
37,2016-12-16,Fences,24000000,57682904,64282881,12,40282881,167.8453375,Profit,tt2671706,Fences,Drama,7.2,86749,Drama
39,2011-10-14,Footloose,24000000,51802742,62989834,10,38989834,162.4576416666667,Profit,tt1068242,Footloose,"Comedy,Drama,Music",5.9,43251,Comedy
39,2011-10-14,Footloose,24000000,51802742,62989834,10,38989834,162.4576416666667,Profit,tt1068242,Footloose,"Comedy,Drama,Music",5.9,43251,Drama
39,2011-10-14,Footloose,24000000,51802742,62989834,10,38989834,162.4576416666667,Profit,tt1068242,Footloose,"Comedy,Drama,Music",5.9,43251,Music
40,2017-04-07,Going in Style,24000000,45018541,78672579,4,54672579,227.8024125,Profit,tt2568862,Going in Style,"Comedy,Crime",6.6,66418,Comedy
40,2017-04-07,Going in Style,24000000,45018541,78672579,4,54672579,227.8024125,Profit,tt2568862,Going in Style,"Comedy,Crime",6.6,66418,Crime
52,2010-08-20,Piranha 3D,24000000,25003155,83660160,8,59660160,248.584,Profit,tt0464154,Piranha 3D,"Comedy,Horror",5.4,81327,Comedy
52,2010-08-20,Piranha 3D,24000000,25003155,83660160,8,59660160,248.584,Profit,tt0464154,Piranha 3D,"Comedy,Horror",5.4,81327,Horror
53,2010-11-24,Faster,24000000,23240020,35792945,11,11792945,49.13727083333333,Profit,tt1433108,Faster,"Action,Crime,Drama",6.5,93618,Action
53,2010-11-24,Faster,24000000,23240020,35792945,11,11792945,49.13727083333333,Profit,tt1433108,Faster,"Action,Crime,Drama",6.5,93618,Crime
53,2010-11-24,Faster,24000000,23240020,35792945,11,11792945,49.13727083333333,Profit,tt1433108,Faster,"Action,Crime,Drama",6.5,93618,Drama
58,2011-09-16,I Don't Know How She Does It,24000000,9659074,24474463,9,474463,1.9769291666666668,Profit,tt1742650,I Don't Know How She Does It,"Comedy,Romance",4.9,18552,Comedy
58,2011-09-16,I Don't Know How She Does It,24000000,9659074,24474463,9,474463,1.9769291666666668,Profit,tt1742650,I Don't Know How She Does It,"Comedy,Romance",4.9,18552,Romance
60,2013-12-20,Dhoom 3,24000000,8031955,11723620,12,-12276380,-51.15158333333333,Loss,tt1833673,Dhoom 3,"Action,Thriller",5.4,40466,Action
60,2013-12-20,Dhoom 3,24000000,8031955,11723620,12,-12276380,-51.15158333333333,Loss,tt1833673,Dhoom 3,"Action,Thriller",5.4,40466,Thriller
71,2018-11-16,Green Book,23000000,85080171,322034439,11,299034439,1300.1497347826087,Profit,tt6966692,Green Book,"Biography,Comedy,Drama",8.3,204972,Biography
71,2018-11-16,Green Book,23000000,85080171,322034439,11,299034439,1300.1497347826087,Profit,tt6966692,Green Book,"Biography,Comedy,Drama",8.3,204972,Comedy
71,2018-11-16,Green Book,23000000,85080171,322034439,11,299034439,1300.1497347826087,Profit,tt6966692,Green Book,"Biography,Comedy,Drama",8.3,204972,Drama
73,2015-01-16,The Wedding Ringer,23000000,64460211,80171596,1,57171596,248.57215652173915,Profit,tt0884732,The Wedding Ringer,Comedy,6.7,66893,Comedy
76,2011-10-07,The Ides of March,23000000,40962534,77735925,10,54735925,237.98228260869564,Profit,tt1124035,The Ides of March,"Drama,Thriller",7.1,207417,Drama
76,2011-10-07,The Ides of March,23000000,40962534,77735925,10,54735925,237.98228260869564,Profit,tt1124035,The Ides of March,"Drama,Thriller",7.1,207417,Thriller
78,2018-10-05,The Hate U Give,23000000,29719483,35067665,10,12067665,52.46810869565217,Profit,tt5580266,The Hate U Give,"Crime,Drama",7.3,17583,Crime
78,2018-10-05,The Hate U Give,23000000,29719483,35067665,10,12067665,52.46810869565217,Profit,tt5580266,The Hate U Give,"Crime,Drama",7.3,17583,Drama
80,2014-01-10,Her,23000000,25568251,48163815,1,25163815,109.40789130434783,Profit,tt1798709,Her,"Drama,Romance,Sci-Fi",8.0,467232,Drama
80,2014-01-10,Her,23000000,25568251,48163815,1,25163815,109.40789130434783,Profit,tt1798709,Her,"Drama,Romance,Sci-Fi",8.0,467232,Romance
80,2014-01-10,Her,23000000,25568251,48163815,1,25163815,109.40789130434783,Profit,tt1798709,Her,"Drama,Romance,Sci-Fi",8.0,467232,Sci-Fi
83,2012-01-20,Haywire,23000000,18942396,36374700,1,13374700,58.15086956521739,Profit,tt1506999,Haywire,"Action,Drama,Thriller",5.8,78681,Action
83,2012-01-20,Haywire,23000000,18942396,36374700,1,13374700,58.15086956521739,Profit,tt1506999,Haywire,"Action,Drama,Thriller",5.8,78681,Drama
83,2012-01-20,Haywire,23000000,18942396,36374700,1,13374700,58.15086956521739,Profit,tt1506999,Haywire,"Action,Drama,Thriller",5.8,78681,Thriller
86,2016-02-26,Eddie the Eagle,23000000,15789389,45060480,2,22060480,95.91513043478261,Profit,tt1083452,Eddie the Eagle,"Biography,Comedy,Drama",7.4,75331,Biography
86,2016-02-26,Eddie the Eagle,23000000,15789389,45060480,2,22060480,95.91513043478261,Profit,tt1083452,Eddie the Eagle,"Biography,Comedy,Drama",7.4,75331,Comedy
86,2016-02-26,Eddie the Eagle,23000000,15789389,45060480,2,22060480,95.91513043478261,Profit,tt1083452,Eddie the Eagle,"Biography,Comedy,Drama",7.4,75331,Drama
97,2013-06-28,Redemption,23000000,36686,13593473,6,-9406527,-40.89794347826087,Loss,tt1893256,Redemption,"Action,Crime,Drama",6.2,61317,Action
97,2013-06-28,Redemption,23000000,36686,13593473,6,-9406527,-40.89794347826087,Loss,tt1893256,Redemption,"Action,Crime,Drama",6.2,61317,Crime
97,2013-06-28,Redemption,23000000,36686,13593473,6,-9406527,-40.89794347826087,Loss,tt1893256,Redemption,"Action,Crime,Drama",6.2,61317,Drama
3,2016-11-18,Nocturnal Animals,22500000,10663357,32398681,11,9898681,43.99413777777777,Profit,tt4550098,Nocturnal Animals,"Drama,Thriller",7.5,205240,Drama
3,2016-11-18,Nocturnal Animals,22500000,10663357,32398681,11,9898681,43.99413777777777,Profit,tt4550098,Nocturnal Animals,"Drama,Thriller",7.5,205240,Thriller
4,2015-04-24,The Water Diviner,22500000,4200117,31054727,4,8554727,38.02100888888889,Profit,tt3007512,The Water Diviner,"Drama,History,War",7.1,66595,Drama
4,2015-04-24,The Water Diviner,22500000,4200117,31054727,4,8554727,38.02100888888889,Profit,tt3007512,The Water Diviner,"Drama,History,War",7.1,66595,History
4,2015-04-24,The Water Diviner,22500000,4200117,31054727,4,8554727,38.02100888888889,Profit,tt3007512,The Water Diviner,"Drama,History,War",7.1,66595,War
11,2014-02-28,Son of God,22000000,59700064,70949793,2,48949793,222.4990590909091,Profit,tt3210686,Son of God,"Biography,Drama,History",5.8,17606,Biography
11,2014-02-28,Son of God,22000000,59700064,70949793,2,48949793,222.4990590909091,Profit,tt3210686,Son of God,"Biography,Drama,History",5.8,17606,Drama
11,2014-02-28,Son of God,22000000,59700064,70949793,2,48949793,222.4990590909091,Profit,tt3210686,Son of God,"Biography,Drama,History",5.8,17606,History
13,2014-08-08,The Hundred-Foot Journey,22000000,54235441,94270488,8,72270488,328.5022181818182,Profit,tt2980648,The Hundred-Foot Journey,"Comedy,Drama",7.3,69562,Comedy
13,2014-08-08,The Hundred-Foot Journey,22000000,54235441,94270488,8,72270488,328.5022181818182,Profit,tt2980648,The Hundred-Foot Journey,"Comedy,Drama",7.3,69562,Drama
17,2012-08-03,Diary of a Wimpy Kid: Dog Days,22000000,49008662,77229695,8,55229695,251.0440681818182,Profit,tt2023453,Diary of a Wimpy Kid: Dog Days,"Comedy,Family",6.3,19571,Comedy
17,2012-08-03,Diary of a Wimpy Kid: Dog Days,22000000,49008662,77229695,8,55229695,251.0440681818182,Profit,tt2023453,Diary of a Wimpy Kid: Dog Days,"Comedy,Family",6.3,19571,Family
21,2013-11-22,Delivery Man,22000000,30659817,70536870,11,48536870,220.62213636363634,Profit,tt2387559,Delivery Man,"Comedy,Drama",6.4,70706,Comedy
21,2013-11-22,Delivery Man,22000000,30659817,70536870,11,48536870,220.62213636363634,Profit,tt2387559,Delivery Man,"Comedy,Drama",6.4,70706,Drama
22,2016-02-05,"Hail, Caesar!",22000000,30080225,64160680,2,42160680,191.63945454545456,Profit,tt0475290,"Hail, Caesar!","Comedy,Drama,Music",6.3,111422,Comedy
22,2016-02-05,"Hail, Caesar!",22000000,30080225,64160680,2,42160680,191.63945454545456,Profit,tt0475290,"Hail, Caesar!","Comedy,Drama,Music",6.3,111422,Drama
22,2016-02-05,"Hail, Caesar!",22000000,30080225,64160680,2,42160680,191.63945454545456,Profit,tt0475290,"Hail, Caesar!","Comedy,Drama,Music",6.3,111422,Music
27,2017-05-19,Diary of a Wimpy Kid: The Long Haul,22000000,20738724,35609577,5,13609577,61.86171363636363,Profit,tt6003368,Diary of a Wimpy Kid: The Long Haul,"Comedy,Family",4.4,5635,Comedy
27,2017-05-19,Diary of a Wimpy Kid: The Long Haul,22000000,20738724,35609577,5,13609577,61.86171363636363,Profit,tt6003368,Diary of a Wimpy Kid: The Long Haul,"Comedy,Family",4.4,5635,Family
29,2013-11-27,Homefront,22000000,20158492,51695362,11,29695362,134.9789181818182,Profit,tt2312718,Homefront,"Action,Thriller",6.5,98549,Action
29,2013-11-27,Homefront,22000000,20158492,51695362,11,29695362,134.9789181818182,Profit,tt2312718,Homefront,"Action,Thriller",6.5,98549,Thriller
34,2015-09-04,The Transporter Refueled,22000000,16029670,69698495,9,47698495,216.81134090909092,Profit,tt2938956,The Transporter Refueled,"Action,Adventure,Crime",5.2,36201,Action
34,2015-09-04,The Transporter Refueled,22000000,16029670,69698495,9,47698495,216.81134090909092,Profit,tt2938956,The Transporter Refueled,"Action,Adventure,Crime",5.2,36201,Adventure
34,2015-09-04,The Transporter Refueled,22000000,16029670,69698495,9,47698495,216.81134090909092,Profit,tt2938956,The Transporter Refueled,"Action,Adventure,Crime",5.2,36201,Crime
37,2012-08-22,Hit & Run,22000000,13749300,17216955,8,-4783045,-21.741113636363636,Loss,tt10300710,Hit & Run,"Action,Comedy",7.1,43,Action
37,2012-08-22,Hit & Run,22000000,13749300,17216955,8,-4783045,-21.741113636363636,Loss,tt10300710,Hit & Run,"Action,Comedy",7.1,43,Comedy
40,2017-11-17,"Roman J. Israel, Esq.",22000000,11962712,12967012,11,-9032988,-41.059036363636366,Loss,tt6000478,"Roman J. Israel, Esq.","Crime,Drama,Thriller",6.4,23632,Crime
40,2017-11-17,"Roman J. Israel, Esq.",22000000,11962712,12967012,11,-9032988,-41.059036363636366,Loss,tt6000478,"Roman J. Israel, Esq.","Crime,Drama,Thriller",6.4,23632,Drama
40,2017-11-17,"Roman J. Israel, Esq.",22000000,11962712,12967012,11,-9032988,-41.059036363636366,Loss,tt6000478,"Roman J. Israel, Esq.","Crime,Drama,Thriller",6.4,23632,Thriller
41,2013-12-04,Out of the Furnace,22000000,11330849,15434375,12,-6565625,-29.843750000000004,Loss,tt1206543,Out of the Furnace,"Crime,Drama,Thriller",6.8,99037,Crime
41,2013-12-04,Out of the Furnace,22000000,11330849,15434375,12,-6565625,-29.843750000000004,Loss,tt1206543,Out of the Furnace,"Crime,Drama,Thriller",6.8,99037,Drama
41,2013-12-04,Out of the Furnace,22000000,11330849,15434375,12,-6565625,-29.843750000000004,Loss,tt1206543,Out of the Furnace,"Crime,Drama,Thriller",6.8,99037,Thriller
44,2017-12-08,Just Getting Started,22000000,6069605,6756412,12,-15243588,-69.28903636363636,Loss,tt5721088,Just Getting Started,"Action,Comedy",4.4,4829,Action
44,2017-12-08,Just Getting Started,22000000,6069605,6756412,12,-15243588,-69.28903636363636,Loss,tt5721088,Just Getting Started,"Action,Comedy",4.4,4829,Comedy
49,2014-10-31,Before I Go to Sleep,22000000,3242457,19563579,10,-2436421,-11.07464090909091,Loss,tt1726592,Before I Go to Sleep,"Drama,Horror,Mystery",6.3,64684,Drama
49,2014-10-31,Before I Go to Sleep,22000000,3242457,19563579,10,-2436421,-11.07464090909091,Loss,tt1726592,Before I Go to Sleep,"Drama,Horror,Mystery",6.3,64684,Horror
49,2014-10-31,Before I Go to Sleep,22000000,3242457,19563579,10,-2436421,-11.07464090909091,Loss,tt1726592,Before I Go to Sleep,"Drama,Horror,Mystery",6.3,64684,Mystery
50,2010-10-08,Stone,22000000,1810078,4065020,10,-17934980,-81.52263636363635,Loss,tt1423995,Stone,"Drama,Thriller",5.4,38667,Drama
50,2010-10-08,Stone,22000000,1810078,4065020,10,-17934980,-81.52263636363635,Loss,tt1423995,Stone,"Drama,Thriller",5.4,38667,Thriller
58,2012-06-22,To Rome with Love,21500000,16684352,74326015,6,52826015,245.70239534883723,Profit,tt1859650,To Rome with Love,"Comedy,Music,Romance",6.3,79381,Comedy
58,2012-06-22,To Rome with Love,21500000,16684352,74326015,6,52826015,245.70239534883723,Profit,tt1859650,To Rome with Love,"Comedy,Music,Romance",6.3,79381,Music
58,2012-06-22,To Rome with Love,21500000,16684352,74326015,6,52826015,245.70239534883723,Profit,tt1859650,To Rome with Love,"Comedy,Music,Romance",6.3,79381,Romance
59,2012-11-16,Silver Linings Playbook,21000000,132092958,236412453,11,215412453,1025.7735857142857,Profit,tt1045658,Silver Linings Playbook,"Comedy,Drama,Romance",7.7,621018,Comedy
59,2012-11-16,Silver Linings Playbook,21000000,132092958,236412453,11,215412453,1025.7735857142857,Profit,tt1045658,Silver Linings Playbook,"Comedy,Drama,Romance",7.7,621018,Drama
59,2012-11-16,Silver Linings Playbook,21000000,132092958,236412453,11,215412453,1025.7735857142857,Profit,tt1045658,Silver Linings Playbook,"Comedy,Drama,Romance",7.7,621018,Romance
60,2018-04-06,Blockers,21000000,60311495,94045328,4,73045328,347.8348952380952,Profit,tt2531344,Blockers,Comedy,6.2,57142,Comedy
61,2019-04-05,Pet Sematary,21000000,54724696,109501146,4,88501146,421.4340285714286,Profit,tt0837563,Pet Sematary,"Horror,Mystery,Thriller",6.0,34472,Horror
61,2019-04-05,Pet Sematary,21000000,54724696,109501146,4,88501146,421.4340285714286,Profit,tt0837563,Pet Sematary,"Horror,Mystery,Thriller",6.0,34472,Mystery
61,2019-04-05,Pet Sematary,21000000,54724696,109501146,4,88501146,421.4340285714286,Profit,tt0837563,Pet Sematary,"Horror,Mystery,Thriller",6.0,34472,Thriller
64,2010-04-16,Death at a Funeral,21000000,42739347,48977233,4,27977233,133.22491904761904,Profit,tt1321509,Death at a Funeral,Comedy,5.7,42042,Comedy
67,2010-11-05,For Colored Girls,21000000,37729698,38017873,11,17017873,81.03749047619047,Profit,tt1405500,For Colored Girls,Drama,6.1,6728,Drama
69,2017-08-04,Kidnap,21000000,30718107,34836080,8,13836080,65.88609523809524,Profit,tt1458169,Kidnap,"Crime,Drama,Thriller",5.9,28898,Crime
69,2017-08-04,Kidnap,21000000,30718107,34836080,8,13836080,65.88609523809524,Profit,tt1458169,Kidnap,"Crime,Drama,Thriller",5.9,28898,Drama
69,2017-08-04,Kidnap,21000000,30718107,34836080,8,13836080,65.88609523809524,Profit,tt1458169,Kidnap,"Crime,Drama,Thriller",5.9,28898,Thriller
72,2011-12-09,Tinker Tailor Soldier Spy,21000000,24149393,81452811,12,60452811,287.87052857142857,Profit,tt1340800,Tinker Tailor Soldier Spy,"Drama,Mystery,Thriller",7.1,174890,Drama
72,2011-12-09,Tinker Tailor Soldier Spy,21000000,24149393,81452811,12,60452811,287.87052857142857,Profit,tt1340800,Tinker Tailor Soldier Spy,"Drama,Mystery,Thriller",7.1,174890,Mystery
72,2011-12-09,Tinker Tailor Soldier Spy,21000000,24149393,81452811,12,60452811,287.87052857142857,Profit,tt1340800,Tinker Tailor Soldier Spy,"Drama,Mystery,Thriller",7.1,174890,Thriller
79,2011-05-06,The Beaver,21000000,970816,5046038,5,-15953962,-75.97124761904762,Loss,tt1321860,The Beaver,Drama,6.7,45173,Drama
80,2017-02-24,Bitter Harvest,21000000,557241,606162,2,-20393838,-97.11351428571429,Loss,tt3182620,Bitter Harvest,"Drama,Romance,War",6.1,3057,Drama
80,2017-02-24,Bitter Harvest,21000000,557241,606162,2,-20393838,-97.11351428571429,Loss,tt3182620,Bitter Harvest,"Drama,Romance,War",6.1,3057,Romance
80,2017-02-24,Bitter Harvest,21000000,557241,606162,2,-20393838,-97.11351428571429,Loss,tt3182620,Bitter Harvest,"Drama,Romance,War",6.1,3057,War
82,2019-02-01,Velvet Buzzsaw,21000000,0,0,2,-21000000,-100.0,Loss,tt7043012,Velvet Buzzsaw,"Horror,Mystery,Thriller",5.7,40213,Horror
82,2019-02-01,Velvet Buzzsaw,21000000,0,0,2,-21000000,-100.0,Loss,tt7043012,Velvet Buzzsaw,"Horror,Mystery,Thriller",5.7,40213,Mystery
82,2019-02-01,Velvet Buzzsaw,21000000,0,0,2,-21000000,-100.0,Loss,tt7043012,Velvet Buzzsaw,"Horror,Mystery,Thriller",5.7,40213,Thriller
88,2019-03-22,Us,20000000,175006930,254210310,3,234210310,1171.05155,Profit,tt6857112,Us,"Horror,Mystery,Thriller",7.1,102511,Horror
88,2019-03-22,Us,20000000,175006930,254210310,3,234210310,1171.05155,Profit,tt6857112,Us,"Horror,Mystery,Thriller",7.1,102511,Mystery
88,2019-03-22,Us,20000000,175006930,254210310,3,234210310,1171.05155,Profit,tt6857112,Us,"Horror,Mystery,Thriller",7.1,102511,Thriller
92,2016-12-09,La La Land,20000000,151101803,426351163,12,406351163,2031.755815,Profit,tt3783958,La La Land,"Comedy,Drama,Music",8.0,436070,Comedy
92,2016-12-09,La La Land,20000000,151101803,426351163,12,406351163,2031.755815,Profit,tt3783958,La La Land,"Comedy,Drama,Music",8.0,436070,Drama
92,2016-12-09,La La Land,20000000,151101803,426351163,12,406351163,2031.755815,Profit,tt3783958,La La Land,"Comedy,Drama,Music",8.0,436070,Music
93,2013-07-19,The Conjuring,20000000,137400141,318000141,7,298000141,1490.000705,Profit,tt1457767,The Conjuring,"Horror,Mystery,Thriller",7.5,397233,Horror
93,2013-07-19,The Conjuring,20000000,137400141,318000141,7,298000141,1490.000705,Profit,tt1457767,The Conjuring,"Horror,Mystery,Thriller",7.5,397233,Mystery
93,2013-07-19,The Conjuring,20000000,137400141,318000141,7,298000141,1490.000705,Profit,tt1457767,The Conjuring,"Horror,Mystery,Thriller",7.5,397233,Thriller
95,2017-11-17,Wonder,20000000,132422809,304604712,11,284604712,1423.02356,Profit,tt2543472,Wonder,"Drama,Family",8.0,111632,Drama
95,2017-11-17,Wonder,20000000,132422809,304604712,11,284604712,1423.02356,Profit,tt2543472,Wonder,"Drama,Family",8.0,111632,Family
98,2010-10-15,Jackass 3D,20000000,117229692,171685793,10,151685793,758.428965,Profit,tt1116184,Jackass 3D,"Action,Comedy,Documentary",7.0,53289,Action
98,2010-10-15,Jackass 3D,20000000,117229692,171685793,10,151685793,758.428965,Profit,tt1116184,Jackass 3D,"Action,Comedy,Documentary",7.0,53289,Comedy
98,2010-10-15,Jackass 3D,20000000,117229692,171685793,10,151685793,758.428965,Profit,tt1116184,Jackass 3D,"Action,Comedy,Documentary",7.0,53289,Documentary
99,2016-07-29,Bad Moms,20000000,113257297,180998716,7,160998716,804.9935800000001,Profit,tt4651520,Bad Moms,Comedy,6.2,100952,Comedy
100,2019-01-18,Glass,20000000,111035005,245303505,1,225303505,1126.517525,Profit,tt6823368,Glass,"Drama,Sci-Fi,Thriller",6.8,133793,Drama
100,2019-01-18,Glass,20000000,111035005,245303505,1,225303505,1126.517525,Profit,tt6823368,Glass,"Drama,Sci-Fi,Thriller",6.8,133793,Sci-Fi
100,2019-01-18,Glass,20000000,111035005,245303505,1,225303505,1126.517525,Profit,tt6823368,Glass,"Drama,Sci-Fi,Thriller",6.8,133793,Thriller
3,2014-07-02,Tammy,20000000,84525432,96407655,7,76407655,382.038275,Profit,tt2103254,Tammy,"Comedy,Romance",4.9,44345,Comedy
3,2014-07-02,Tammy,20000000,84525432,96407655,7,76407655,382.038275,Profit,tt2103254,Tammy,"Comedy,Romance",4.9,44345,Romance
5,2011-11-16,The Descendants,20000000,82624961,175507800,11,155507800,777.539,Profit,tt1033575,The Descendants,"Comedy,Drama",7.3,223464,Comedy
5,2011-11-16,The Descendants,20000000,82624961,175507800,11,155507800,777.539,Profit,tt1033575,The Descendants,"Comedy,Drama",7.3,223464,Drama
15,2010-03-31,The Last Song,20000000,62950384,92678948,3,72678948,363.39473999999996,Profit,tt1294226,The Last Song,"Drama,Music,Romance",6.0,74914,Drama
15,2010-03-31,The Last Song,20000000,62950384,92678948,3,72678948,363.39473999999996,Profit,tt1294226,The Last Song,"Drama,Music,Romance",6.0,74914,Music
15,2010-03-31,The Last Song,20000000,62950384,92678948,3,72678948,363.39473999999996,Profit,tt1294226,The Last Song,"Drama,Music,Romance",6.0,74914,Romance
16,2010-04-02,Why Did I Get Married Too?,20000000,60095852,60831067,4,40831067,204.155335,Profit,tt1391137,Why Did I Get Married Too?,"Comedy,Drama,Romance",4.6,8653,Comedy
16,2010-04-02,Why Did I Get Married Too?,20000000,60095852,60831067,4,40831067,204.155335,Profit,tt1391137,Why Did I Get Married Too?,"Comedy,Drama,Romance",4.6,8653,Drama
16,2010-04-02,Why Did I Get Married Too?,20000000,60095852,60831067,4,40831067,204.155335,Profit,tt1391137,Why Did I Get Married Too?,"Comedy,Drama,Romance",4.6,8653,Romance
18,2013-10-18,12 Years a Slave,20000000,56671993,181025343,10,161025343,805.1267149999999,Profit,tt2024544,12 Years a Slave,"Biography,Drama,History",8.1,577301,Biography
18,2013-10-18,12 Years a Slave,20000000,56671993,181025343,10,161025343,805.1267149999999,Profit,tt2024544,12 Years a Slave,"Biography,Drama,History",8.1,577301,Drama
18,2013-10-18,12 Years a Slave,20000000,56671993,181025343,10,161025343,805.1267149999999,Profit,tt2024544,12 Years a Slave,"Biography,Drama,History",8.1,577301,History
20,2016-06-03,Me Before You,20000000,56245075,208265198,6,188265198,941.32599,Profit,tt2674426,Me Before You,"Drama,Romance",7.4,174567,Drama
20,2016-06-03,Me Before You,20000000,56245075,208265198,6,188265198,941.32599,Profit,tt2674426,Me Before You,"Drama,Romance",7.4,174567,Romance
21,2019-02-08,What Men Want,20000000,54611903,69911903,2,49911903,249.55951500000003,Profit,tt7634968,What Men Want,"Comedy,Fantasy,Romance",4.9,10141,Comedy
21,2019-02-08,What Men Want,20000000,54611903,69911903,2,49911903,249.55951500000003,Profit,tt7634968,What Men Want,"Comedy,Fantasy,Romance",4.9,10141,Fantasy
21,2019-02-08,What Men Want,20000000,54611903,69911903,2,49911903,249.55951500000003,Profit,tt7634968,What Men Want,"Comedy,Fantasy,Romance",4.9,10141,Romance
22,2016-04-15,Barbershop: The Next Cut,20000000,54030051,54404202,4,34404202,172.02101000000002,Profit,tt3628584,Barbershop: The Next Cut,"Comedy,Drama",5.9,13306,Comedy
22,2016-04-15,Barbershop: The Next Cut,20000000,54030051,54404202,4,34404202,172.02101000000002,Profit,tt3628584,Barbershop: The Next Cut,"Comedy,Drama",5.9,13306,Drama
24,2018-09-14,A Simple Favor,20000000,53548586,97628717,9,77628717,388.143585,Profit,tt7040874,A Simple Favor,"Comedy,Crime,Drama",6.9,83338,Comedy
24,2018-09-14,A Simple Favor,20000000,53548586,97628717,9,77628717,388.143585,Profit,tt7040874,A Simple Favor,"Comedy,Crime,Drama",6.9,83338,Crime
24,2018-09-14,A Simple Favor,20000000,53548586,97628717,9,77628717,388.143585,Profit,tt7040874,A Simple Favor,"Comedy,Crime,Drama",6.9,83338,Drama
25,2015-01-09,Selma,20000000,52076908,66776576,1,46776576,233.88288,Profit,tt1020072,Selma,"Biography,Drama,History",7.5,77633,Biography
25,2015-01-09,Selma,20000000,52076908,66776576,1,46776576,233.88288,Profit,tt1020072,Selma,"Biography,Drama,History",7.5,77633,Drama
25,2015-01-09,Selma,20000000,52076908,66776576,1,46776576,233.88288,Profit,tt1020072,Selma,"Biography,Drama,History",7.5,77633,History
34,2015-11-06,Spotlight,20000000,45055776,92088460,11,72088460,360.4423,Profit,tt1895587,Spotlight,"Crime,Drama",8.1,365110,Crime
34,2015-11-06,Spotlight,20000000,45055776,92088460,11,72088460,360.4423,Profit,tt1895587,Spotlight,"Crime,Drama",8.1,365110,Drama
35,2018-03-30,Acrimony,20000000,43549096,46627836,3,26627836,133.13918,Profit,tt6063050,Acrimony,"Drama,Romance,Thriller",5.7,6119,Drama
35,2018-03-30,Acrimony,20000000,43549096,46627836,3,26627836,133.13918,Profit,tt6063050,Acrimony,"Drama,Romance,Thriller",5.7,6119,Romance
35,2018-03-30,Acrimony,20000000,43549096,46627836,3,26627836,133.13918,Profit,tt6063050,Acrimony,"Drama,Romance,Thriller",5.7,6119,Thriller
36,2015-06-26,Max,20000000,42656255,43658157,6,23658157,118.29078500000001,Profit,tt3369806,Max,"Adventure,Drama,Family",6.8,23976,Adventure
36,2015-06-26,Max,20000000,42656255,43658157,6,23658157,118.29078500000001,Profit,tt3369806,Max,"Adventure,Drama,Family",6.8,23976,Drama
36,2015-06-26,Max,20000000,42656255,43658157,6,23658157,118.29078500000001,Profit,tt3369806,Max,"Adventure,Drama,Family",6.8,23976,Family
39,2017-11-17,The Star,20000000,40847995,62758010,11,42758010,213.79005,Profit,tt4587656,The Star,"Adventure,Animation,Comedy",6.1,5159,Adventure
39,2017-11-17,The Star,20000000,40847995,62758010,11,42758010,213.79005,Profit,tt4587656,The Star,"Adventure,Animation,Comedy",6.1,5159,Animation
39,2017-11-17,The Star,20000000,40847995,62758010,11,42758010,213.79005,Profit,tt4587656,The Star,"Adventure,Animation,Comedy",6.1,5159,Comedy
43,2016-07-27,Nerve,20000000,38583626,70652284,7,50652284,253.26142,Profit,tt3531824,Nerve,"Action,Adventure,Crime",6.5,102782,Action
43,2016-07-27,Nerve,20000000,38583626,70652284,7,50652284,253.26142,Profit,tt3531824,Nerve,"Action,Adventure,Crime",6.5,102782,Adventure
43,2016-07-27,Nerve,20000000,38583626,70652284,7,50652284,253.26142,Profit,tt3531824,Nerve,"Action,Adventure,Crime",6.5,102782,Crime
48,2016-02-19,Risen,20000000,36880033,46255763,2,26255763,131.278815,Profit,tt3231054,Risen,"Action,Adventure,Drama",6.3,22813,Action
48,2016-02-19,Risen,20000000,36880033,46255763,2,26255763,131.278815,Profit,tt3231054,Risen,"Action,Adventure,Drama",6.3,22813,Adventure
48,2016-02-19,Risen,20000000,36880033,46255763,2,26255763,131.278815,Profit,tt3231054,Risen,"Action,Adventure,Drama",6.3,22813,Drama
49,2010-08-18,Vampires Suck,20000000,36661504,81424988,8,61424988,307.12494000000004,Profit,tt1666186,Vampires Suck,Comedy,3.4,43984,Comedy
51,2010-09-01,The American,20000000,35606376,67950723,9,47950723,239.753615,Profit,tt1440728,The American,"Crime,Drama,Thriller",6.3,86863,Crime
51,2010-09-01,The American,20000000,35606376,67950723,9,47950723,239.753615,Profit,tt1440728,The American,"Crime,Drama,Thriller",6.3,86863,Drama
51,2010-09-01,The American,20000000,35606376,67950723,9,47950723,239.753615,Profit,tt1440728,The American,"Crime,Drama,Thriller",6.3,86863,Thriller
53,2011-11-04,A Very Harold & Kumar 3D Christmas,20000000,35061031,36265745,11,16265745,81.328725,Profit,tt1268799,A Very Harold & Kumar 3D Christmas,"Adventure,Comedy",6.3,62151,Adventure
53,2011-11-04,A Very Harold & Kumar 3D Christmas,20000000,35061031,36265745,11,16265745,81.328725,Profit,tt1268799,A Very Harold & Kumar 3D Christmas,"Adventure,Comedy",6.3,62151,Comedy
55,2013-01-04,Texas Chainsaw 3D,20000000,34341945,47666013,1,27666013,138.330065,Profit,tt1572315,Texas Chainsaw 3D,"Horror,Thriller",4.8,41784,Horror
55,2013-01-04,Texas Chainsaw 3D,20000000,34341945,47666013,1,27666013,138.330065,Profit,tt1572315,Texas Chainsaw 3D,"Horror,Thriller",4.8,41784,Thriller
62,2010-03-12,She's Out of My League,20000000,32010860,48680977,3,28680977,143.40488499999998,Profit,tt0815236,She's Out of My League,"Comedy,Romance",6.4,117245,Comedy
62,2010-03-12,She's Out of My League,20000000,32010860,48680977,3,28680977,143.40488499999998,Profit,tt0815236,She's Out of My League,"Comedy,Romance",6.4,117245,Romance
65,2011-08-31,The Debt,20000000,31177548,46604054,8,26604054,133.02027,Profit,tt1226753,The Debt,"Drama,Thriller",6.9,61046,Drama
65,2011-08-31,The Debt,20000000,31177548,46604054,8,26604054,133.02027,Profit,tt1226753,The Debt,"Drama,Thriller",6.9,61046,Thriller
76,2013-08-23,The World's End,20000000,26004851,47508505,8,27508505,137.54252499999998,Profit,tt1213663,The World's End,"Action,Comedy,Sci-Fi",7.0,235308,Action
76,2013-08-23,The World's End,20000000,26004851,47508505,8,27508505,137.54252499999998,Profit,tt1213663,The World's End,"Action,Comedy,Sci-Fi",7.0,235308,Comedy
76,2013-08-23,The World's End,20000000,26004851,47508505,8,27508505,137.54252499999998,Profit,tt1213663,The World's End,"Action,Comedy,Sci-Fi",7.0,235308,Sci-Fi
78,2010-09-24,You Again,20000000,25702053,32838945,9,12838945,64.19472499999999,Profit,tt1414382,You Again,"Comedy,Family,Romance",5.8,46690,Comedy
78,2010-09-24,You Again,20000000,25702053,32838945,9,12838945,64.19472499999999,Profit,tt1414382,You Again,"Comedy,Family,Romance",5.8,46690,Family
78,2010-09-24,You Again,20000000,25702053,32838945,9,12838945,64.19472499999999,Profit,tt1414382,You Again,"Comedy,Family,Romance",5.8,46690,Romance
81,2018-12-25,On the Basis of Sex,20000000,24622687,38073377,12,18073377,90.366885,Profit,tt4669788,On the Basis of Sex,"Biography,Drama",6.9,12083,Biography
81,2018-12-25,On the Basis of Sex,20000000,24622687,38073377,12,18073377,90.366885,Profit,tt4669788,On the Basis of Sex,"Biography,Drama",6.9,12083,Drama
82,2014-02-14,Endless Love,20000000,23438250,34718173,2,14718173,73.59086500000001,Profit,tt2318092,Endless Love,"Drama,Romance",6.3,37869,Drama
82,2014-02-14,Endless Love,20000000,23438250,34718173,2,14718173,73.59086500000001,Profit,tt2318092,Endless Love,"Drama,Romance",6.3,37869,Romance
84,2011-07-01,Monte Carlo,20000000,23186769,39686769,7,19686769,98.43384499999999,Profit,tt1067774,Monte Carlo,"Adventure,Comedy,Family",5.8,38731,Adventure
84,2011-07-01,Monte Carlo,20000000,23186769,39686769,7,19686769,98.43384499999999,Profit,tt1067774,Monte Carlo,"Adventure,Comedy,Family",5.8,38731,Comedy
84,2011-07-01,Monte Carlo,20000000,23186769,39686769,7,19686769,98.43384499999999,Profit,tt1067774,Monte Carlo,"Adventure,Comedy,Family",5.8,38731,Family
87,2017-06-16,Rough Night,20000000,22105643,46844357,6,26844357,134.22178499999998,Profit,tt4799050,Rough Night,"Comedy,Crime,Thriller",5.2,39447,Comedy
87,2017-06-16,Rough Night,20000000,22105643,46844357,6,26844357,134.22178499999998,Profit,tt4799050,Rough Night,"Comedy,Crime,Thriller",5.2,39447,Crime
87,2017-06-16,Rough Night,20000000,22105643,46844357,6,26844357,134.22178499999998,Profit,tt4799050,Rough Night,"Comedy,Crime,Thriller",5.2,39447,Thriller
94,2015-11-20,Secret in Their Eyes,20000000,20180155,32608019,11,12608019,63.040094999999994,Profit,tt1741273,Secret in Their Eyes,"Crime,Drama,Mystery",6.3,37455,Crime
94,2015-11-20,Secret in Their Eyes,20000000,20180155,32608019,11,12608019,63.040094999999994,Profit,tt1741273,Secret in Their Eyes,"Crime,Drama,Mystery",6.3,37455,Drama
94,2015-11-20,Secret in Their Eyes,20000000,20180155,32608019,11,12608019,63.040094999999994,Profit,tt1741273,Secret in Their Eyes,"Crime,Drama,Mystery",6.3,37455,Mystery
11,2017-09-29,Flatliners,20000000,16883115,45173738,9,25173738,125.86869,Profit,tt2039338,Flatliners,"Drama,Horror,Mystery",5.2,33752,Drama
11,2017-09-29,Flatliners,20000000,16883115,45173738,9,25173738,125.86869,Profit,tt2039338,Flatliners,"Drama,Horror,Mystery",5.2,33752,Horror
11,2017-09-29,Flatliners,20000000,16883115,45173738,9,25173738,125.86869,Profit,tt2039338,Flatliners,"Drama,Horror,Mystery",5.2,33752,Mystery
22,2012-04-13,Lockout,20000000,14326865,33943049,4,13943049,69.71524500000001,Profit,tt1592525,Lockout,"Action,Sci-Fi,Thriller",6.1,89554,Action
22,2012-04-13,Lockout,20000000,14326865,33943049,4,13943049,69.71524500000001,Profit,tt1592525,Lockout,"Action,Sci-Fi,Thriller",6.1,89554,Sci-Fi
22,2012-04-13,Lockout,20000000,14326865,33943049,4,13943049,69.71524500000001,Profit,tt1592525,Lockout,"Action,Sci-Fi,Thriller",6.1,89554,Thriller
24,2011-09-30,What's Your Number?,20000000,14011084,30163785,9,10163785,50.81892500000001,Profit,tt0770703,What's Your Number?,"Comedy,Romance",6.1,67922,Comedy
24,2011-09-30,What's Your Number?,20000000,14011084,30163785,9,10163785,50.81892500000001,Profit,tt0770703,What's Your Number?,"Comedy,Romance",6.1,67922,Romance
27,2015-10-30,Burnt,20000000,13651946,36773510,10,16773510,83.86755000000001,Profit,tt2503944,Burnt,"Comedy,Drama",6.6,95988,Comedy
27,2015-10-30,Burnt,20000000,13651946,36773510,10,16773510,83.86755000000001,Profit,tt2503944,Burnt,"Comedy,Drama",6.6,95988,Drama
33,2016-02-26,Triple 9,20000000,12639297,25943792,2,5943792,29.71896,Profit,tt1712261,Triple 9,"Crime,Thriller",6.3,60369,Crime
33,2016-02-26,Triple 9,20000000,12639297,25943792,2,5943792,29.71896,Profit,tt1712261,Triple 9,"Crime,Thriller",6.3,60369,Thriller
34,2016-09-02,The Light Between Oceans,20000000,12545979,22281732,9,2281732,11.40866,Profit,tt2547584,The Light Between Oceans,"Drama,Romance",7.2,46247,Drama
34,2016-09-02,The Light Between Oceans,20000000,12545979,22281732,9,2281732,11.40866,Profit,tt2547584,The Light Between Oceans,"Drama,Romance",7.2,46247,Romance
38,2010-10-01,Let Me In,20000000,12134935,28270399,10,8270399,41.351995,Profit,tt1228987,Let Me In,"Drama,Fantasy,Horror",7.1,107012,Drama
38,2010-10-01,Let Me In,20000000,12134935,28270399,10,8270399,41.351995,Profit,tt1228987,Let Me In,"Drama,Fantasy,Horror",7.1,107012,Fantasy
38,2010-10-01,Let Me In,20000000,12134935,28270399,10,8270399,41.351995,Profit,tt1228987,Let Me In,"Drama,Fantasy,Horror",7.1,107012,Horror
47,2016-06-03,Popstar: Never Stop Never Stopping,20000000,9496130,9537120,6,-10462880,-52.314400000000006,Loss,tt3960412,Popstar: Never Stop Never Stopping,"Comedy,Music",6.7,47278,Comedy
47,2016-06-03,Popstar: Never Stop Never Stopping,20000000,9496130,9537120,6,-10462880,-52.314400000000006,Loss,tt3960412,Popstar: Never Stop Never Stopping,"Comedy,Music",6.7,47278,Music
48,2017-10-27,Thank You for Your Service,20000000,9479390,9985316,10,-10014684,-50.07342,Loss,tt2776878,Thank You for Your Service,"Biography,Drama,War",6.5,10006,Biography
48,2017-10-27,Thank You for Your Service,20000000,9479390,9985316,10,-10014684,-50.07342,Loss,tt2776878,Thank You for Your Service,"Biography,Drama,War",6.5,10006,Drama
48,2017-10-27,Thank You for Your Service,20000000,9479390,9985316,10,-10014684,-50.07342,Loss,tt2776878,Thank You for Your Service,"Biography,Drama,War",6.5,10006,War
51,2013-09-20,Battle of the Year,20000000,8888355,16723377,9,-3276623,-16.383115,Loss,tt1532958,Battle of the Year,"Drama,Music",5.1,8769,Drama
51,2013-09-20,Battle of the Year,20000000,8888355,16723377,9,-3276623,-16.383115,Loss,tt1532958,Battle of the Year,"Drama,Music",5.1,8769,Music
56,2014-12-12,Inherent Vice,20000000,8110975,14772346,12,-5227654,-26.138270000000002,Loss,tt1791528,Inherent Vice,"Comedy,Crime,Drama",6.7,83346,Comedy
56,2014-12-12,Inherent Vice,20000000,8110975,14772346,12,-5227654,-26.138270000000002,Loss,tt1791528,Inherent Vice,"Comedy,Crime,Drama",6.7,83346,Crime
56,2014-12-12,Inherent Vice,20000000,8110975,14772346,12,-5227654,-26.138270000000002,Loss,tt1791528,Inherent Vice,"Comedy,Crime,Drama",6.7,83346,Drama
58,2013-10-11,Machete Kills,20000000,8008161,18273009,10,-1726991,-8.634955,Loss,tt2002718,Machete Kills,"Action,Crime,Sci-Fi",5.6,69968,Action
58,2013-10-11,Machete Kills,20000000,8008161,18273009,10,-1726991,-8.634955,Loss,tt2002718,Machete Kills,"Action,Crime,Sci-Fi",5.6,69968,Crime
58,2013-10-11,Machete Kills,20000000,8008161,18273009,10,-1726991,-8.634955,Loss,tt2002718,Machete Kills,"Action,Crime,Sci-Fi",5.6,69968,Sci-Fi
65,2015-04-24,Little Boy,20000000,6485961,17769299,4,-2230701,-11.153505,Loss,tt1810683,Little Boy,"Drama,History,War",7.4,20945,Drama
65,2015-04-24,Little Boy,20000000,6485961,17769299,4,-2230701,-11.153505,Loss,tt1810683,Little Boy,"Drama,History,War",7.4,20945,History
65,2015-04-24,Little Boy,20000000,6485961,17769299,4,-2230701,-11.153505,Loss,tt1810683,Little Boy,"Drama,History,War",7.4,20945,War
67,2012-10-26,Chasing Mavericks,20000000,6002756,8300821,10,-11699179,-58.495895,Loss,tt1629757,Chasing Mavericks,"Biography,Drama,Sport",7.2,28994,Biography
67,2012-10-26,Chasing Mavericks,20000000,6002756,8300821,10,-11699179,-58.495895,Loss,tt1629757,Chasing Mavericks,"Biography,Drama,Sport",7.2,28994,Drama
67,2012-10-26,Chasing Mavericks,20000000,6002756,8300821,10,-11699179,-58.495895,Loss,tt1629757,Chasing Mavericks,"Biography,Drama,Sport",7.2,28994,Sport
68,2014-12-31,A Most Violent Year,20000000,5749134,8846875,12,-11153125,-55.765625,Loss,tt2937898,A Most Violent Year,"Crime,Drama,Thriller",7.0,60165,Crime
68,2014-12-31,A Most Violent Year,20000000,5749134,8846875,12,-11153125,-55.765625,Loss,tt2937898,A Most Violent Year,"Crime,Drama,Thriller",7.0,60165,Drama
68,2014-12-31,A Most Violent Year,20000000,5749134,8846875,12,-11153125,-55.765625,Loss,tt2937898,A Most Violent Year,"Crime,Drama,Thriller",7.0,60165,Thriller
69,2011-11-23,A Dangerous Method,20000000,5702083,14807531,11,-5192469,-25.962345,Loss,tt1571222,A Dangerous Method,"Biography,Drama,Romance",6.4,93259,Biography
69,2011-11-23,A Dangerous Method,20000000,5702083,14807531,11,-5192469,-25.962345,Loss,tt1571222,A Dangerous Method,"Biography,Drama,Romance",6.4,93259,Drama
69,2011-11-23,A Dangerous Method,20000000,5702083,14807531,11,-5192469,-25.962345,Loss,tt1571222,A Dangerous Method,"Biography,Drama,Romance",6.4,93259,Romance
74,2016-08-26,Hands of Stone,20000000,4712792,5031975,8,-14968025,-74.840125,Loss,tt1781827,Hands of Stone,"Action,Biography,Drama",6.6,12851,Action
74,2016-08-26,Hands of Stone,20000000,4712792,5031975,8,-14968025,-74.840125,Loss,tt1781827,Hands of Stone,"Action,Biography,Drama",6.6,12851,Biography
74,2016-08-26,Hands of Stone,20000000,4712792,5031975,8,-14968025,-74.840125,Loss,tt1781827,Hands of Stone,"Action,Biography,Drama",6.6,12851,Drama
78,2012-09-07,The Cold Light of Day,20000000,3763583,25361206,9,5361206,26.806029999999996,Profit,tt1366365,The Cold Light of Day,"Action,Thriller",4.9,33039,Action
78,2012-09-07,The Cold Light of Day,20000000,3763583,25361206,9,5361206,26.806029999999996,Profit,tt1366365,The Cold Light of Day,"Action,Thriller",4.9,33039,Thriller
81,2018-10-26,Suspiria,20000000,2483472,7034615,10,-12965385,-64.826925,Loss,tt1034415,Suspiria,"Fantasy,Horror,Mystery",6.8,37360,Fantasy
81,2018-10-26,Suspiria,20000000,2483472,7034615,10,-12965385,-64.826925,Loss,tt1034415,Suspiria,"Fantasy,Horror,Mystery",6.8,37360,Horror
81,2018-10-26,Suspiria,20000000,2483472,7034615,10,-12965385,-64.826925,Loss,tt1034415,Suspiria,"Fantasy,Horror,Mystery",6.8,37360,Mystery
82,2017-11-03,LBJ,20000000,2468683,2507181,11,-17492819,-87.464095,Loss,tt4778988,LBJ,"Biography,Drama,History",6.5,4396,Biography
82,2017-11-03,LBJ,20000000,2468683,2507181,11,-17492819,-87.464095,Loss,tt4778988,LBJ,"Biography,Drama,History",6.5,4396,Drama
82,2017-11-03,LBJ,20000000,2468683,2507181,11,-17492819,-87.464095,Loss,tt4778988,LBJ,"Biography,Drama,History",6.5,4396,History
85,2015-11-13,My All-American,20000000,2246000,2246000,11,-17754000,-88.77000000000001,Loss,tt3719896,My All-American,"Biography,Drama,Sport",7.2,5058,Biography
85,2015-11-13,My All-American,20000000,2246000,2246000,11,-17754000,-88.77000000000001,Loss,tt3719896,My All-American,"Biography,Drama,Sport",7.2,5058,Drama
85,2015-11-13,My All-American,20000000,2246000,2246000,11,-17754000,-88.77000000000001,Loss,tt3719896,My All-American,"Biography,Drama,Sport",7.2,5058,Sport
90,2011-04-29,Dylan Dog: Dead of Night,20000000,1186538,6093725,4,-13906275,-69.531375,Loss,tt1013860,Dylan Dog: Dead of Night,"Action,Comedy,Crime",5.1,14120,Action
90,2011-04-29,Dylan Dog: Dead of Night,20000000,1186538,6093725,4,-13906275,-69.531375,Loss,tt1013860,Dylan Dog: Dead of Night,"Action,Comedy,Crime",5.1,14120,Comedy
90,2011-04-29,Dylan Dog: Dead of Night,20000000,1186538,6093725,4,-13906275,-69.531375,Loss,tt1013860,Dylan Dog: Dead of Night,"Action,Comedy,Crime",5.1,14120,Crime
94,2010-08-06,Middle Men,20000000,754301,754301,8,-19245699,-96.22849500000001,Loss,tt1664697,Middle Men,"Action,Comedy,Crime",5.8,45,Action
94,2010-08-06,Middle Men,20000000,754301,754301,8,-19245699,-96.22849500000001,Loss,tt1664697,Middle Men,"Action,Comedy,Crime",5.8,45,Comedy
94,2010-08-06,Middle Men,20000000,754301,754301,8,-19245699,-96.22849500000001,Loss,tt1664697,Middle Men,"Action,Comedy,Crime",5.8,45,Crime
96,2010-12-03,All Good Things,20000000,582024,873617,12,-19126383,-95.631915,Loss,tt1175709,All Good Things,"Crime,Drama,Mystery",6.3,49684,Crime
96,2010-12-03,All Good Things,20000000,582024,873617,12,-19126383,-95.631915,Loss,tt1175709,All Good Things,"Crime,Drama,Mystery",6.3,49684,Drama
96,2010-12-03,All Good Things,20000000,582024,873617,12,-19126383,-95.631915,Loss,tt1175709,All Good Things,"Crime,Drama,Mystery",6.3,49684,Mystery
97,2015-11-13,By the Sea,20000000,538460,3727746,11,-16272254,-81.36126999999999,Loss,tt3707106,By the Sea,"Drama,Romance",5.3,16206,Drama
97,2015-11-13,By the Sea,20000000,538460,3727746,11,-16272254,-81.36126999999999,Loss,tt3707106,By the Sea,"Drama,Romance",5.3,16206,Romance
1,2010-12-10,The Tempest,20000000,277943,277943,12,-19722057,-98.610285,Loss,tt1274300,The Tempest,"Comedy,Drama,Fantasy",5.4,7073,Comedy
1,2010-12-10,The Tempest,20000000,277943,277943,12,-19722057,-98.610285,Loss,tt1274300,The Tempest,"Comedy,Drama,Fantasy",5.4,7073,Drama
1,2010-12-10,The Tempest,20000000,277943,277943,12,-19722057,-98.610285,Loss,tt1274300,The Tempest,"Comedy,Drama,Fantasy",5.4,7073,Fantasy
6,2015-10-30,Regression,20000000,55039,15824374,10,-4175626,-20.87813,Loss,tt3319920,Regression,"Crime,Horror,Mystery",5.7,33335,Crime
6,2015-10-30,Regression,20000000,55039,15824374,10,-4175626,-20.87813,Loss,tt3319920,Regression,"Crime,Horror,Mystery",5.7,33335,Horror
6,2015-10-30,Regression,20000000,55039,15824374,10,-4175626,-20.87813,Loss,tt3319920,Regression,"Crime,Horror,Mystery",5.7,33335,Mystery
8,2012-12-31,Zambezia,20000000,0,34454336,12,14454336,72.27168,Profit,tt1488181,Zambezia,"Adventure,Animation,Comedy",5.8,6010,Adventure
8,2012-12-31,Zambezia,20000000,0,34454336,12,14454336,72.27168,Profit,tt1488181,Zambezia,"Adventure,Animation,Comedy",5.8,6010,Animation
8,2012-12-31,Zambezia,20000000,0,34454336,12,14454336,72.27168,Profit,tt1488181,Zambezia,"Adventure,Animation,Comedy",5.8,6010,Comedy
11,2015-05-29,Survivor,20000000,0,1703281,5,-18296719,-91.483595,Loss,tt3247714,Survivor,"Action,Crime,Thriller",5.6,28614,Action
11,2015-05-29,Survivor,20000000,0,1703281,5,-18296719,-91.483595,Loss,tt3247714,Survivor,"Action,Crime,Thriller",5.6,28614,Crime
11,2015-05-29,Survivor,20000000,0,1703281,5,-18296719,-91.483595,Loss,tt3247714,Survivor,"Action,Crime,Thriller",5.6,28614,Thriller
12,2016-11-18,The History of Love,20000000,0,476624,11,-19523376,-97.61688,Loss,tt0443533,The History of Love,"Drama,Romance,War",6.3,1024,Drama
12,2016-11-18,The History of Love,20000000,0,476624,11,-19523376,-97.61688,Loss,tt0443533,The History of Love,"Drama,Romance,War",6.3,1024,Romance
12,2016-11-18,The History of Love,20000000,0,476624,11,-19523376,-97.61688,Loss,tt0443533,The History of Love,"Drama,Romance,War",6.3,1024,War
14,2014-08-29,Dwegons and Leprechauns,20000000,0,0,8,-20000000,-100.0,Loss,tt1134666,Dwegons and Leprechauns,Animation,4.2,84,Animation
15,2016-07-22,Fight Valley,20000000,0,0,7,-20000000,-100.0,Loss,tt4280822,Fight Valley,"Action,Drama",2.7,494,Action
15,2016-07-22,Fight Valley,20000000,0,0,7,-20000000,-100.0,Loss,tt4280822,Fight Valley,"Action,Drama",2.7,494,Drama
17,2018-12-13,Bird Box,19800000,0,0,12,-19800000,-100.0,Loss,tt2737304,Bird Box,"Drama,Horror,Sci-Fi",6.6,218063,Drama
17,2018-12-13,Bird Box,19800000,0,0,12,-19800000,-100.0,Loss,tt2737304,Bird Box,"Drama,Horror,Sci-Fi",6.6,218063,Horror
17,2018-12-13,Bird Box,19800000,0,0,12,-19800000,-100.0,Loss,tt2737304,Bird Box,"Drama,Horror,Sci-Fi",6.6,218063,Sci-Fi
19,2017-12-01,The Shape of Water,19500000,63859435,195790794,12,176290794,904.0553538461538,Profit,tt5580390,The Shape of Water,"Adventure,Drama,Fantasy",7.3,308112,Adventure
19,2017-12-01,The Shape of Water,19500000,63859435,195790794,12,176290794,904.0553538461538,Profit,tt5580390,The Shape of Water,"Adventure,Drama,Fantasy",7.3,308112,Drama
19,2017-12-01,The Shape of Water,19500000,63859435,195790794,12,176290794,904.0553538461538,Profit,tt5580390,The Shape of Water,"Adventure,Drama,Fantasy",7.3,308112,Fantasy
22,2013-08-23,The Frozen Ground,19200000,0,5617460,8,-13582540,-70.74239583333333,Loss,tt2005374,The Frozen Ground,"Crime,Drama,Mystery",6.4,51915,Crime
22,2013-08-23,The Frozen Ground,19200000,0,5617460,8,-13582540,-70.74239583333333,Loss,tt2005374,The Frozen Ground,"Crime,Drama,Mystery",6.4,51915,Drama
22,2013-08-23,The Frozen Ground,19200000,0,5617460,8,-13582540,-70.74239583333333,Loss,tt2005374,The Frozen Ground,"Crime,Drama,Mystery",6.4,51915,Mystery
23,2011-07-29,The Devil's Double,19100000,1361512,5965646,7,-13134354,-68.76625130890052,Loss,tt1270262,The Devil's Double,"Biography,Drama,Thriller",7.1,58342,Biography
23,2011-07-29,The Devil's Double,19100000,1361512,5965646,7,-13134354,-68.76625130890052,Loss,tt1270262,The Devil's Double,"Biography,Drama,Thriller",7.1,58342,Drama
23,2011-07-29,The Devil's Double,19100000,1361512,5965646,7,-13134354,-68.76625130890052,Loss,tt1270262,The Devil's Double,"Biography,Drama,Thriller",7.1,58342,Thriller
27,2011-06-24,Bad Teacher,19000000,100292856,215448997,6,196448997,1033.942089473684,Profit,tt1284575,Bad Teacher,"Comedy,Romance",5.7,181189,Comedy
27,2011-06-24,Bad Teacher,19000000,100292856,215448997,6,196448997,1033.942089473684,Profit,tt1284575,Bad Teacher,"Comedy,Romance",5.7,181189,Romance
28,2016-08-12,Sausage Party,19000000,97670358,141344255,8,122344255,643.9171315789474,Profit,tt1700841,Sausage Party,"Adventure,Animation,Comedy",6.2,159111,Adventure
28,2016-08-12,Sausage Party,19000000,97670358,141344255,8,122344255,643.9171315789474,Profit,tt1700841,Sausage Party,"Adventure,Animation,Comedy",6.2,159111,Animation
28,2016-08-12,Sausage Party,19000000,97670358,141344255,8,122344255,643.9171315789474,Profit,tt1700841,Sausage Party,"Adventure,Animation,Comedy",6.2,159111,Comedy
36,2010-02-26,The Crazies,19000000,39123589,56445534,2,37445534,197.08175789473685,Profit,tt0455407,The Crazies,"Horror,Thriller",6.5,104465,Horror
36,2010-02-26,The Crazies,19000000,39123589,56445534,2,37445534,197.08175789473685,Profit,tt0455407,The Crazies,"Horror,Thriller",6.5,104465,Thriller
39,2010-08-20,The Switch,19000000,27758465,49858465,8,30858465,162.41297368421053,Profit,tt0889573,The Switch,"Comedy,Drama,Romance",6.1,90661,Comedy
39,2010-08-20,The Switch,19000000,27758465,49858465,8,30858465,162.41297368421053,Profit,tt0889573,The Switch,"Comedy,Drama,Romance",6.1,90661,Drama
39,2010-08-20,The Switch,19000000,27758465,49858465,8,30858465,162.41297368421053,Profit,tt0889573,The Switch,"Comedy,Drama,Romance",6.1,90661,Romance
40,2010-01-08,Leap Year,19000000,25918920,32618920,1,13618920,71.67852631578947,Profit,tt1216492,Leap Year,"Comedy,Romance",6.5,86125,Comedy
40,2010-01-08,Leap Year,19000000,25918920,32618920,1,13618920,71.67852631578947,Profit,tt1216492,Leap Year,"Comedy,Romance",6.5,86125,Romance
41,2013-11-08,The Book Thief,19000000,21488481,76086711,11,57086711,300.4563736842105,Profit,tt0816442,The Book Thief,"Drama,War",7.6,119023,Drama
41,2013-11-08,The Book Thief,19000000,21488481,76086711,11,57086711,300.4563736842105,Profit,tt0816442,The Book Thief,"Drama,War",7.6,119023,War
48,2011-03-04,Take Me Home Tonight,19000000,6928068,7576604,3,-11423396,-60.12313684210526,Loss,tt0810922,Take Me Home Tonight,"Comedy,Drama,Romance",6.3,48393,Comedy
48,2011-03-04,Take Me Home Tonight,19000000,6928068,7576604,3,-11423396,-60.12313684210526,Loss,tt0810922,Take Me Home Tonight,"Comedy,Drama,Romance",6.3,48393,Drama
48,2011-03-04,Take Me Home Tonight,19000000,6928068,7576604,3,-11423396,-60.12313684210526,Loss,tt0810922,Take Me Home Tonight,"Comedy,Drama,Romance",6.3,48393,Romance
49,2012-09-28,Won't Back Down,19000000,5310554,5745503,9,-13254497,-69.76051052631578,Loss,tt1870529,Won't Back Down,Drama,6.4,5915,Drama
50,2018-06-01,Action Point,19000000,5059608,5103675,6,-13896325,-73.13855263157895,Loss,tt6495770,Action Point,Comedy,5.0,6657,Comedy
64,2014-05-09,Neighbors,18000000,150086800,270944428,5,252944428,1405.2468222222221,Profit,tt2004420,Neighbors,Comedy,6.3,266020,Comedy
77,2016-03-25,My Big Fat Greek Wedding 2,18000000,59689605,92096558,3,74096558,411.6475444444444,Profit,tt3760922,My Big Fat Greek Wedding 2,"Comedy,Romance",6.0,25933,Comedy
77,2016-03-25,My Big Fat Greek Wedding 2,18000000,59689605,92096558,3,74096558,411.6475444444444,Profit,tt3760922,My Big Fat Greek Wedding 2,"Comedy,Romance",6.0,25933,Romance
78,2015-09-11,The Perfect Guy,18000000,57027435,60278166,9,42278166,234.8787,Profit,tt3862750,The Perfect Guy,"Crime,Drama,Horror",5.6,8998,Crime
78,2015-09-11,The Perfect Guy,18000000,57027435,60278166,9,42278166,234.8787,Profit,tt3862750,The Perfect Guy,"Crime,Drama,Horror",5.6,8998,Drama
78,2015-09-11,The Perfect Guy,18000000,57027435,60278166,9,42278166,234.8787,Profit,tt3862750,The Perfect Guy,"Crime,Drama,Horror",5.6,8998,Horror
80,2011-03-25,Diary of a Wimpy Kid: Rodrick Rules,18000000,52698535,73695194,3,55695194,309.41774444444445,Profit,tt1650043,Diary of a Wimpy Kid: Rodrick Rules,"Comedy,Family",6.6,23135,Comedy
80,2011-03-25,Diary of a Wimpy Kid: Rodrick Rules,18000000,52698535,73695194,3,55695194,309.41774444444445,Profit,tt1650043,Diary of a Wimpy Kid: Rodrick Rules,"Comedy,Family",6.6,23135,Family
83,2011-04-08,Soul Surfer,18000000,43853424,47158652,4,29158652,161.9925111111111,Profit,tt1596346,Soul Surfer,"Biography,Drama,Family",7.1,41659,Biography
83,2011-04-08,Soul Surfer,18000000,43853424,47158652,4,29158652,161.9925111111111,Profit,tt1596346,Soul Surfer,"Biography,Drama,Family",7.1,41659,Drama
83,2011-04-08,Soul Surfer,18000000,43853424,47158652,4,29158652,161.9925111111111,Profit,tt1596346,Soul Surfer,"Biography,Drama,Family",7.1,41659,Family
85,2018-06-29,Uncle Drew,18000000,42469946,46527161,6,28527161,158.4842277777778,Profit,tt7334528,Uncle Drew,"Comedy,Sport",5.7,9739,Comedy
85,2018-06-29,Uncle Drew,18000000,42469946,46527161,6,28527161,158.4842277777778,Profit,tt7334528,Uncle Drew,"Comedy,Sport",5.7,9739,Sport
86,2014-10-17,Birdman or (The Unexpected Virtue of Ignorance),18000000,42340598,103215094,10,85215094,473.41718888888886,Profit,tt2562232,Birdman or (The Unexpected Virtue of Ignorance),"Comedy,Drama",7.7,519417,Comedy
86,2014-10-17,Birdman or (The Unexpected Virtue of Ignorance),18000000,42340598,103215094,10,85215094,473.41718888888886,Profit,tt2562232,Birdman or (The Unexpected Virtue of Ignorance),"Comedy,Drama",7.7,519417,Drama
90,2013-07-26,Blue Jasmine,18000000,33404871,102912961,7,84912961,471.7386722222222,Profit,tt2334873,Blue Jasmine,Drama,7.3,179453,Drama
95,2015-08-07,Ricki and the Flash,18000000,26839498,41166033,8,23166033,128.70018333333334,Profit,tt3623726,Ricki and the Flash,"Comedy,Drama,Music",5.9,20932,Comedy
95,2015-08-07,Ricki and the Flash,18000000,26839498,41166033,8,23166033,128.70018333333334,Profit,tt3623726,Ricki and the Flash,"Comedy,Drama,Music",5.9,20932,Drama
95,2015-08-07,Ricki and the Flash,18000000,26839498,41166033,8,23166033,128.70018333333334,Profit,tt3623726,Ricki and the Flash,"Comedy,Drama,Music",5.9,20932,Music
98,2015-11-13,Love the Coopers,18000000,26302731,42227490,11,24227490,134.59716666666665,Profit,tt2279339,Love the Coopers,"Comedy,Fantasy,Romance",5.8,18018,Comedy
98,2015-11-13,Love the Coopers,18000000,26302731,42227490,11,24227490,134.59716666666665,Profit,tt2279339,Love the Coopers,"Comedy,Fantasy,Romance",5.8,18018,Fantasy
98,2015-11-13,Love the Coopers,18000000,26302731,42227490,11,24227490,134.59716666666665,Profit,tt2279339,Love the Coopers,"Comedy,Fantasy,Romance",5.8,18018,Romance
4,2017-04-28,The Circle,18000000,20497844,40651864,4,22651864,125.84368888888888,Profit,tt4287320,The Circle,"Drama,Sci-Fi,Thriller",5.3,72536,Drama
4,2017-04-28,The Circle,18000000,20497844,40651864,4,22651864,125.84368888888888,Profit,tt4287320,The Circle,"Drama,Sci-Fi,Thriller",5.3,72536,Sci-Fi
4,2017-04-28,The Circle,18000000,20497844,40651864,4,22651864,125.84368888888888,Profit,tt4287320,The Circle,"Drama,Sci-Fi,Thriller",5.3,72536,Thriller
6,2010-11-05,127 Hours,18000000,18335230,60217171,11,42217171,234.5398388888889,Profit,tt1542344,127 Hours,"Adventure,Biography,Drama",7.6,323949,Adventure
6,2010-11-05,127 Hours,18000000,18335230,60217171,11,42217171,234.5398388888889,Profit,tt1542344,127 Hours,"Adventure,Biography,Drama",7.6,323949,Biography
6,2010-11-05,127 Hours,18000000,18335230,60217171,11,42217171,234.5398388888889,Profit,tt1542344,127 Hours,"Adventure,Biography,Drama",7.6,323949,Drama
9,2016-01-15,Norm of the North,18000000,17062499,30535660,1,12535660,69.64255555555555,Profit,tt1594972,Norm of the North,"Adventure,Animation,Comedy",3.6,7951,Adventure
9,2016-01-15,Norm of the North,18000000,17062499,30535660,1,12535660,69.64255555555555,Profit,tt1594972,Norm of the North,"Adventure,Animation,Comedy",3.6,7951,Animation
9,2016-01-15,Norm of the North,18000000,17062499,30535660,1,12535660,69.64255555555555,Profit,tt1594972,Norm of the North,"Adventure,Animation,Comedy",3.6,7951,Comedy
11,2013-08-16,Jobs,18000000,16131410,43402515,8,25402515,141.12508333333332,Profit,tt2357129,Jobs,"Biography,Drama",5.9,88788,Biography
11,2013-08-16,Jobs,18000000,16131410,43402515,8,25402515,141.12508333333332,Profit,tt2357129,Jobs,"Biography,Drama",5.9,88788,Drama
14,2014-07-25,And So It Goes,18000000,15160801,17920013,7,-79987,-0.4443722222222222,Loss,tt2465146,And So It Goes,"Comedy,Drama,Romance",5.8,11597,Comedy
14,2014-07-25,And So It Goes,18000000,15160801,17920013,7,-79987,-0.4443722222222222,Loss,tt2465146,And So It Goes,"Comedy,Drama,Romance",5.8,11597,Drama
14,2014-07-25,And So It Goes,18000000,15160801,17920013,7,-79987,-0.4443722222222222,Loss,tt2465146,And So It Goes,"Comedy,Drama,Romance",5.8,11597,Romance
19,2014-01-31,Labor Day,18000000,13371528,14189810,1,-3810190,-21.16772222222222,Loss,tt1967545,Labor Day,"Drama,Romance",6.9,39242,Drama
19,2014-01-31,Labor Day,18000000,13371528,14189810,1,-3810190,-21.16772222222222,Loss,tt1967545,Labor Day,"Drama,Romance",6.9,39242,Romance
20,2013-08-30,Getaway,18000000,10501938,11813989,8,-6186011,-34.366727777777776,Loss,tt2167202,Getaway,"Action,Crime,Thriller",4.4,22157,Action
20,2013-08-30,Getaway,18000000,10501938,11813989,8,-6186011,-34.366727777777776,Loss,tt2167202,Getaway,"Action,Crime,Thriller",4.4,22157,Crime
20,2013-08-30,Getaway,18000000,10501938,11813989,8,-6186011,-34.366727777777776,Loss,tt2167202,Getaway,"Action,Crime,Thriller",4.4,22157,Thriller
25,2010-01-15,The Last Station,18000000,6617867,15696146,1,-2303854,-12.799188888888887,Loss,tt3436064,The Last Station,Documentary,7.6,10,Documentary
33,2014-04-11,The Railway Man,18000000,4438438,23910210,4,5910210,32.8345,Profit,tt2058107,The Railway Man,"Biography,Drama,Romance",7.1,34586,Biography
33,2014-04-11,The Railway Man,18000000,4438438,23910210,4,5910210,32.8345,Profit,tt2058107,The Railway Man,"Biography,Drama,Romance",7.1,34586,Drama
33,2014-04-11,The Railway Man,18000000,4438438,23910210,4,5910210,32.8345,Profit,tt2058107,The Railway Man,"Biography,Drama,Romance",7.1,34586,Romance
35,2016-03-18,Midnight Special,18000000,3712282,7680250,3,-10319750,-57.331944444444446,Loss,tt2649554,Midnight Special,"Action,Drama,Mystery",6.6,67921,Action
35,2016-03-18,Midnight Special,18000000,3712282,7680250,3,-10319750,-57.331944444444446,Loss,tt2649554,Midnight Special,"Action,Drama,Mystery",6.6,67921,Drama
35,2016-03-18,Midnight Special,18000000,3712282,7680250,3,-10319750,-57.331944444444446,Loss,tt2649554,Midnight Special,"Action,Drama,Mystery",6.6,67921,Mystery
36,2016-11-25,Miss Sloane,18000000,3500605,7719630,11,-10280370,-57.11316666666667,Loss,tt4540710,Miss Sloane,"Drama,Thriller",7.5,52788,Drama
36,2016-11-25,Miss Sloane,18000000,3500605,7719630,11,-10280370,-57.11316666666667,Loss,tt4540710,Miss Sloane,"Drama,Thriller",7.5,52788,Thriller
37,2013-09-27,Metallica Through the Never,18000000,3419967,9082906,9,-8917094,-49.53941111111111,Loss,tt2172935,Metallica Through the Never,Music,7.2,15592,Music
43,2013-03-01,Phantom,18000000,1034589,1199510,3,-16800490,-93.33605555555555,Loss,tt1922685,Phantom,"Drama,History,Thriller",5.9,12786,Drama
43,2013-03-01,Phantom,18000000,1034589,1199510,3,-16800490,-93.33605555555555,Loss,tt1922685,Phantom,"Drama,History,Thriller",5.9,12786,History
43,2013-03-01,Phantom,18000000,1034589,1199510,3,-16800490,-93.33605555555555,Loss,tt1922685,Phantom,"Drama,History,Thriller",5.9,12786,Thriller
50,2016-04-15,I Am Wrath,18000000,0,309608,4,-17690392,-98.27995555555556,Loss,tt3212232,I Am Wrath,"Action,Crime,Drama",5.4,11198,Action
50,2016-04-15,I Am Wrath,18000000,0,309608,4,-17690392,-98.27995555555556,Loss,tt3212232,I Am Wrath,"Action,Crime,Drama",5.4,11198,Crime
50,2016-04-15,I Am Wrath,18000000,0,309608,4,-17690392,-98.27995555555556,Loss,tt3212232,I Am Wrath,"Action,Crime,Drama",5.4,11198,Drama
51,2014-11-14,Wolves,18000000,0,94953,11,-17905047,-99.47248333333333,Loss,tt1403241,Wolves,"Action,Fantasy,Horror",5.3,7312,Action
51,2014-11-14,Wolves,18000000,0,94953,11,-17905047,-99.47248333333333,Loss,tt1403241,Wolves,"Action,Fantasy,Horror",5.3,7312,Fantasy
51,2014-11-14,Wolves,18000000,0,94953,11,-17905047,-99.47248333333333,Loss,tt1403241,Wolves,"Action,Fantasy,Horror",5.3,7312,Horror
53,2014-08-22,The Prince,18000000,0,0,8,-18000000,-100.0,Loss,tt1085492,The Prince,"Action,Thriller",4.6,16048,Action
53,2014-08-22,The Prince,18000000,0,0,8,-18000000,-100.0,Loss,tt1085492,The Prince,"Action,Thriller",4.6,16048,Thriller
54,2016-02-19,Forsaken,18000000,0,0,2,-18000000,-100.0,Loss,tt2271563,Forsaken,"Action,Drama,Western",6.3,9199,Action
54,2016-02-19,Forsaken,18000000,0,0,2,-18000000,-100.0,Loss,tt2271563,Forsaken,"Action,Drama,Western",6.3,9199,Drama
54,2016-02-19,Forsaken,18000000,0,0,2,-18000000,-100.0,Loss,tt2271563,Forsaken,"Action,Drama,Western",6.3,9199,Western
56,2012-07-13,Red Lights,17700000,49521,14518884,7,-3181116,-17.972406779661018,Loss,tt1748179,Red Lights,"Drama,Fantasy,Horror",6.2,55287,Drama
56,2012-07-13,Red Lights,17700000,49521,14518884,7,-3181116,-17.972406779661018,Loss,tt1748179,Red Lights,"Drama,Fantasy,Horror",6.2,55287,Fantasy
56,2012-07-13,Red Lights,17700000,49521,14518884,7,-3181116,-17.972406779661018,Loss,tt1748179,Red Lights,"Drama,Fantasy,Horror",6.2,55287,Horror
63,2013-11-27,Black Nativity,17500000,7018188,7285135,11,-10214865,-58.37065714285714,Loss,tt1425922,Black Nativity,"Drama,Family,Music",4.6,1901,Drama
63,2013-11-27,Black Nativity,17500000,7018188,7285135,11,-10214865,-58.37065714285714,Loss,tt1425922,Black Nativity,"Drama,Family,Music",4.6,1901,Family
63,2013-11-27,Black Nativity,17500000,7018188,7285135,11,-10214865,-58.37065714285714,Loss,tt1425922,Black Nativity,"Drama,Family,Music",4.6,1901,Music
66,2018-04-06,A Quiet Place,17000000,188024361,334522294,4,317522294,1867.7782,Profit,tt6644200,A Quiet Place,"Drama,Horror,Sci-Fi",7.6,305031,Drama
66,2018-04-06,A Quiet Place,17000000,188024361,334522294,4,317522294,1867.7782,Profit,tt6644200,A Quiet Place,"Drama,Horror,Sci-Fi",7.6,305031,Horror
66,2018-04-06,A Quiet Place,17000000,188024361,334522294,4,317522294,1867.7782,Profit,tt6644200,A Quiet Place,"Drama,Horror,Sci-Fi",7.6,305031,Sci-Fi
73,2013-11-15,The Best Man Holiday,17000000,70525195,72835710,11,55835710,328.44535294117645,Profit,tt2083355,The Best Man Holiday,"Comedy,Drama",6.7,13967,Comedy
73,2013-11-15,The Best Man Holiday,17000000,70525195,72835710,11,55835710,328.44535294117645,Profit,tt2083355,The Best Man Holiday,"Comedy,Drama",6.7,13967,Drama
75,2012-09-28,Pitch Perfect,17000000,65001093,116044347,9,99044347,582.613805882353,Profit,tt1981677,Pitch Perfect,"Comedy,Music,Romance",7.2,256565,Comedy
75,2012-09-28,Pitch Perfect,17000000,65001093,116044347,9,99044347,582.613805882353,Profit,tt1981677,Pitch Perfect,"Comedy,Music,Romance",7.2,256565,Music
75,2012-09-28,Pitch Perfect,17000000,65001093,116044347,9,99044347,582.613805882353,Profit,tt1981677,Pitch Perfect,"Comedy,Music,Romance",7.2,256565,Romance
77,2013-04-05,Evil Dead,17000000,54239856,97778356,4,80778356,475.16679999999997,Profit,tt1288558,Evil Dead,"Fantasy,Horror,Thriller",6.5,146399,Fantasy
77,2013-04-05,Evil Dead,17000000,54239856,97778356,4,80778356,475.16679999999997,Profit,tt1288558,Evil Dead,"Fantasy,Horror,Thriller",6.5,146399,Horror
77,2013-04-05,Evil Dead,17000000,54239856,97778356,4,80778356,475.16679999999997,Profit,tt1288558,Evil Dead,"Fantasy,Horror,Thriller",6.5,146399,Thriller
80,2015-02-20,"McFarland, USA",17000000,44480275,45707924,2,28707924,168.87014117647058,Profit,tt2097298,"McFarland, USA","Biography,Drama,Sport",7.4,31735,Biography
80,2015-02-20,"McFarland, USA",17000000,44480275,45707924,2,28707924,168.87014117647058,Profit,tt2097298,"McFarland, USA","Biography,Drama,Sport",7.4,31735,Drama
80,2015-02-20,"McFarland, USA",17000000,44480275,45707924,2,28707924,168.87014117647058,Profit,tt2097298,"McFarland, USA","Biography,Drama,Sport",7.4,31735,Sport
81,2016-11-11,Almost Christmas,17000000,42065185,42493506,11,25493506,149.96179999999998,Profit,tt4649416,Almost Christmas,"Comedy,Drama",6.1,5212,Comedy
81,2016-11-11,Almost Christmas,17000000,42065185,42493506,11,25493506,149.96179999999998,Profit,tt4649416,Almost Christmas,"Comedy,Drama",6.1,5212,Drama
87,2011-03-04,Beastly,17000000,27865571,38028230,3,21028230,123.6954705882353,Profit,tt1152398,Beastly,"Drama,Fantasy,Romance",5.6,72599,Drama
87,2011-03-04,Beastly,17000000,27865571,38028230,3,21028230,123.6954705882353,Profit,tt1152398,Beastly,"Drama,Fantasy,Romance",5.6,72599,Fantasy
87,2011-03-04,Beastly,17000000,27865571,38028230,3,21028230,123.6954705882353,Profit,tt1152398,Beastly,"Drama,Fantasy,Romance",5.6,72599,Romance
90,2010-08-20,Lottery Ticket,17000000,24719879,24719879,8,7719879,45.41105294117647,Profit,tt0979434,Lottery Ticket,Comedy,5.0,10042,Comedy
4,2012-08-24,The Apparition,17000000,4936819,10637281,8,-6362719,-37.42775882352941,Loss,tt1433822,The Apparition,"Horror,Thriller",4.1,18112,Horror
4,2012-08-24,The Apparition,17000000,4936819,10637281,8,-6362719,-37.42775882352941,Loss,tt1433822,The Apparition,"Horror,Thriller",4.1,18112,Thriller
10,2016-06-10,Genius,17000000,1361045,7265283,6,-9734717,-57.26304117647059,Loss,tt1703957,Genius,"Biography,Drama",6.6,15611,Biography
10,2016-06-10,Genius,17000000,1361045,7265283,6,-9734717,-57.26304117647059,Loss,tt1703957,Genius,"Biography,Drama",6.6,15611,Drama
12,2015-06-26,Escobar: Paradise Lost,17000000,195792,3917679,6,-13082321,-76.9548294117647,Loss,tt2515030,Escobar: Paradise Lost,"Crime,Drama,History",6.5,19419,Crime
12,2015-06-26,Escobar: Paradise Lost,17000000,195792,3917679,6,-13082321,-76.9548294117647,Loss,tt2515030,Escobar: Paradise Lost,"Crime,Drama,History",6.5,19419,Drama
12,2015-06-26,Escobar: Paradise Lost,17000000,195792,3917679,6,-13082321,-76.9548294117647,Loss,tt2515030,Escobar: Paradise Lost,"Crime,Drama,History",6.5,19419,History
16,2019-07-12,Crawl,17000000,0,0,7,-17000000,-100.0,Loss,tt1848832,Crawl,"Crime,Thriller",4.7,1095,Crime
16,2019-07-12,Crawl,17000000,0,0,7,-17000000,-100.0,Loss,tt1848832,Crawl,"Crime,Thriller",4.7,1095,Thriller
17,2016-03-11,The Young Messiah,16800000,6469813,7313697,3,-9486303,-56.46608928571428,Loss,tt1002563,The Young Messiah,"Drama,Fantasy",5.6,2882,Drama
17,2016-03-11,The Young Messiah,16800000,6469813,7313697,3,-9486303,-56.46608928571428,Loss,tt1002563,The Young Messiah,"Drama,Fantasy",5.6,2882,Fantasy
33,2012-05-25,Moonrise Kingdom,16000000,45512466,68848446,5,52848446,330.3027875,Profit,tt1748122,Moonrise Kingdom,"Adventure,Comedy,Drama",7.8,291750,Adventure
33,2012-05-25,Moonrise Kingdom,16000000,45512466,68848446,5,52848446,330.3027875,Profit,tt1748122,Moonrise Kingdom,"Adventure,Comedy,Drama",7.8,291750,Comedy
33,2012-05-25,Moonrise Kingdom,16000000,45512466,68848446,5,52848446,330.3027875,Profit,tt1748122,Moonrise Kingdom,"Adventure,Comedy,Drama",7.8,291750,Drama
34,2011-11-25,The Artist,16000000,44667095,128256712,11,112256712,701.6044499999999,Profit,tt1655442,The Artist,"Comedy,Drama,Romance",7.9,217184,Comedy
34,2011-11-25,The Artist,16000000,44667095,128256712,11,112256712,701.6044499999999,Profit,tt1655442,The Artist,"Comedy,Drama,Romance",7.9,217184,Drama
34,2011-11-25,The Artist,16000000,44667095,128256712,11,112256712,701.6044499999999,Profit,tt1655442,The Artist,"Comedy,Drama,Romance",7.9,217184,Romance
39,2011-02-04,The Roommate,16000000,37300107,52545707,2,36545707,228.41066875,Profit,tt1265990,The Roommate,"Drama,Thriller",4.9,33062,Drama
39,2011-02-04,The Roommate,16000000,37300107,52545707,2,36545707,228.41066875,Profit,tt1265990,The Roommate,"Drama,Thriller",4.9,33062,Thriller
51,2010-03-12,Remember Me,16000000,19068240,56506120,3,40506120,253.16325,Profit,tt1403981,Remember Me,"Drama,Romance",7.1,129443,Drama
51,2010-03-12,Remember Me,16000000,19068240,56506120,3,40506120,253.16325,Profit,tt1403981,Remember Me,"Drama,Romance",7.1,129443,Romance
57,2014-10-03,Left Behind,16000000,14019924,20769209,10,4769209,29.80755625,Profit,tt2467046,Left Behind,"Action,Drama,Fantasy",3.1,33515,Action
57,2014-10-03,Left Behind,16000000,14019924,20769209,10,4769209,29.80755625,Profit,tt2467046,Left Behind,"Action,Drama,Fantasy",3.1,33515,Drama
57,2014-10-03,Left Behind,16000000,14019924,20769209,10,4769209,29.80755625,Profit,tt2467046,Left Behind,"Action,Drama,Fantasy",3.1,33515,Fantasy
60,2012-06-29,People Like Us,16000000,12431792,12617472,6,-3382528,-21.140800000000002,Loss,tt1716777,People Like Us,"Comedy,Drama",7.1,39618,Comedy
60,2012-06-29,People Like Us,16000000,12431792,12617472,6,-3382528,-21.140800000000002,Loss,tt1716777,People Like Us,"Comedy,Drama",7.1,39618,Drama
65,2016-11-18,Bleed for This,16000000,5083906,6603926,11,-9396074,-58.725462500000006,Loss,tt1620935,Bleed for This,"Biography,Drama,Sport",6.8,21946,Biography
65,2016-11-18,Bleed for This,16000000,5083906,6603926,11,-9396074,-58.725462500000006,Loss,tt1620935,Bleed for This,"Biography,Drama,Sport",6.8,21946,Drama
65,2016-11-18,Bleed for This,16000000,5083906,6603926,11,-9396074,-58.725462500000006,Loss,tt1620935,Bleed for This,"Biography,Drama,Sport",6.8,21946,Sport
70,2014-11-14,The Homesman,16000000,2429989,8217571,11,-7782429,-48.64018125,Loss,tt2398231,The Homesman,"Drama,Western",6.6,27724,Drama
70,2014-11-14,The Homesman,16000000,2429989,8217571,11,-7782429,-48.64018125,Loss,tt2398231,The Homesman,"Drama,Western",6.6,27724,Western
71,2013-04-05,Trance,16000000,2322593,22594052,4,6594052,41.212824999999995,Profit,tt1924429,Trance,"Crime,Drama,Mystery",6.9,104951,Crime
71,2013-04-05,Trance,16000000,2322593,22594052,4,6594052,41.212824999999995,Profit,tt1924429,Trance,"Crime,Drama,Mystery",6.9,104951,Drama
71,2013-04-05,Trance,16000000,2322593,22594052,4,6594052,41.212824999999995,Profit,tt1924429,Trance,"Crime,Drama,Mystery",6.9,104951,Mystery
31,2012-12-31,Trance,950000,0,0,12,-950000,-100.0,Loss,tt1924429,Trance,"Crime,Drama,Mystery",6.9,104951,Crime
31,2012-12-31,Trance,950000,0,0,12,-950000,-100.0,Loss,tt1924429,Trance,"Crime,Drama,Mystery",6.9,104951,Drama
31,2012-12-31,Trance,950000,0,0,12,-950000,-100.0,Loss,tt1924429,Trance,"Crime,Drama,Mystery",6.9,104951,Mystery
72,2014-05-16,The Immigrant,16000000,2013456,7585011,5,-8414989,-52.59368125,Loss,tt1951181,The Immigrant,"Drama,Romance",6.6,26618,Drama
72,2014-05-16,The Immigrant,16000000,2013456,7585011,5,-8414989,-52.59368125,Loss,tt1951181,The Immigrant,"Drama,Romance",6.6,26618,Romance
79,2012-11-02,Vamps,16000000,3361,94812,11,-15905188,-99.407425,Loss,tt1545106,Vamps,"Comedy,Horror,Romance",5.2,8838,Comedy
79,2012-11-02,Vamps,16000000,3361,94812,11,-15905188,-99.407425,Loss,tt1545106,Vamps,"Comedy,Horror,Romance",5.2,8838,Horror
79,2012-11-02,Vamps,16000000,3361,94812,11,-15905188,-99.407425,Loss,tt1545106,Vamps,"Comedy,Horror,Romance",5.2,8838,Romance
82,2013-12-31,Zulu,16000000,0,1844228,12,-14155772,-88.47357500000001,Loss,tt2249221,Zulu,"Crime,Drama,Thriller",6.7,16607,Crime
82,2013-12-31,Zulu,16000000,0,1844228,12,-14155772,-88.47357500000001,Loss,tt2249221,Zulu,"Crime,Drama,Thriller",6.7,16607,Drama
82,2013-12-31,Zulu,16000000,0,1844228,12,-14155772,-88.47357500000001,Loss,tt2249221,Zulu,"Crime,Drama,Thriller",6.7,16607,Thriller
83,2018-12-21,Second Act,15700000,39282227,63288854,12,47588854,303.11371974522297,Profit,tt2126357,Second Act,"Comedy,Drama,Romance",5.8,13109,Comedy
83,2018-12-21,Second Act,15700000,39282227,63288854,12,47588854,303.11371974522297,Profit,tt2126357,Second Act,"Comedy,Drama,Romance",5.8,13109,Drama
83,2018-12-21,Second Act,15700000,39282227,63288854,12,47588854,303.11371974522297,Profit,tt2126357,Second Act,"Comedy,Drama,Romance",5.8,13109,Romance
2,2017-08-11,Annabelle: Creation,15000000,102092201,305384865,8,290384865,1935.8990999999999,Profit,tt5140878,Annabelle: Creation,"Horror,Mystery,Thriller",6.5,90402,Horror
2,2017-08-11,Annabelle: Creation,15000000,102092201,305384865,8,290384865,1935.8990999999999,Profit,tt5140878,Annabelle: Creation,"Horror,Mystery,Thriller",6.5,90402,Mystery
2,2017-08-11,Annabelle: Creation,15000000,102092201,305384865,8,290384865,1935.8990999999999,Profit,tt5140878,Annabelle: Creation,"Horror,Mystery,Thriller",6.5,90402,Thriller
6,2014-11-28,The Imitation Game,15000000,91125143,227740463,11,212740463,1418.2697533333335,Profit,tt2084970,The Imitation Game,"Biography,Drama,Thriller",8.0,620834,Biography
6,2014-11-28,The Imitation Game,15000000,91125143,227740463,11,212740463,1418.2697533333335,Profit,tt2084970,The Imitation Game,"Biography,Drama,Thriller",8.0,620834,Drama
6,2014-11-28,The Imitation Game,15000000,91125143,227740463,11,212740463,1418.2697533333335,Profit,tt2084970,The Imitation Game,"Biography,Drama,Thriller",8.0,620834,Thriller
9,2013-01-18,Mama,15000000,71628180,148095566,1,133095566,887.3037733333333,Profit,tt2023587,Mama,"Horror,Thriller",6.2,158487,Horror
9,2013-01-18,Mama,15000000,71628180,148095566,1,133095566,887.3037733333333,Profit,tt2023587,Mama,"Horror,Thriller",6.2,158487,Thriller
13,2010-03-19,Diary of a Wimpy Kid,15000000,64003625,76954311,3,61954311,413.02874,Profit,tt1196141,Diary of a Wimpy Kid,"Comedy,Drama,Family",6.2,38640,Comedy
13,2010-03-19,Diary of a Wimpy Kid,15000000,64003625,76954311,3,61954311,413.02874,Profit,tt1196141,Diary of a Wimpy Kid,"Comedy,Drama,Family",6.2,38640,Drama
13,2010-03-19,Diary of a Wimpy Kid,15000000,64003625,76954311,3,61954311,413.02874,Profit,tt1196141,Diary of a Wimpy Kid,"Comedy,Drama,Family",6.2,38640,Family
18,2012-02-03,The Woman in Black,15000000,54333290,128955898,2,113955898,759.7059866666667,Profit,tt1596365,The Woman in Black,"Drama,Fantasy,Horror",6.4,165357,Drama
18,2012-02-03,The Woman in Black,15000000,54333290,128955898,2,113955898,759.7059866666667,Profit,tt1596365,The Woman in Black,"Drama,Fantasy,Horror",6.4,165357,Fantasy
18,2012-02-03,The Woman in Black,15000000,54333290,128955898,2,113955898,759.7059866666667,Profit,tt1596365,The Woman in Black,"Drama,Fantasy,Horror",6.4,165357,Horror
21,2018-08-10,BlacKkKlansman,15000000,49275340,93017335,8,78017335,520.1155666666667,Profit,tt7349662,BlacKkKlansman,"Biography,Crime,Drama",7.5,149005,Biography
21,2018-08-10,BlacKkKlansman,15000000,49275340,93017335,8,78017335,520.1155666666667,Profit,tt7349662,BlacKkKlansman,"Biography,Crime,Drama",7.5,149005,Crime
21,2018-08-10,BlacKkKlansman,15000000,49275340,93017335,8,78017335,520.1155666666667,Profit,tt7349662,BlacKkKlansman,"Biography,Crime,Drama",7.5,149005,Drama
26,2013-02-22,Snitch,15000000,42930462,57907734,2,42907734,286.05156,Profit,tt0882977,Snitch,"Action,Drama,Thriller",6.5,78142,Action
26,2013-02-22,Snitch,15000000,42930462,57907734,2,42907734,286.05156,Profit,tt0882977,Snitch,"Action,Drama,Thriller",6.5,78142,Drama
26,2013-02-22,Snitch,15000000,42930462,57907734,2,42907734,286.05156,Profit,tt0882977,Snitch,"Action,Drama,Thriller",6.5,78142,Thriller
52,2012-12-31,Snitch,850000,0,0,12,-850000,-100.0,Loss,tt0882977,Snitch,"Action,Drama,Thriller",6.5,78142,Action
52,2012-12-31,Snitch,850000,0,0,12,-850000,-100.0,Loss,tt0882977,Snitch,"Action,Drama,Thriller",6.5,78142,Drama
52,2012-12-31,Snitch,850000,0,0,12,-850000,-100.0,Loss,tt0882977,Snitch,"Action,Drama,Thriller",6.5,78142,Thriller
28,2015-12-04,Krampus,15000000,42725475,61788393,12,46788393,311.92262,Profit,tt3850590,Krampus,"Comedy,Fantasy,Horror",6.2,55400,Comedy
28,2015-12-04,Krampus,15000000,42725475,61788393,12,46788393,311.92262,Profit,tt3850590,Krampus,"Comedy,Fantasy,Horror",6.2,55400,Fantasy
28,2015-12-04,Krampus,15000000,42725475,61788393,12,46788393,311.92262,Profit,tt3850590,Krampus,"Comedy,Fantasy,Horror",6.2,55400,Horror
29,2012-09-21,End of Watch,15000000,41003371,57586606,9,42586606,283.91070666666667,Profit,tt1855199,End of Watch,"Action,Crime,Drama",7.6,211308,Action
29,2012-09-21,End of Watch,15000000,41003371,57586606,9,42586606,283.91070666666667,Profit,tt1855199,End of Watch,"Action,Crime,Drama",7.6,211308,Crime
29,2012-09-21,End of Watch,15000000,41003371,57586606,9,42586606,283.91070666666667,Profit,tt1855199,End of Watch,"Action,Crime,Drama",7.6,211308,Drama
33,2014-12-03,Wild,15000000,37880356,52460543,12,37460543,249.73695333333333,Profit,tt2305051,Wild,"Adventure,Biography,Drama",7.1,110138,Adventure
33,2014-12-03,Wild,15000000,37880356,52460543,12,37460543,249.73695333333333,Profit,tt2305051,Wild,"Adventure,Biography,Drama",7.1,110138,Biography
33,2014-12-03,Wild,15000000,37880356,52460543,12,37460543,249.73695333333333,Profit,tt2305051,Wild,"Adventure,Biography,Drama",7.1,110138,Drama
35,2014-11-07,The Theory of Everything,15000000,35893537,123327692,11,108327692,722.1846133333333,Profit,tt2980516,The Theory of Everything,"Biography,Drama,Romance",7.7,361534,Biography
35,2014-11-07,The Theory of Everything,15000000,35893537,123327692,11,108327692,722.1846133333333,Profit,tt2980516,The Theory of Everything,"Biography,Drama,Romance",7.7,361534,Drama
35,2014-11-07,The Theory of Everything,15000000,35893537,123327692,11,108327692,722.1846133333333,Profit,tt2980516,The Theory of Everything,"Biography,Drama,Romance",7.7,361534,Romance
36,2011-09-16,Drive,15000000,35060689,81357930,9,66357930,442.3862,Profit,tt0780504,Drive,"Crime,Drama",7.8,521495,Crime
36,2011-09-16,Drive,15000000,35060689,81357930,9,66357930,442.3862,Profit,tt0780504,Drive,"Crime,Drama",7.8,521495,Drama
39,2018-11-23,The Favourite,15000000,34366783,94113929,11,79113929,527.4261933333333,Profit,tt5083738,The Favourite,"Biography,Drama,History",7.6,116011,Biography
39,2018-11-23,The Favourite,15000000,34366783,94113929,11,79113929,527.4261933333333,Profit,tt5083738,The Favourite,"Biography,Drama,History",7.6,116011,Drama
39,2018-11-23,The Favourite,15000000,34366783,94113929,11,79113929,527.4261933333333,Profit,tt5083738,The Favourite,"Biography,Drama,History",7.6,116011,History
50,2014-08-22,When the Game Stands Tall,15000000,30127963,30138912,8,15138912,100.92608000000001,Profit,tt2247476,When the Game Stands Tall,"Drama,Family,Sport",6.7,14498,Drama
50,2014-08-22,When the Game Stands Tall,15000000,30127963,30138912,8,15138912,100.92608000000001,Profit,tt2247476,When the Game Stands Tall,"Drama,Family,Sport",6.7,14498,Family
50,2014-08-22,When the Game Stands Tall,15000000,30127963,30138912,8,15138912,100.92608000000001,Profit,tt2247476,When the Game Stands Tall,"Drama,Family,Sport",6.7,14498,Sport
57,2017-09-08,Home Again,15000000,27020284,37336874,9,22336874,148.91249333333334,Profit,tt5719700,Home Again,"Comedy,Drama,Romance",5.8,22614,Comedy
57,2017-09-08,Home Again,15000000,27020284,37336874,9,22336874,148.91249333333334,Profit,tt5719700,Home Again,"Comedy,Drama,Romance",5.8,22614,Drama
57,2017-09-08,Home Again,15000000,27020284,37336874,9,22336874,148.91249333333334,Profit,tt5719700,Home Again,"Comedy,Drama,Romance",5.8,22614,Romance
60,2010-07-23,Ramona and Beezus,15000000,26167002,27469621,7,12469621,83.13080666666667,Profit,tt0493949,Ramona and Beezus,"Adventure,Comedy,Family",6.6,16086,Adventure
60,2010-07-23,Ramona and Beezus,15000000,26167002,27469621,7,12469621,83.13080666666667,Profit,tt0493949,Ramona and Beezus,"Adventure,Comedy,Family",6.6,16086,Comedy
60,2010-07-23,Ramona and Beezus,15000000,26167002,27469621,7,12469621,83.13080666666667,Profit,tt0493949,Ramona and Beezus,"Adventure,Comedy,Family",6.6,16086,Family
61,2014-08-27,The November Man,15000000,25018119,34820335,8,19820335,132.13556666666665,Profit,tt2402157,The November Man,"Action,Crime,Thriller",6.3,59293,Action
61,2014-08-27,The November Man,15000000,25018119,34820335,8,19820335,132.13556666666665,Profit,tt2402157,The November Man,"Action,Crime,Thriller",6.3,59293,Crime
61,2014-08-27,The November Man,15000000,25018119,34820335,8,19820335,132.13556666666665,Profit,tt2402157,The November Man,"Action,Crime,Thriller",6.3,59293,Thriller
67,2013-03-29,The Place Beyond the Pines,15000000,21403519,47011449,3,32011449,213.40966,Profit,tt1817273,The Place Beyond the Pines,"Crime,Drama,Thriller",7.3,226765,Crime
67,2013-03-29,The Place Beyond the Pines,15000000,21403519,47011449,3,32011449,213.40966,Profit,tt1817273,The Place Beyond the Pines,"Crime,Drama,Thriller",7.3,226765,Drama
67,2013-03-29,The Place Beyond the Pines,15000000,21403519,47011449,3,32011449,213.40966,Profit,tt1817273,The Place Beyond the Pines,"Crime,Drama,Thriller",7.3,226765,Thriller
70,2016-04-29,Keanu,15000000,20591853,20688141,4,5688141,37.920939999999995,Profit,tt4139124,Keanu,"Action,Comedy,Crime",6.3,41560,Action
70,2016-04-29,Keanu,15000000,20591853,20688141,4,5688141,37.920939999999995,Profit,tt4139124,Keanu,"Action,Comedy,Crime",6.3,41560,Comedy
70,2016-04-29,Keanu,15000000,20591853,20688141,4,5688141,37.920939999999995,Profit,tt4139124,Keanu,"Action,Comedy,Crime",6.3,41560,Crime
71,2010-12-22,Country Strong,15000000,20218921,20601987,12,5601987,37.34658,Profit,tt1555064,Country Strong,"Drama,Music",6.3,16296,Drama
71,2010-12-22,Country Strong,15000000,20218921,20601987,12,5601987,37.34658,Profit,tt1555064,Country Strong,"Drama,Music",6.3,16296,Music
76,2014-07-25,A Most Wanted Man,15000000,17237855,36068890,7,21068890,140.45926666666665,Profit,tt1972571,A Most Wanted Man,"Crime,Drama,Thriller",6.8,67914,Crime
76,2014-07-25,A Most Wanted Man,15000000,17237855,36068890,7,21068890,140.45926666666665,Profit,tt1972571,A Most Wanted Man,"Crime,Drama,Thriller",6.8,67914,Drama
76,2014-07-25,A Most Wanted Man,15000000,17237855,36068890,7,21068890,140.45926666666665,Profit,tt1972571,A Most Wanted Man,"Crime,Drama,Thriller",6.8,67914,Thriller
79,2012-11-02,The Man with the Iron Fists,15000000,15634090,22018988,11,7018988,46.79325333333333,Profit,tt1258972,The Man with the Iron Fists,Action,5.4,58185,Action
81,2019-02-01,Miss Bala,15000000,14998027,15362298,2,362298,2.41532,Profit,tt1911600,Miss Bala,"Crime,Drama,Thriller",6.5,8092,Crime
81,2019-02-01,Miss Bala,15000000,14998027,15362298,2,362298,2.41532,Profit,tt1911600,Miss Bala,"Crime,Drama,Thriller",6.5,8092,Drama
81,2019-02-01,Miss Bala,15000000,14998027,15362298,2,362298,2.41532,Profit,tt1911600,Miss Bala,"Crime,Drama,Thriller",6.5,8092,Thriller
82,2012-11-30,Killing Them Softly,15000000,14945541,39238443,11,24238443,161.58962,Profit,tt1764234,Killing Them Softly,"Crime,Thriller",6.2,124086,Crime
82,2012-11-30,Killing Them Softly,15000000,14945541,39238443,11,24238443,161.58962,Profit,tt1764234,Killing Them Softly,"Crime,Thriller",6.2,124086,Thriller
84,2011-08-19,One Day,15000000,13843771,59168692,8,44168692,294.45794666666666,Profit,tt1563738,One Day,"Drama,Romance",7.0,128094,Drama
84,2011-08-19,One Day,15000000,13843771,59168692,8,44168692,294.45794666666666,Profit,tt1563738,One Day,"Drama,Romance",7.0,128094,Romance
90,2017-01-20,The Founder,15000000,12786053,24403192,1,9403192,62.68794666666667,Profit,tt4276820,The Founder,"Biography,Drama,History",7.2,97841,Biography
90,2017-01-20,The Founder,15000000,12786053,24403192,1,9403192,62.68794666666667,Profit,tt4276820,The Founder,"Biography,Drama,History",7.2,97841,Drama
90,2017-01-20,The Founder,15000000,12786053,24403192,1,9403192,62.68794666666667,Profit,tt4276820,The Founder,"Biography,Drama,History",7.2,97841,History
6,2016-09-23,Queen of Katwe,15000000,8874389,10055481,9,-4944519,-32.96346,Loss,tt4341582,Queen of Katwe,"Biography,Drama,Sport",7.4,13039,Biography
6,2016-09-23,Queen of Katwe,15000000,8874389,10055481,9,-4944519,-32.96346,Loss,tt4341582,Queen of Katwe,"Biography,Drama,Sport",7.4,13039,Drama
6,2016-09-23,Queen of Katwe,15000000,8874389,10055481,9,-4944519,-32.96346,Loss,tt4341582,Queen of Katwe,"Biography,Drama,Sport",7.4,13039,Sport
13,2013-01-04,Promised Land,15000000,7597898,12394562,1,-2605438,-17.369586666666667,Loss,tt2091473,Promised Land,Drama,6.6,34659,Drama
15,2018-06-08,Hotel Artemis,15000000,6708137,12758799,6,-2241201,-14.94134,Loss,tt5834262,Hotel Artemis,"Action,Drama,Sci-Fi",6.1,30586,Action
15,2018-06-08,Hotel Artemis,15000000,6708137,12758799,6,-2241201,-14.94134,Loss,tt5834262,Hotel Artemis,"Action,Drama,Sci-Fi",6.1,30586,Drama
15,2018-06-08,Hotel Artemis,15000000,6708137,12758799,6,-2241201,-14.94134,Loss,tt5834262,Hotel Artemis,"Action,Drama,Sci-Fi",6.1,30586,Sci-Fi
25,2015-10-30,Scouts Guide to the Zombie Apocalypse,15000000,3703046,15554855,10,554855,3.6990333333333334,Profit,tt1727776,Scouts Guide to the Zombie Apocalypse,"Action,Comedy,Horror",6.3,40479,Action
25,2015-10-30,Scouts Guide to the Zombie Apocalypse,15000000,3703046,15554855,10,554855,3.6990333333333334,Profit,tt1727776,Scouts Guide to the Zombie Apocalypse,"Action,Comedy,Horror",6.3,40479,Comedy
25,2015-10-30,Scouts Guide to the Zombie Apocalypse,15000000,3703046,15554855,10,554855,3.6990333333333334,Profit,tt1727776,Scouts Guide to the Zombie Apocalypse,"Action,Comedy,Horror",6.3,40479,Horror
27,2010-09-22,You Will Meet a Tall Dark Stranger,15000000,3247816,34247816,9,19247816,128.31877333333333,Profit,tt1182350,You Will Meet a Tall Dark Stranger,"Comedy,Drama,Romance",6.3,41608,Comedy
27,2010-09-22,You Will Meet a Tall Dark Stranger,15000000,3247816,34247816,9,19247816,128.31877333333333,Profit,tt1182350,You Will Meet a Tall Dark Stranger,"Comedy,Drama,Romance",6.3,41608,Drama
27,2010-09-22,You Will Meet a Tall Dark Stranger,15000000,3247816,34247816,9,19247816,128.31877333333333,Profit,tt1182350,You Will Meet a Tall Dark Stranger,"Comedy,Drama,Romance",6.3,41608,Romance
28,2015-10-23,Rock the Kasbah,15000000,3020665,3386153,10,-11613847,-77.42564666666667,Loss,tt3164256,Rock the Kasbah,"Comedy,Music,War",5.5,9587,Comedy
28,2015-10-23,Rock the Kasbah,15000000,3020665,3386153,10,-11613847,-77.42564666666667,Loss,tt3164256,Rock the Kasbah,"Comedy,Music,War",5.5,9587,Music
28,2015-10-23,Rock the Kasbah,15000000,3020665,3386153,10,-11613847,-77.42564666666667,Loss,tt3164256,Rock the Kasbah,"Comedy,Music,War",5.5,9587,War
29,2010-09-15,Never Let Me Go,15000000,2434652,11173718,9,-3826282,-25.508546666666664,Loss,tt1334260,Never Let Me Go,"Drama,Romance,Sci-Fi",7.1,130084,Drama
29,2010-09-15,Never Let Me Go,15000000,2434652,11173718,9,-3826282,-25.508546666666664,Loss,tt1334260,Never Let Me Go,"Drama,Romance,Sci-Fi",7.1,130084,Romance
29,2010-09-15,Never Let Me Go,15000000,2434652,11173718,9,-3826282,-25.508546666666664,Loss,tt1334260,Never Let Me Go,"Drama,Romance,Sci-Fi",7.1,130084,Sci-Fi
30,2016-09-09,The Disappointments Room,15000000,2423467,3503761,9,-11496239,-76.64159333333333,Loss,tt2364897,The Disappointments Room,"Drama,Horror,Thriller",3.9,8167,Drama
30,2016-09-09,The Disappointments Room,15000000,2423467,3503761,9,-11496239,-76.64159333333333,Loss,tt2364897,The Disappointments Room,"Drama,Horror,Thriller",3.9,8167,Horror
30,2016-09-09,The Disappointments Room,15000000,2423467,3503761,9,-11496239,-76.64159333333333,Loss,tt2364897,The Disappointments Room,"Drama,Horror,Thriller",3.9,8167,Thriller
35,2017-02-03,The Comedian,15000000,1658706,1658706,2,-13341294,-88.94196,Loss,tt1967614,The Comedian,Comedy,5.7,5875,Comedy
42,2013-04-26,The Reluctant Fundamentalist,15000000,528731,528731,4,-14471269,-96.47512666666667,Loss,tt2032557,The Reluctant Fundamentalist,"Drama,Thriller",6.9,12511,Drama
42,2013-04-26,The Reluctant Fundamentalist,15000000,528731,528731,4,-14471269,-96.47512666666667,Loss,tt2032557,The Reluctant Fundamentalist,"Drama,Thriller",6.9,12511,Thriller
46,2010-08-27,Centurion,15000000,123570,7885048,8,-7114952,-47.433013333333335,Loss,tt1020558,Centurion,"Action,Adventure,Drama",6.4,74085,Action
46,2010-08-27,Centurion,15000000,123570,7885048,8,-7114952,-47.433013333333335,Loss,tt1020558,Centurion,"Action,Adventure,Drama",6.4,74085,Adventure
46,2010-08-27,Centurion,15000000,123570,7885048,8,-7114952,-47.433013333333335,Loss,tt1020558,Centurion,"Action,Adventure,Drama",6.4,74085,Drama
50,2013-09-06,Winnie Mandela,15000000,61847,61847,9,-14938153,-99.58768666666667,Loss,tt1551641,Winnie Mandela,"Biography,Drama,History",6.0,695,Biography
50,2013-09-06,Winnie Mandela,15000000,61847,61847,9,-14938153,-99.58768666666667,Loss,tt1551641,Winnie Mandela,"Biography,Drama,History",6.0,695,Drama
50,2013-09-06,Winnie Mandela,15000000,61847,61847,9,-14938153,-99.58768666666667,Loss,tt1551641,Winnie Mandela,"Biography,Drama,History",6.0,695,History
51,2011-11-04,The Son of No One,15000000,30680,1148578,11,-13851422,-92.34281333333332,Loss,tt1535612,The Son of No One,"Action,Crime,Drama",5.1,15743,Action
51,2011-11-04,The Son of No One,15000000,30680,1148578,11,-13851422,-92.34281333333332,Loss,tt1535612,The Son of No One,"Action,Crime,Drama",5.1,15743,Crime
51,2011-11-04,The Son of No One,15000000,30680,1148578,11,-13851422,-92.34281333333332,Loss,tt1535612,The Son of No One,"Action,Crime,Drama",5.1,15743,Drama
54,2013-12-06,Khumba,15000000,0,20898221,12,5898221,39.32147333333334,Profit,tt1487931,Khumba,"Adventure,Animation,Family",5.7,4984,Adventure
54,2013-12-06,Khumba,15000000,0,20898221,12,5898221,39.32147333333334,Profit,tt1487931,Khumba,"Adventure,Animation,Family",5.7,4984,Animation
54,2013-12-06,Khumba,15000000,0,20898221,12,5898221,39.32147333333334,Profit,tt1487931,Khumba,"Adventure,Animation,Family",5.7,4984,Family
55,2015-05-05,A Few Best Men,15000000,0,17224539,5,2224539,14.83026,Profit,tt1640711,A Few Best Men,"Comedy,Romance",5.7,12069,Comedy
55,2015-05-05,A Few Best Men,15000000,0,17224539,5,2224539,14.83026,Profit,tt1640711,A Few Best Men,"Comedy,Romance",5.7,12069,Romance
61,2017-02-17,In Dubious Battle,15000000,0,214182,2,-14785818,-98.57212,Loss,tt4411618,In Dubious Battle,Drama,6.1,3189,Drama
62,2015-09-01,Broken Horses,15000000,0,3471,9,-14996529,-99.97686,Loss,tt2503954,Broken Horses,"Action,Crime,Drama",5.7,1957,Action
62,2015-09-01,Broken Horses,15000000,0,3471,9,-14996529,-99.97686,Loss,tt2503954,Broken Horses,"Action,Crime,Drama",5.7,1957,Crime
62,2015-09-01,Broken Horses,15000000,0,3471,9,-14996529,-99.97686,Loss,tt2503954,Broken Horses,"Action,Crime,Drama",5.7,1957,Drama
64,2019-08-14,Blinded by the Light,15000000,0,0,8,-15000000,-100.0,Loss,tt8266310,Blinded by the Light,"Biography,Comedy,Drama",6.2,173,Biography
64,2019-08-14,Blinded by the Light,15000000,0,0,8,-15000000,-100.0,Loss,tt8266310,Blinded by the Light,"Biography,Comedy,Drama",6.2,173,Comedy
64,2019-08-14,Blinded by the Light,15000000,0,0,8,-15000000,-100.0,Loss,tt8266310,Blinded by the Light,"Biography,Comedy,Drama",6.2,173,Drama
66,2015-07-01,Magic Mike XXL,14500000,66013057,123660597,7,109160597,752.8317034482758,Profit,tt2268016,Magic Mike XXL,"Comedy,Drama,Music",5.6,48497,Comedy
66,2015-07-01,Magic Mike XXL,14500000,66013057,123660597,7,109160597,752.8317034482758,Profit,tt2268016,Magic Mike XXL,"Comedy,Drama,Music",5.6,48497,Drama
66,2015-07-01,Magic Mike XXL,14500000,66013057,123660597,7,109160597,752.8317034482758,Profit,tt2268016,Magic Mike XXL,"Comedy,Drama,Music",5.6,48497,Music
69,2015-06-05,Freedom,14500000,0,872757,6,-13627243,-93.98098620689656,Loss,tt2584018,Freedom,"Drama,Music",6.2,1371,Drama
69,2015-06-05,Freedom,14500000,0,872757,6,-13627243,-93.98098620689656,Loss,tt2584018,Freedom,"Drama,Music",6.2,1371,Music
81,2012-08-31,The Possession,14000000,49130588,82925064,8,68925064,492.32188571428577,Profit,tt0431021,The Possession,"Horror,Mystery,Thriller",5.9,53649,Horror
81,2012-08-31,The Possession,14000000,49130588,82925064,8,68925064,492.32188571428577,Profit,tt0431021,The Possession,"Horror,Mystery,Thriller",5.9,53649,Mystery
81,2012-08-31,The Possession,14000000,49130588,82925064,8,68925064,492.32188571428577,Profit,tt0431021,The Possession,"Horror,Mystery,Thriller",5.9,53649,Thriller
90,2012-01-13,The Iron Lady,14000000,29959436,115592104,1,101592104,725.6578857142857,Profit,tt1007029,The Iron Lady,"Biography,Drama",6.4,96066,Biography
90,2012-01-13,The Iron Lady,14000000,29959436,115592104,1,101592104,725.6578857142857,Profit,tt1007029,The Iron Lady,"Biography,Drama",6.4,96066,Drama
95,2010-03-12,Our Family Wedding,14000000,20255281,21410546,3,7410546,52.932471428571425,Profit,tt1305583,Our Family Wedding,"Comedy,Romance",4.9,6417,Comedy
95,2010-03-12,Our Family Wedding,14000000,20255281,21410546,3,7410546,52.932471428571425,Profit,tt1305583,Our Family Wedding,"Comedy,Romance",4.9,6417,Romance
7,2015-02-20,Hot Tub Time Machine 2,14000000,12314651,12826644,2,-1173356,-8.381114285714286,Loss,tt2637294,Hot Tub Time Machine 2,"Comedy,Mystery,Sci-Fi",5.1,34444,Comedy
7,2015-02-20,Hot Tub Time Machine 2,14000000,12314651,12826644,2,-1173356,-8.381114285714286,Loss,tt2637294,Hot Tub Time Machine 2,"Comedy,Mystery,Sci-Fi",5.1,34444,Mystery
7,2015-02-20,Hot Tub Time Machine 2,14000000,12314651,12826644,2,-1173356,-8.381114285714286,Loss,tt2637294,Hot Tub Time Machine 2,"Comedy,Mystery,Sci-Fi",5.1,34444,Sci-Fi
10,2012-10-26,Fun Size,14000000,9409538,11166615,10,-2833385,-20.238464285714286,Loss,tt1663143,Fun Size,"Adventure,Comedy",5.4,12926,Adventure
10,2012-10-26,Fun Size,14000000,9409538,11166615,10,-2833385,-20.238464285714286,Loss,tt1663143,Fun Size,"Adventure,Comedy",5.4,12926,Comedy
16,2015-10-23,Suffragette,14000000,4702420,34044909,10,20044909,143.1779214285714,Profit,tt3077214,Suffragette,"Biography,Drama,History",6.9,34306,Biography
16,2015-10-23,Suffragette,14000000,4702420,34044909,10,20044909,143.1779214285714,Profit,tt3077214,Suffragette,"Biography,Drama,History",6.9,34306,Drama
16,2015-10-23,Suffragette,14000000,4702420,34044909,10,20044909,143.1779214285714,Profit,tt3077214,Suffragette,"Biography,Drama,History",6.9,34306,History
18,2014-12-19,Mr. Turner,14000000,3958546,25187026,12,11187026,79.90732857142856,Profit,tt2473794,Mr. Turner,"Biography,Drama,History",6.8,22661,Biography
18,2014-12-19,Mr. Turner,14000000,3958546,25187026,12,11187026,79.90732857142856,Profit,tt2473794,Mr. Turner,"Biography,Drama,History",6.8,22661,Drama
18,2014-12-19,Mr. Turner,14000000,3958546,25187026,12,11187026,79.90732857142856,Profit,tt2473794,Mr. Turner,"Biography,Drama,History",6.8,22661,History
22,2010-08-06,Flipped,14000000,1755212,4289993,8,-9710007,-69.35719285714286,Loss,tt0817177,Flipped,"Comedy,Drama,Romance",7.7,74937,Comedy
22,2010-08-06,Flipped,14000000,1755212,4289993,8,-9710007,-69.35719285714286,Loss,tt0817177,Flipped,"Comedy,Drama,Romance",7.7,74937,Drama
22,2010-08-06,Flipped,14000000,1755212,4289993,8,-9710007,-69.35719285714286,Loss,tt0817177,Flipped,"Comedy,Drama,Romance",7.7,74937,Romance
27,2011-09-30,Margaret,14000000,47185,623292,9,-13376708,-95.54791428571428,Loss,tt0466893,Margaret,Drama,6.5,14708,Drama
28,2016-11-01,Reign of Assassins,14000000,0,11354230,11,-2645770,-18.89835714285714,Loss,tt1460743,Reign of Assassins,"Action,Adventure",6.9,6990,Action
28,2016-11-01,Reign of Assassins,14000000,0,11354230,11,-2645770,-18.89835714285714,Loss,tt1460743,Reign of Assassins,"Action,Adventure",6.9,6990,Adventure
36,2012-10-12,Seven Psychopaths,13500000,15024049,33035736,10,19535736,144.70915555555555,Profit,tt1931533,Seven Psychopaths,"Comedy,Crime",7.2,223493,Comedy
36,2012-10-12,Seven Psychopaths,13500000,15024049,33035736,10,19535736,144.70915555555555,Profit,tt1931533,Seven Psychopaths,"Comedy,Crime",7.2,223493,Crime
41,2011-04-01,The Last Godfather,13400000,164247,164247,4,-13235753,-98.77427611940298,Loss,tt1584131,The Last Godfather,"Comedy,Crime,Romance",3.7,1071,Comedy
41,2011-04-01,The Last Godfather,13400000,164247,164247,4,-13235753,-98.77427611940298,Loss,tt1584131,The Last Godfather,"Comedy,Crime,Romance",3.7,1071,Crime
41,2011-04-01,The Last Godfather,13400000,164247,164247,4,-13235753,-98.77427611940298,Loss,tt1584131,The Last Godfather,"Comedy,Crime,Romance",3.7,1071,Romance
42,2014-04-04,Under the Skin,13300000,2614251,7229933,4,-6070067,-45.639601503759394,Loss,tt1441395,Under the Skin,"Drama,Horror,Sci-Fi",6.3,113196,Drama
42,2014-04-04,Under the Skin,13300000,2614251,7229933,4,-6070067,-45.639601503759394,Loss,tt1441395,Under the Skin,"Drama,Horror,Sci-Fi",6.3,113196,Horror
42,2014-04-04,Under the Skin,13300000,2614251,7229933,4,-6070067,-45.639601503759394,Loss,tt1441395,Under the Skin,"Drama,Horror,Sci-Fi",6.3,113196,Sci-Fi
44,2014-09-12,No Good Deed,13200000,52543632,54323210,9,41123210,311.53946969696966,Profit,tt2011159,No Good Deed,"Action,Crime,Drama",5.6,16045,Action
44,2014-09-12,No Good Deed,13200000,52543632,54323210,9,41123210,311.53946969696966,Profit,tt2011159,No Good Deed,"Action,Crime,Drama",5.6,16045,Crime
44,2014-09-12,No Good Deed,13200000,52543632,54323210,9,41123210,311.53946969696966,Profit,tt2011159,No Good Deed,"Action,Crime,Drama",5.6,16045,Drama
46,2010-12-03,Black Swan,13000000,106954678,331266710,12,318266710,2448.205461538462,Profit,tt0947798,Black Swan,"Drama,Thriller",8.0,648854,Drama
46,2010-12-03,Black Swan,13000000,106954678,331266710,12,318266710,2448.205461538462,Profit,tt0947798,Black Swan,"Drama,Thriller",8.0,648854,Thriller
48,2011-02-11,Justin Bieber: Never Say Never,13000000,73013910,99034125,2,86034125,661.8009615384615,Profit,tt1702443,Justin Bieber: Never Say Never,"Documentary,Music",1.6,74978,Documentary
48,2011-02-11,Justin Bieber: Never Say Never,13000000,73013910,99034125,2,86034125,661.8009615384615,Profit,tt1702443,Justin Bieber: Never Say Never,"Documentary,Music",1.6,74978,Music
49,2018-07-04,The First Purge,13000000,69488745,136617305,7,123617305,950.9023461538461,Profit,tt6133466,The First Purge,"Action,Horror,Sci-Fi",5.1,41741,Action
49,2018-07-04,The First Purge,13000000,69488745,136617305,7,123617305,950.9023461538461,Profit,tt6133466,The First Purge,"Action,Horror,Sci-Fi",5.1,41741,Horror
49,2018-07-04,The First Purge,13000000,69488745,136617305,7,123617305,950.9023461538461,Profit,tt6133466,The First Purge,"Action,Horror,Sci-Fi",5.1,41741,Sci-Fi
50,2016-03-16,Miracles from Heaven,13000000,61705123,73798736,3,60798736,467.68258461538466,Profit,tt4257926,Miracles from Heaven,"Biography,Drama,Family",7.1,17734,Biography
50,2016-03-16,Miracles from Heaven,13000000,61705123,73798736,3,60798736,467.68258461538466,Profit,tt4257926,Miracles from Heaven,"Biography,Drama,Family",7.1,17734,Drama
50,2016-03-16,Miracles from Heaven,13000000,61705123,73798736,3,60798736,467.68258461538466,Profit,tt4257926,Miracles from Heaven,"Biography,Drama,Family",7.1,17734,Family
54,2016-06-24,The Shallows,13000000,55121623,118763442,6,105763442,813.5649384615384,Profit,tt4052882,The Shallows,"Drama,Horror,Thriller",6.3,106927,Drama
54,2016-06-24,The Shallows,13000000,55121623,118763442,6,105763442,813.5649384615384,Profit,tt4052882,The Shallows,"Drama,Horror,Thriller",6.3,106927,Horror
54,2016-06-24,The Shallows,13000000,55121623,118763442,6,105763442,813.5649384615384,Profit,tt4052882,The Shallows,"Drama,Horror,Thriller",6.3,106927,Thriller
58,2014-02-14,About Last Night,13000000,48637684,50445860,2,37445860,288.0450769230769,Profit,tt1826590,About Last Night,"Comedy,Romance",6.1,21078,Comedy
58,2014-02-14,About Last Night,13000000,48637684,50445860,2,37445860,288.0450769230769,Profit,tt1826590,About Last Night,"Comedy,Romance",6.1,21078,Romance
61,2014-10-10,St. Vincent,13000000,44137712,54837234,10,41837234,321.82487692307694,Profit,tt2170593,St. Vincent,"Comedy,Drama",7.3,89372,Comedy
61,2014-10-10,St. Vincent,13000000,44137712,54837234,10,41837234,321.82487692307694,Profit,tt2170593,St. Vincent,"Comedy,Drama",7.3,89372,Drama
62,2014-07-02,Earth to Echo,13000000,38934842,42174545,7,29174545,224.41957692307693,Profit,tt2183034,Earth to Echo,"Adventure,Family,Sci-Fi",5.8,17627,Adventure
62,2014-07-02,Earth to Echo,13000000,38934842,42174545,7,29174545,224.41957692307693,Profit,tt2183034,Earth to Echo,"Adventure,Family,Sci-Fi",5.8,17627,Family
62,2014-07-02,Earth to Echo,13000000,38934842,42174545,7,29174545,224.41957692307693,Profit,tt2183034,Earth to Echo,"Adventure,Family,Sci-Fi",5.8,17627,Sci-Fi
72,2015-04-10,Ex Machina,13000000,25440971,38358392,4,25358392,195.06455384615384,Profit,tt0470752,Ex Machina,"Drama,Mystery,Sci-Fi",7.7,424542,Drama
72,2015-04-10,Ex Machina,13000000,25440971,38358392,4,25358392,195.06455384615384,Profit,tt0470752,Ex Machina,"Drama,Mystery,Sci-Fi",7.7,424542,Mystery
72,2015-04-10,Ex Machina,13000000,25440971,38358392,4,25358392,195.06455384615384,Profit,tt0470752,Ex Machina,"Drama,Mystery,Sci-Fi",7.7,424542,Sci-Fi
75,2016-03-11,Eye in the Sky,13000000,18704596,35402802,3,22402802,172.32924615384616,Profit,tt2057392,Eye in the Sky,"Drama,Thriller,War",7.3,72301,Drama
75,2016-03-11,Eye in the Sky,13000000,18704596,35402802,3,22402802,172.32924615384616,Profit,tt2057392,Eye in the Sky,"Drama,Thriller,War",7.3,72301,Thriller
75,2016-03-11,Eye in the Sky,13000000,18704596,35402802,3,22402802,172.32924615384616,Profit,tt2057392,Eye in the Sky,"Drama,Thriller,War",7.3,72301,War
76,2013-03-22,Admission,13000000,18007317,18733666,3,5733666,44.10512307692308,Profit,tt1814621,Admission,"Comedy,Drama,Romance",5.7,31849,Comedy
76,2013-03-22,Admission,13000000,18007317,18733666,3,5733666,44.10512307692308,Profit,tt1814621,Admission,"Comedy,Drama,Romance",5.7,31849,Drama
76,2013-03-22,Admission,13000000,18007317,18733666,3,5733666,44.10512307692308,Profit,tt1814621,Admission,"Comedy,Drama,Romance",5.7,31849,Romance
77,2012-09-21,The Perks of Being a Wallflower,13000000,17742948,33069303,9,20069303,154.37925384615386,Profit,tt1659337,The Perks of Being a Wallflower,Drama,8.0,422671,Drama
80,2015-10-16,Room,13000000,14677674,36262783,10,23262783,178.94448461538462,Profit,tt3170832,Room,"Drama,Thriller",8.2,316791,Drama
80,2015-10-16,Room,13000000,14677674,36262783,10,23262783,178.94448461538462,Profit,tt3170832,Room,"Drama,Thriller",8.2,316791,Thriller
81,2015-10-16,Woodlawn,13000000,14394097,14403703,10,1403703,10.797715384615385,Profit,tt4183692,Woodlawn,"Drama,Sport",6.5,6070,Drama
81,2015-10-16,Woodlawn,13000000,14394097,14403703,10,1403703,10.797715384615385,Profit,tt4183692,Woodlawn,"Drama,Sport",6.5,6070,Sport
86,2015-07-17,Bajrangi Bhaijaan,13000000,8178001,121778347,7,108778347,836.7565153846155,Profit,tt3863552,Bajrangi Bhaijaan,"Action,Comedy,Drama",8.0,63747,Action
86,2015-07-17,Bajrangi Bhaijaan,13000000,8178001,121778347,7,108778347,836.7565153846155,Profit,tt3863552,Bajrangi Bhaijaan,"Action,Comedy,Drama",8.0,63747,Comedy
86,2015-07-17,Bajrangi Bhaijaan,13000000,8178001,121778347,7,108778347,836.7565153846155,Profit,tt3863552,Bajrangi Bhaijaan,"Action,Comedy,Drama",8.0,63747,Drama
97,2010-03-26,Chloe,13000000,3075255,11831131,3,-1168869,-8.9913,Loss,tt1833881,Chloe,"Drama,Music,Romance",6.9,34,Drama
97,2010-03-26,Chloe,13000000,3075255,11831131,3,-1168869,-8.9913,Loss,tt1833881,Chloe,"Drama,Music,Romance",6.9,34,Music
97,2010-03-26,Chloe,13000000,3075255,11831131,3,-1168869,-8.9913,Loss,tt1833881,Chloe,"Drama,Music,Romance",6.9,34,Romance
99,2015-12-04,Youth,13000000,2703296,24001573,12,11001573,84.62748461538462,Profit,tt3312830,Youth,"Comedy,Drama,Music",7.3,64418,Comedy
99,2015-12-04,Youth,13000000,2703296,24001573,12,11001573,84.62748461538462,Profit,tt3312830,Youth,"Comedy,Drama,Music",7.3,64418,Drama
99,2015-12-04,Youth,13000000,2703296,24001573,12,11001573,84.62748461538462,Profit,tt3312830,Youth,"Comedy,Drama,Music",7.3,64418,Music
3,2015-07-24,The Vatican Tapes,13000000,1784763,14929184,7,1929184,14.839876923076922,Profit,tt1524575,The Vatican Tapes,"Horror,Thriller",5.0,14822,Horror
3,2015-07-24,The Vatican Tapes,13000000,1784763,14929184,7,1929184,14.839876923076922,Profit,tt1524575,The Vatican Tapes,"Horror,Thriller",5.0,14822,Thriller
7,2011-07-29,Attack the Block,13000000,1024175,6459183,7,-6540817,-50.31397692307692,Loss,tt1478964,Attack the Block,"Action,Comedy,Sci-Fi",6.7,93868,Action
7,2011-07-29,Attack the Block,13000000,1024175,6459183,7,-6540817,-50.31397692307692,Loss,tt1478964,Attack the Block,"Action,Comedy,Sci-Fi",6.7,93868,Comedy
7,2011-07-29,Attack the Block,13000000,1024175,6459183,7,-6540817,-50.31397692307692,Loss,tt1478964,Attack the Block,"Action,Comedy,Sci-Fi",6.7,93868,Sci-Fi
8,2015-08-14,Brothers,13000000,656688,17856688,8,4856688,37.35913846153846,Profit,tt3802576,Brothers,"Action,Drama,Sport",6.7,10689,Action
8,2015-08-14,Brothers,13000000,656688,17856688,8,4856688,37.35913846153846,Profit,tt3802576,Brothers,"Action,Drama,Sport",6.7,10689,Drama
8,2015-08-14,Brothers,13000000,656688,17856688,8,4856688,37.35913846153846,Profit,tt3802576,Brothers,"Action,Drama,Sport",6.7,10689,Sport
11,2010-06-18,The Killer Inside Me,13000000,217277,3617277,6,-9382723,-72.1747923076923,Loss,tt0954947,The Killer Inside Me,"Crime,Drama,Horror",6.1,31727,Crime
11,2010-06-18,The Killer Inside Me,13000000,217277,3617277,6,-9382723,-72.1747923076923,Loss,tt0954947,The Killer Inside Me,"Crime,Drama,Horror",6.1,31727,Drama
11,2010-06-18,The Killer Inside Me,13000000,217277,3617277,6,-9382723,-72.1747923076923,Loss,tt0954947,The Killer Inside Me,"Crime,Drama,Horror",6.1,31727,Horror
12,2012-03-30,Womb,13000000,0,0,3,-13000000,-100.0,Loss,tt1216520,Womb,"Drama,Romance,Sci-Fi",6.4,12489,Drama
12,2012-03-30,Womb,13000000,0,0,3,-13000000,-100.0,Loss,tt1216520,Womb,"Drama,Romance,Sci-Fi",6.4,12489,Romance
12,2012-03-30,Womb,13000000,0,0,3,-13000000,-100.0,Loss,tt1216520,Womb,"Drama,Romance,Sci-Fi",6.4,12489,Sci-Fi
14,2013-03-15,The Call,12800000,51872378,69821476,3,57021476,445.48028124999996,Profit,tt1911644,The Call,"Crime,Drama,Horror",6.7,103780,Crime
14,2013-03-15,The Call,12800000,51872378,69821476,3,57021476,445.48028124999996,Profit,tt1911644,The Call,"Crime,Drama,Horror",6.7,103780,Drama
14,2013-03-15,The Call,12800000,51872378,69821476,3,57021476,445.48028124999996,Profit,tt1911644,The Call,"Crime,Drama,Horror",6.7,103780,Horror
16,2014-09-12,The Drop,12600000,10724389,19054534,9,6454534,51.22646031746032,Profit,tt1600196,The Drop,"Crime,Drama",7.1,132161,Crime
16,2014-09-12,The Drop,12600000,10724389,19054534,9,6454534,51.22646031746032,Profit,tt1600196,The Drop,"Crime,Drama",7.1,132161,Drama
18,2010-09-03,Machete,12500000,26593646,46370970,9,33870970,270.96776,Profit,tt0985694,Machete,"Action,Crime,Thriller",6.6,182320,Action
18,2010-09-03,Machete,12500000,26593646,46370970,9,33870970,270.96776,Profit,tt0985694,Machete,"Action,Crime,Thriller",6.6,182320,Crime
18,2010-09-03,Machete,12500000,26593646,46370970,9,33870970,270.96776,Profit,tt0985694,Machete,"Action,Crime,Thriller",6.6,182320,Thriller
28,2010-10-15,Conviction,12500000,6797696,11826980,10,-673020,-5.3841600000000005,Loss,tt1244754,Conviction,"Biography,Crime,Drama",7.2,39771,Biography
28,2010-10-15,Conviction,12500000,6797696,11826980,10,-673020,-5.3841600000000005,Loss,tt1244754,Conviction,"Biography,Crime,Drama",7.2,39771,Crime
28,2010-10-15,Conviction,12500000,6797696,11826980,10,-673020,-5.3841600000000005,Loss,tt1244754,Conviction,"Biography,Crime,Drama",7.2,39771,Drama
32,2010-12-17,Casino Jack,12500000,2039869,2272186,12,-10227814,-81.822512,Loss,tt1194417,Casino Jack,"Biography,Comedy,Crime",6.2,16191,Biography
32,2010-12-17,Casino Jack,12500000,2039869,2272186,12,-10227814,-81.822512,Loss,tt1194417,Casino Jack,"Biography,Comedy,Crime",6.2,16191,Comedy
32,2010-12-17,Casino Jack,12500000,2039869,2272186,12,-10227814,-81.822512,Loss,tt1194417,Casino Jack,"Biography,Comedy,Crime",6.2,16191,Crime
37,2012-10-05,The Paperboy,12500000,677200,4027663,10,-8472337,-67.77869600000001,Loss,tt1496422,The Paperboy,"Crime,Drama,Mystery",5.8,33940,Crime
37,2012-10-05,The Paperboy,12500000,677200,4027663,10,-8472337,-67.77869600000001,Loss,tt1496422,The Paperboy,"Crime,Drama,Mystery",5.8,33940,Drama
37,2012-10-05,The Paperboy,12500000,677200,4027663,10,-8472337,-67.77869600000001,Loss,tt1496422,The Paperboy,"Crime,Drama,Mystery",5.8,33940,Mystery
39,2012-05-04,A Little Bit of Heaven,12500000,10011,1100287,5,-11399713,-91.197704,Loss,tt1440161,A Little Bit of Heaven,"Comedy,Drama,Fantasy",6.3,26441,Comedy
39,2012-05-04,A Little Bit of Heaven,12500000,10011,1100287,5,-11399713,-91.197704,Loss,tt1440161,A Little Bit of Heaven,"Comedy,Drama,Fantasy",6.3,26441,Drama
39,2012-05-04,A Little Bit of Heaven,12500000,10011,1100287,5,-11399713,-91.197704,Loss,tt1440161,A Little Bit of Heaven,"Comedy,Drama,Fantasy",6.3,26441,Fantasy
43,2014-06-06,The Fault in Our Stars,12000000,124872350,307166834,6,295166834,2459.7236166666667,Profit,tt2582846,The Fault in Our Stars,"Drama,Romance",7.7,315135,Drama
43,2014-06-06,The Fault in Our Stars,12000000,124872350,307166834,6,295166834,2459.7236166666667,Profit,tt2582846,The Fault in Our Stars,"Drama,Romance",7.7,315135,Romance
45,2012-04-20,Think Like a Man,12000000,91547205,113373764,4,101373764,844.7813666666667,Profit,tt1621045,Think Like a Man,"Comedy,Romance",6.6,41043,Comedy
45,2012-04-20,Think Like a Man,12000000,91547205,113373764,4,101373764,844.7813666666667,Profit,tt1621045,Think Like a Man,"Comedy,Romance",6.6,41043,Romance
52,2012-02-24,Act of Valor,12000000,70012847,82497035,2,70497035,587.4752916666667,Profit,tt1591479,Act of Valor,"Action,Adventure,Drama",6.5,63787,Action
52,2012-02-24,Act of Valor,12000000,70012847,82497035,2,70497035,587.4752916666667,Profit,tt1591479,Act of Valor,"Action,Adventure,Drama",6.5,63787,Adventure
52,2012-02-24,Act of Valor,12000000,70012847,82497035,2,70497035,587.4752916666667,Profit,tt1591479,Act of Valor,"Action,Adventure,Drama",6.5,63787,Drama
55,2012-02-03,Chronicle,12000000,64575175,123681790,2,111681790,930.6815833333334,Profit,tt1706593,Chronicle,"Drama,Sci-Fi,Thriller",7.1,229258,Drama
55,2012-02-03,Chronicle,12000000,64575175,123681790,2,111681790,930.6815833333334,Profit,tt1706593,Chronicle,"Drama,Sci-Fi,Thriller",7.1,229258,Sci-Fi
55,2012-02-03,Chronicle,12000000,64575175,123681790,2,111681790,930.6815833333334,Profit,tt1706593,Chronicle,"Drama,Sci-Fi,Thriller",7.1,229258,Thriller
58,2012-03-02,Project X,12000000,54731865,103028188,3,91028188,758.5682333333334,Profit,tt1636826,Project X,Comedy,6.7,177782,Comedy
59,2017-11-10,"Three Billboards Outside Ebbing, Missouri",12000000,54513740,160191915,11,148191915,1234.9326250000001,Profit,tt5027774,"Three Billboards Outside Ebbing, Missouri","Crime,Drama",8.2,344047,Crime
59,2017-11-10,"Three Billboards Outside Ebbing, Missouri",12000000,54513740,160191915,11,148191915,1234.9326250000001,Profit,tt5027774,"Three Billboards Outside Ebbing, Missouri","Crime,Drama",8.2,344047,Drama
60,2016-11-25,Lion,12000000,51739495,149570720,11,137570720,1146.4226666666666,Profit,tt3741834,Lion,"Biography,Drama",8.1,181601,Biography
60,2016-11-25,Lion,12000000,51739495,149570720,11,137570720,1146.4226666666666,Profit,tt3741834,Lion,"Biography,Drama",8.1,181601,Drama
61,2018-05-04,Overboard,12000000,50316123,85369830,5,73369830,611.41525,Profit,tt1563742,Overboard,"Comedy,Romance",5.9,25607,Comedy
61,2018-05-04,Overboard,12000000,50316123,85369830,5,73369830,611.41525,Profit,tt1563742,Overboard,"Comedy,Romance",5.9,25607,Romance
65,2013-11-22,Philomena,12000000,37709979,98963392,11,86963392,724.6949333333333,Profit,tt2431286,Philomena,"Biography,Comedy,Drama",7.6,88704,Biography
65,2013-11-22,Philomena,12000000,37709979,98963392,11,86963392,724.6949333333333,Profit,tt2431286,Philomena,"Biography,Comedy,Drama",7.6,88704,Comedy
65,2013-11-22,Philomena,12000000,37709979,98963392,11,86963392,724.6949333333333,Profit,tt2431286,Philomena,"Biography,Comedy,Drama",7.6,88704,Drama
68,2015-07-24,Paper Towns,12000000,32000304,85450484,7,73450484,612.0873666666666,Profit,tt3622592,Paper Towns,"Comedy,Drama,Mystery",6.3,87742,Comedy
68,2015-07-24,Paper Towns,12000000,32000304,85450484,7,73450484,612.0873666666666,Profit,tt3622592,Paper Towns,"Comedy,Drama,Mystery",6.3,87742,Drama
68,2015-07-24,Paper Towns,12000000,32000304,85450484,7,73450484,612.0873666666666,Profit,tt3622592,Paper Towns,"Comedy,Drama,Mystery",6.3,87742,Mystery
77,2016-08-12,Hell or High Water,12000000,27007844,37584304,8,25584304,213.20253333333335,Profit,tt2582782,Hell or High Water,"Action,Crime,Drama",7.6,176469,Action
77,2016-08-12,Hell or High Water,12000000,27007844,37584304,8,25584304,213.20253333333335,Profit,tt2582782,Hell or High Water,"Action,Crime,Drama",7.6,176469,Crime
77,2016-08-12,Hell or High Water,12000000,27007844,37584304,8,25584304,213.20253333333335,Profit,tt2582782,Hell or High Water,"Action,Crime,Drama",7.6,176469,Drama
79,2012-07-05,Katy Perry: Part of Me,12000000,25326071,32700439,7,20700439,172.50365833333333,Profit,tt2215719,Katy Perry: Part of Me,"Documentary,Music",5.9,13034,Documentary
79,2012-07-05,Katy Perry: Part of Me,12000000,25326071,32700439,7,20700439,172.50365833333333,Profit,tt2215719,Katy Perry: Part of Me,"Documentary,Music",5.9,13034,Music
80,2014-12-12,Top Five,12000000,25317379,26001741,12,14001741,116.681175,Profit,tt2784678,Top Five,"Comedy,Romance",6.4,24744,Comedy
80,2014-12-12,Top Five,12000000,25317379,26001741,12,14001741,116.681175,Profit,tt2784678,Top Five,"Comedy,Romance",6.4,24744,Romance
84,2015-01-30,Project Almanac,12000000,22348241,32909437,1,20909437,174.24530833333333,Profit,tt2436386,Project Almanac,"Drama,Mystery,Sci-Fi",6.4,71500,Drama
84,2015-01-30,Project Almanac,12000000,22348241,32909437,1,20909437,174.24530833333333,Profit,tt2436386,Project Almanac,"Drama,Mystery,Sci-Fi",6.4,71500,Mystery
84,2015-01-30,Project Almanac,12000000,22348241,32909437,1,20909437,174.24530833333333,Profit,tt2436386,Project Almanac,"Drama,Mystery,Sci-Fi",6.4,71500,Sci-Fi
85,2010-05-14,Just Wright,12000000,21540363,21867665,5,9867665,82.23054166666667,Profit,tt1407061,Just Wright,"Comedy,Romance,Sport",5.9,12466,Comedy
85,2010-05-14,Just Wright,12000000,21540363,21867665,5,9867665,82.23054166666667,Profit,tt1407061,Just Wright,"Comedy,Romance,Sport",5.9,12466,Romance
85,2010-05-14,Just Wright,12000000,21540363,21867665,5,9867665,82.23054166666667,Profit,tt1407061,Just Wright,"Comedy,Romance,Sport",5.9,12466,Sport
91,2013-11-15,Nebraska,12000000,17654912,24761360,11,12761360,106.34466666666667,Profit,tt1821549,Nebraska,"Adventure,Comedy,Drama",7.7,105304,Adventure
91,2013-11-15,Nebraska,12000000,17654912,24761360,11,12761360,106.34466666666667,Profit,tt1821549,Nebraska,"Adventure,Comedy,Drama",7.7,105304,Comedy
91,2013-11-15,Nebraska,12000000,17654912,24761360,11,12761360,106.34466666666667,Profit,tt1821549,Nebraska,"Adventure,Comedy,Drama",7.7,105304,Drama
94,2011-12-09,Young Adult,12000000,16311571,22750356,12,10750356,89.5863,Profit,tt1625346,Young Adult,"Comedy,Drama",6.3,74071,Comedy
94,2011-12-09,Young Adult,12000000,16311571,22750356,12,10750356,89.5863,Profit,tt1625346,Young Adult,"Comedy,Drama",6.3,74071,Drama
95,2013-11-01,About Time,12000000,15323921,89309178,11,77309178,644.24315,Profit,tt2194499,About Time,"Comedy,Drama,Fantasy",7.8,263136,Comedy
95,2013-11-01,About Time,12000000,15323921,89309178,11,77309178,644.24315,Profit,tt2194499,About Time,"Comedy,Drama,Fantasy",7.8,263136,Drama
95,2013-11-01,About Time,12000000,15323921,89309178,11,77309178,644.24315,Profit,tt2194499,About Time,"Comedy,Drama,Fantasy",7.8,263136,Fantasy
96,2018-12-14,If Beale Street Could Talk,12000000,14915773,19859167,12,7859167,65.49305833333334,Profit,tt7125860,If Beale Street Could Talk,"Drama,Romance",7.2,25512,Drama
96,2018-12-14,If Beale Street Could Talk,12000000,14915773,19859167,12,7859167,65.49305833333334,Profit,tt7125860,If Beale Street Could Talk,"Drama,Romance",7.2,25512,Romance
97,2017-07-14,Wish Upon,12000000,14301505,23477345,7,11477345,95.64454166666667,Profit,tt5322012,Wish Upon,"Drama,Fantasy,Horror",5.0,14962,Drama
97,2017-07-14,Wish Upon,12000000,14301505,23477345,7,11477345,95.64454166666667,Profit,tt5322012,Wish Upon,"Drama,Fantasy,Horror",5.0,14962,Fantasy
97,2017-07-14,Wish Upon,12000000,14301505,23477345,7,11477345,95.64454166666667,Profit,tt5322012,Wish Upon,"Drama,Fantasy,Horror",5.0,14962,Horror
4,2017-04-21,Unforgettable,12000000,11368012,16221211,4,4221211,35.17675833333334,Profit,tt3462710,Unforgettable,"Drama,Thriller",5.1,11489,Drama
4,2017-04-21,Unforgettable,12000000,11368012,16221211,4,4221211,35.17675833333334,Profit,tt3462710,Unforgettable,"Drama,Thriller",5.1,11489,Thriller
7,2017-10-13,Marshall,12000000,10051659,10116816,10,-1883184,-15.6932,Loss,tt5301662,Marshall,"Biography,Crime,Drama",7.2,14419,Biography
7,2017-10-13,Marshall,12000000,10051659,10116816,10,-1883184,-15.6932,Loss,tt5301662,Marshall,"Biography,Crime,Drama",7.2,14419,Crime
7,2017-10-13,Marshall,12000000,10051659,10116816,10,-1883184,-15.6932,Loss,tt5301662,Marshall,"Biography,Crime,Drama",7.2,14419,Drama
9,2012-09-14,Arbitrage,12000000,7919574,35830713,9,23830713,198.58927500000001,Profit,tt1764183,Arbitrage,"Drama,Thriller",6.6,46774,Drama
9,2012-09-14,Arbitrage,12000000,7919574,35830713,9,23830713,198.58927500000001,Profit,tt1764183,Arbitrage,"Drama,Thriller",6.6,46774,Thriller
14,2012-06-01,For Greater Glory: The True Story of Cristiada,12000000,5669081,10026255,6,-1973745,-16.447875,Loss,tt1566501,For Greater Glory: The True Story of Cristiada,"Drama,History,War",6.6,4202,Drama
14,2012-06-01,For Greater Glory: The True Story of Cristiada,12000000,5669081,10026255,6,-1973745,-16.447875,Loss,tt1566501,For Greater Glory: The True Story of Cristiada,"Drama,History,War",6.6,4202,History
14,2012-06-01,For Greater Glory: The True Story of Cristiada,12000000,5669081,10026255,6,-1973745,-16.447875,Loss,tt1566501,For Greater Glory: The True Story of Cristiada,"Drama,History,War",6.6,4202,War
29,2013-03-01,Stoker,12000000,1703125,12034913,3,34913,0.29094166666666665,Profit,tt1682180,Stoker,"Drama,Thriller",6.8,97393,Drama
29,2013-03-01,Stoker,12000000,1703125,12034913,3,34913,0.29094166666666665,Profit,tt1682180,Stoker,"Drama,Thriller",6.8,97393,Thriller
32,2011-03-11,Kill the Irishman,12000000,1188194,1188194,3,-10811806,-90.09838333333333,Loss,tt1416801,Kill the Irishman,"Biography,Crime,Drama",7.1,41504,Biography
32,2011-03-11,Kill the Irishman,12000000,1188194,1188194,3,-10811806,-90.09838333333333,Loss,tt1416801,Kill the Irishman,"Biography,Crime,Drama",7.1,41504,Crime
32,2011-03-11,Kill the Irishman,12000000,1188194,1188194,3,-10811806,-90.09838333333333,Loss,tt1416801,Kill the Irishman,"Biography,Crime,Drama",7.1,41504,Drama
34,2012-04-20,Darling Companion,12000000,793352,1200346,4,-10799654,-89.99711666666667,Loss,tt1730687,Darling Companion,"Comedy,Drama,Romance",5.1,3085,Comedy
34,2012-04-20,Darling Companion,12000000,793352,1200346,4,-10799654,-89.99711666666667,Loss,tt1730687,Darling Companion,"Comedy,Drama,Romance",5.1,3085,Drama
34,2012-04-20,Darling Companion,12000000,793352,1200346,4,-10799654,-89.99711666666667,Loss,tt1730687,Darling Companion,"Comedy,Drama,Romance",5.1,3085,Romance
46,2015-10-09,Trash,12000000,17484,6553186,10,-5446814,-45.39011666666667,Loss,tt1921149,Trash,"Adventure,Crime,Drama",7.2,18690,Adventure
46,2015-10-09,Trash,12000000,17484,6553186,10,-5446814,-45.39011666666667,Loss,tt1921149,Trash,"Adventure,Crime,Drama",7.2,18690,Crime
46,2015-10-09,Trash,12000000,17484,6553186,10,-5446814,-45.39011666666667,Loss,tt1921149,Trash,"Adventure,Crime,Drama",7.2,18690,Drama
47,2011-08-19,5 Days of War,12000000,17479,87793,8,-11912207,-99.26839166666667,Loss,tt1486193,5 Days of War,"Action,Drama,War",5.6,13089,Action
47,2011-08-19,5 Days of War,12000000,17479,87793,8,-11912207,-99.26839166666667,Loss,tt1486193,5 Days of War,"Action,Drama,War",5.6,13089,Drama
47,2011-08-19,5 Days of War,12000000,17479,87793,8,-11912207,-99.26839166666667,Loss,tt1486193,5 Days of War,"Action,Drama,War",5.6,13089,War
48,2015-11-11,10 Days in a Madhouse,12000000,14616,14616,11,-11985384,-99.87819999999999,Loss,tt3453052,10 Days in a Madhouse,Drama,6.7,1114,Drama
52,2010-02-10,Triangle,12000000,0,1594955,2,-10405045,-86.70870833333333,Loss,tt2319426,Triangle,Drama,6.9,10,Drama
54,2014-10-03,Drive Hard,12000000,0,0,10,-12000000,-100.0,Loss,tt2968804,Drive Hard,"Action,Comedy,Crime",4.4,3907,Action
54,2014-10-03,Drive Hard,12000000,0,0,10,-12000000,-100.0,Loss,tt2968804,Drive Hard,"Action,Comedy,Crime",4.4,3907,Comedy
54,2014-10-03,Drive Hard,12000000,0,0,10,-12000000,-100.0,Loss,tt2968804,Drive Hard,"Action,Comedy,Crime",4.4,3907,Crime
57,2016-09-23,The Dressmaker,11900000,2022115,24041617,9,12141617,102.03039495798319,Profit,tt2910904,The Dressmaker,"Comedy,Drama",7.1,46833,Comedy
57,2016-09-23,The Dressmaker,11900000,2022115,24041617,9,12141617,102.03039495798319,Profit,tt2910904,The Dressmaker,"Comedy,Drama",7.1,46833,Drama
60,2015-11-20,Carol,11800000,12711491,42843521,11,31043521,263.080686440678,Profit,tt2402927,Carol,"Drama,Romance",7.2,100680,Drama
60,2015-11-20,Carol,11800000,12711491,42843521,11,31043521,263.080686440678,Profit,tt2402927,Carol,"Drama,Romance",7.2,100680,Romance
62,2016-01-22,Dirty Grandpa,11500000,35593113,105078449,1,93578449,813.7256434782608,Profit,tt1860213,Dirty Grandpa,Comedy,5.9,101393,Comedy
68,2010-12-10,The Fighter,11000000,93617009,129262388,12,118262388,1075.112618181818,Profit,tt0964517,The Fighter,"Biography,Drama,Sport",7.8,316539,Biography
68,2010-12-10,The Fighter,11000000,93617009,129262388,12,118262388,1075.112618181818,Profit,tt0964517,The Fighter,"Biography,Drama,Sport",7.8,316539,Drama
68,2010-12-10,The Fighter,11000000,93617009,129262388,12,118262388,1075.112618181818,Profit,tt0964517,The Fighter,"Biography,Drama,Sport",7.8,316539,Sport
73,2014-08-22,If I Stay,11000000,50474843,78356170,8,67356170,612.3288181818182,Profit,tt1355630,If I Stay,"Drama,Fantasy,Music",6.8,107625,Drama
73,2014-08-22,If I Stay,11000000,50474843,78356170,8,67356170,612.3288181818182,Profit,tt1355630,If I Stay,"Drama,Fantasy,Music",6.8,107625,Fantasy
73,2014-08-22,If I Stay,11000000,50474843,78356170,8,67356170,612.3288181818182,Profit,tt1355630,If I Stay,"Drama,Fantasy,Music",6.8,107625,Music
79,2015-11-04,Brooklyn,11000000,38322743,62076141,11,51076141,464.3285545454545,Profit,tt2381111,Brooklyn,"Drama,Romance",7.5,117021,Drama
79,2015-11-04,Brooklyn,11000000,38322743,62076141,11,51076141,464.3285545454545,Profit,tt2381111,Brooklyn,"Drama,Romance",7.5,117021,Romance
81,2015-04-01,Woman in Gold,11000000,33307793,58586407,4,47586407,432.60370000000006,Profit,tt2404425,Woman in Gold,"Biography,Drama,History",7.3,48501,Biography
81,2015-04-01,Woman in Gold,11000000,33307793,58586407,4,47586407,432.60370000000006,Profit,tt2404425,Woman in Gold,"Biography,Drama,History",7.3,48501,Drama
81,2015-04-01,Woman in Gold,11000000,33307793,58586407,4,47586407,432.60370000000006,Profit,tt2404425,Woman in Gold,"Biography,Drama,History",7.3,48501,History
83,2017-12-08,"I, Tonya",11000000,30014534,53797409,12,42797409,389.0673545454546,Profit,tt5580036,"I, Tonya","Biography,Comedy,Drama",7.5,141668,Biography
83,2017-12-08,"I, Tonya",11000000,30014534,53797409,12,42797409,389.0673545454546,Profit,tt5580036,"I, Tonya","Biography,Comedy,Drama",7.5,141668,Comedy
83,2017-12-08,"I, Tonya",11000000,30014534,53797409,12,42797409,389.0673545454546,Profit,tt5580036,"I, Tonya","Biography,Comedy,Drama",7.5,141668,Drama
90,2013-01-11,Quartet,11000000,18388357,56178935,1,45178935,410.7175909090909,Profit,tt1441951,Quartet,"Comedy,Drama",6.8,17979,Comedy
90,2013-01-11,Quartet,11000000,18388357,56178935,1,45178935,410.7175909090909,Profit,tt1441951,Quartet,"Comedy,Drama",6.8,17979,Drama
94,2013-12-06,Inside Llewyn Davis,11000000,13248209,32943247,12,21943247,199.48406363636363,Profit,tt2042568,Inside Llewyn Davis,"Drama,Music",7.5,123759,Drama
94,2013-12-06,Inside Llewyn Davis,11000000,13248209,32943247,12,21943247,199.48406363636363,Profit,tt2042568,Inside Llewyn Davis,"Drama,Music",7.5,123759,Music
98,2013-05-10,Peeples,11000000,9177065,9307166,5,-1692834,-15.3894,Loss,tt1699755,Peeples,"Comedy,Romance",5.3,4452,Comedy
98,2013-05-10,Peeples,11000000,9177065,9307166,5,-1692834,-15.3894,Loss,tt1699755,Peeples,"Comedy,Romance",5.3,4452,Romance
100,2016-07-06,Sultan,11000000,5599781,72989781,7,61989781,563.5434636363636,Profit,tt4832640,Sultan,"Action,Drama,Sport",7.1,33371,Action
100,2016-07-06,Sultan,11000000,5599781,72989781,7,61989781,563.5434636363636,Profit,tt4832640,Sultan,"Action,Drama,Sport",7.1,33371,Drama
100,2016-07-06,Sultan,11000000,5599781,72989781,7,61989781,563.5434636363636,Profit,tt4832640,Sultan,"Action,Drama,Sport",7.1,33371,Sport
11,2011-08-26,Brighton Rock,11000000,229653,229653,8,-10770347,-97.91224545454546,Loss,tt1233192,Brighton Rock,"Crime,Drama,Thriller",5.7,5784,Crime
11,2011-08-26,Brighton Rock,11000000,229653,229653,8,-10770347,-97.91224545454546,Loss,tt1233192,Brighton Rock,"Crime,Drama,Thriller",5.7,5784,Drama
11,2011-08-26,Brighton Rock,11000000,229653,229653,8,-10770347,-97.91224545454546,Loss,tt1233192,Brighton Rock,"Crime,Drama,Thriller",5.7,5784,Thriller
14,2012-05-04,LOL,11000000,0,10431506,5,-568494,-5.168127272727273,Loss,tt1592873,LOL,"Comedy,Drama,Romance",4.4,51424,Comedy
14,2012-05-04,LOL,11000000,0,10431506,5,-568494,-5.168127272727273,Loss,tt1592873,LOL,"Comedy,Drama,Romance",4.4,51424,Drama
14,2012-05-04,LOL,11000000,0,10431506,5,-568494,-5.168127272727273,Loss,tt1592873,LOL,"Comedy,Drama,Romance",4.4,51424,Romance
15,2016-02-05,Misconduct,11000000,0,2352511,2,-8647489,-78.61353636363636,Loss,tt3658772,Misconduct,"Crime,Drama,Mystery",5.3,13550,Crime
15,2016-02-05,Misconduct,11000000,0,2352511,2,-8647489,-78.61353636363636,Loss,tt3658772,Misconduct,"Crime,Drama,Mystery",5.3,13550,Drama
15,2016-02-05,Misconduct,11000000,0,2352511,2,-8647489,-78.61353636363636,Loss,tt3658772,Misconduct,"Crime,Drama,Mystery",5.3,13550,Mystery
16,2019-12-31,Eli,11000000,0,0,12,-11000000,-100.0,Loss,tt4786638,Eli,Comedy,4.7,96,Comedy
25,2013-12-06,The Last Days on Mars,10600000,24084,261364,12,-10338636,-97.53430188679245,Loss,tt1709143,The Last Days on Mars,"Adventure,Horror,Sci-Fi",5.5,33137,Adventure
25,2013-12-06,The Last Days on Mars,10600000,24084,261364,12,-10338636,-97.53430188679245,Loss,tt1709143,The Last Days on Mars,"Adventure,Horror,Sci-Fi",5.5,33137,Horror
25,2013-12-06,The Last Days on Mars,10600000,24084,261364,12,-10338636,-97.53430188679245,Loss,tt1709143,The Last Days on Mars,"Adventure,Horror,Sci-Fi",5.5,33137,Sci-Fi
34,2010-04-30,Housefull,10100000,1183658,18726300,4,8626300,85.4089108910891,Profit,tt1573072,Housefull,Comedy,5.5,11089,Comedy
36,2018-10-19,Halloween,10000000,159342015,254900667,10,244900667,2449.0066699999998,Profit,tt1502407,Halloween,"Horror,Thriller",6.6,88395,Horror
36,2018-10-19,Halloween,10000000,159342015,254900667,10,244900667,2449.0066699999998,Profit,tt1502407,Halloween,"Horror,Thriller",6.6,88395,Thriller
42,2016-07-01,The Purge: Election Year,10000000,79042440,118514727,7,108514727,1085.14727,Profit,tt4094724,The Purge: Election Year,"Action,Horror,Sci-Fi",6.0,80254,Action
42,2016-07-01,The Purge: Election Year,10000000,79042440,118514727,7,108514727,1085.14727,Profit,tt4094724,The Purge: Election Year,"Action,Horror,Sci-Fi",6.0,80254,Horror
42,2016-07-01,The Purge: Election Year,10000000,79042440,118514727,7,108514727,1085.14727,Profit,tt4094724,The Purge: Election Year,"Action,Horror,Sci-Fi",6.0,80254,Sci-Fi
43,2018-05-18,Book Club,10000000,68566296,91113683,5,81113683,811.13683,Profit,tt6857166,Book Club,"Comedy,Drama,Romance",6.1,18728,Comedy
43,2018-05-18,Book Club,10000000,68566296,91113683,5,81113683,811.13683,Profit,tt6857166,Book Club,"Comedy,Drama,Romance",6.1,18728,Drama
43,2018-05-18,Book Club,10000000,68566296,91113683,5,81113683,811.13683,Profit,tt6857166,Book Club,"Comedy,Drama,Romance",6.1,18728,Romance
45,2018-01-05,Insidious: The Last Key,10000000,67745330,167885588,1,157885588,1578.85588,Profit,tt5726086,Insidious: The Last Key,"Horror,Mystery,Thriller",5.7,42154,Horror
45,2018-01-05,Insidious: The Last Key,10000000,67745330,167885588,1,157885588,1578.85588,Profit,tt5726086,Insidious: The Last Key,"Horror,Mystery,Thriller",5.7,42154,Mystery
45,2018-01-05,Insidious: The Last Key,10000000,67745330,167885588,1,157885588,1578.85588,Profit,tt5726086,Insidious: The Last Key,"Horror,Mystery,Thriller",5.7,42154,Thriller
53,2017-11-03,Lady Bird,10000000,48958273,78610769,11,68610769,686.1076899999999,Profit,tt4925292,Lady Bird,"Comedy,Drama",7.4,177677,Comedy
53,2017-11-03,Lady Bird,10000000,48958273,78610769,11,68610769,686.1076899999999,Profit,tt4925292,Lady Bird,"Comedy,Drama",7.4,177677,Drama
55,2012-05-04,The Best Exotic Marigold Hotel,10000000,46383639,134639780,5,124639780,1246.3978,Profit,tt1412386,The Best Exotic Marigold Hotel,"Comedy,Drama,Romance",7.3,85811,Comedy
55,2012-05-04,The Best Exotic Marigold Hotel,10000000,46383639,134639780,5,124639780,1246.3978,Profit,tt1412386,The Best Exotic Marigold Hotel,"Comedy,Drama,Romance",7.3,85811,Drama
55,2012-05-04,The Best Exotic Marigold Hotel,10000000,46383639,134639780,5,124639780,1246.3978,Profit,tt1412386,The Best Exotic Marigold Hotel,"Comedy,Drama,Romance",7.3,85811,Romance
56,2018-06-08,Hereditary,10000000,44069456,70133905,6,60133905,601.33905,Profit,tt7784604,Hereditary,"Drama,Horror,Mystery",7.3,151571,Drama
56,2018-06-08,Hereditary,10000000,44069456,70133905,6,60133905,601.33905,Profit,tt7784604,Hereditary,"Drama,Horror,Mystery",7.3,151571,Horror
56,2018-06-08,Hereditary,10000000,44069456,70133905,6,60133905,601.33905,Profit,tt7784604,Hereditary,"Drama,Horror,Mystery",7.3,151571,Mystery
57,2018-03-16,"Love, Simon",10000000,40826341,65520633,3,55520633,555.20633,Profit,tt5164432,"Love, Simon","Comedy,Drama,Romance",7.6,81575,Comedy
57,2018-03-16,"Love, Simon",10000000,40826341,65520633,3,55520633,555.20633,Profit,tt5164432,"Love, Simon","Comedy,Drama,Romance",7.6,81575,Drama
57,2018-03-16,"Love, Simon",10000000,40826341,65520633,3,55520633,555.20633,Profit,tt5164432,"Love, Simon","Comedy,Drama,Romance",7.6,81575,Romance
61,2017-10-27,Jigsaw,10000000,38052832,102445196,10,92445196,924.45196,Profit,tt3348730,Jigsaw,"Crime,Horror,Mystery",5.8,57184,Crime
61,2017-10-27,Jigsaw,10000000,38052832,102445196,10,92445196,924.45196,Profit,tt3348730,Jigsaw,"Crime,Horror,Mystery",5.8,57184,Horror
61,2017-10-27,Jigsaw,10000000,38052832,102445196,10,92445196,924.45196,Profit,tt3348730,Jigsaw,"Crime,Horror,Mystery",5.8,57184,Mystery
68,2016-01-22,The Boy,10000000,35819556,68220952,1,58220952,582.20952,Profit,tt3882082,The Boy,"Horror,Mystery,Thriller",6.0,68957,Horror
68,2016-01-22,The Boy,10000000,35819556,68220952,1,58220952,582.20952,Profit,tt3882082,The Boy,"Horror,Mystery,Thriller",6.0,68957,Mystery
68,2016-01-22,The Boy,10000000,35819556,68220952,1,58220952,582.20952,Profit,tt3882082,The Boy,"Horror,Mystery,Thriller",6.0,68957,Thriller
70,2017-05-19,"Everything, Everything",10000000,34121140,61603136,5,51603136,516.0313600000001,Profit,tt5001718,"Everything, Everything","Drama,Romance",6.4,26811,Drama
70,2017-05-19,"Everything, Everything",10000000,34121140,61603136,5,51603136,516.0313600000001,Profit,tt5001718,"Everything, Everything","Drama,Romance",6.4,26811,Romance
71,2010-09-17,Devil,10000000,33679655,63354114,9,53354114,533.54114,Profit,tt1314655,Devil,"Horror,Mystery,Thriller",6.2,122080,Horror
71,2010-09-17,Devil,10000000,33679655,63354114,9,53354114,533.54114,Profit,tt1314655,Devil,"Horror,Mystery,Thriller",6.2,122080,Mystery
71,2010-09-17,Devil,10000000,33679655,63354114,9,53354114,533.54114,Profit,tt1314655,Devil,"Horror,Mystery,Thriller",6.2,122080,Thriller
73,2015-03-06,The Second Best Exotic Marigold Hotel,10000000,33078266,90384306,3,80384306,803.84306,Profit,tt2555736,The Second Best Exotic Marigold Hotel,"Comedy,Drama",6.6,28931,Comedy
73,2015-03-06,The Second Best Exotic Marigold Hotel,10000000,33078266,90384306,3,80384306,803.84306,Profit,tt2555736,The Second Best Exotic Marigold Hotel,"Comedy,Drama",6.6,28931,Drama
75,2017-04-28,How to Be a Latin Lover,10000000,32149404,62556228,4,52556228,525.56228,Profit,tt4795124,How to Be a Latin Lover,"Comedy,Drama",5.9,11747,Comedy
75,2017-04-28,How to Be a Latin Lover,10000000,32149404,62556228,4,52556228,525.56228,Profit,tt4795124,How to Be a Latin Lover,"Comedy,Drama",5.9,11747,Drama
80,2018-08-10,Slender Man,10000000,30564825,51723644,8,41723644,417.23644,Profit,tt5690360,Slender Man,"Horror,Mystery,Thriller",3.2,19650,Horror
80,2018-08-10,Slender Man,10000000,30564825,51723644,8,41723644,417.23644,Profit,tt5690360,Slender Man,"Horror,Mystery,Thriller",3.2,19650,Mystery
80,2018-08-10,Slender Man,10000000,30564825,51723644,8,41723644,417.23644,Profit,tt5690360,Slender Man,"Horror,Mystery,Thriller",3.2,19650,Thriller
85,2016-09-09,When the Bough Breaks,10000000,29747603,30768449,9,20768449,207.68449,Profit,tt1389139,When the Bough Breaks,"Crime,Drama,Horror",5.1,4729,Crime
85,2016-09-09,When the Bough Breaks,10000000,29747603,30768449,9,20768449,207.68449,Profit,tt1389139,When the Bough Breaks,"Crime,Drama,Horror",5.1,4729,Drama
85,2016-09-09,When the Bough Breaks,10000000,29747603,30768449,9,20768449,207.68449,Profit,tt1389139,When the Bough Breaks,"Crime,Drama,Horror",5.1,4729,Horror
91,2015-08-21,Sinister 2,10000000,27740955,54104225,8,44104225,441.04225,Profit,tt2752772,Sinister 2,"Horror,Mystery,Thriller",5.3,41782,Horror
91,2015-08-21,Sinister 2,10000000,27740955,54104225,8,44104225,441.04225,Profit,tt2752772,Sinister 2,"Horror,Mystery,Thriller",5.3,41782,Mystery
91,2015-08-21,Sinister 2,10000000,27740955,54104225,8,44104225,441.04225,Profit,tt2752772,Sinister 2,"Horror,Mystery,Thriller",5.3,41782,Thriller
92,2016-01-08,The Forest,10000000,26594261,40749230,1,30749230,307.4923,Profit,tt3387542,The Forest,"Horror,Mystery,Thriller",4.8,36423,Horror
92,2016-01-08,The Forest,10000000,26594261,40749230,1,30749230,307.4923,Profit,tt3387542,The Forest,"Horror,Mystery,Thriller",4.8,36423,Mystery
92,2016-01-08,The Forest,10000000,26594261,40749230,1,30749230,307.4923,Profit,tt3387542,The Forest,"Horror,Mystery,Thriller",4.8,36423,Thriller
96,2012-08-17,Sparkle,10000000,24397469,24660323,8,14660323,146.60323,Profit,tt1876451,Sparkle,"Drama,Music",5.7,5643,Drama
96,2012-08-17,Sparkle,10000000,24397469,24660323,8,14660323,146.60323,Profit,tt1876451,Sparkle,"Drama,Music",5.7,5643,Music
97,2016-10-14,Kevin Hart: What Now?,10000000,23591043,23591043,10,13591043,135.91043,Profit,tt4669186,Kevin Hart: What Now?,"Comedy,Documentary",5.9,8134,Comedy
97,2016-10-14,Kevin Hart: What Now?,10000000,23591043,23591043,10,13591043,135.91043,Profit,tt4669186,Kevin Hart: What Now?,"Comedy,Documentary",5.9,8134,Documentary
98,2013-04-26,Mud,10000000,21590086,31556959,4,21556959,215.56959,Profit,tt1935179,Mud,Drama,7.4,156786,Drama
99,2010-11-12,Skyline,10000000,21416355,68264973,11,58264973,582.64973,Profit,tt1564585,Skyline,"Action,Sci-Fi,Thriller",4.4,83710,Action
99,2010-11-12,Skyline,10000000,21416355,68264973,11,58264973,582.64973,Profit,tt1564585,Skyline,"Action,Sci-Fi,Thriller",4.4,83710,Sci-Fi
99,2010-11-12,Skyline,10000000,21416355,68264973,11,58264973,582.64973,Profit,tt1564585,Skyline,"Action,Sci-Fi,Thriller",4.4,83710,Thriller
100,2017-12-01,The Disaster Artist,10000000,21120616,28717667,12,18717667,187.17667,Profit,tt3521126,The Disaster Artist,"Biography,Comedy,Drama",7.4,111737,Biography
100,2017-12-01,The Disaster Artist,10000000,21120616,28717667,12,18717667,187.17667,Profit,tt3521126,The Disaster Artist,"Biography,Comedy,Drama",7.4,111737,Comedy
100,2017-12-01,The Disaster Artist,10000000,21120616,28717667,12,18717667,187.17667,Profit,tt3521126,The Disaster Artist,"Biography,Comedy,Drama",7.4,111737,Drama
1,2016-09-16,Blair Witch,10000000,20777061,38985577,9,28985577,289.85577,Profit,tt1540011,Blair Witch,"Horror,Mystery,Thriller",5.0,36867,Horror
1,2016-09-16,Blair Witch,10000000,20777061,38985577,9,28985577,289.85577,Profit,tt1540011,Blair Witch,"Horror,Mystery,Thriller",5.0,36867,Mystery
1,2016-09-16,Blair Witch,10000000,20777061,38985577,9,28985577,289.85577,Profit,tt1540011,Blair Witch,"Horror,Mystery,Thriller",5.0,36867,Thriller
7,2015-10-23,Paranormal Activity: The Ghost Dimension,10000000,18297124,77959374,10,67959374,679.59374,Profit,tt2473510,Paranormal Activity: The Ghost Dimension,"Horror,Mystery,Thriller",4.6,22361,Horror
7,2015-10-23,Paranormal Activity: The Ghost Dimension,10000000,18297124,77959374,10,67959374,679.59374,Profit,tt2473510,Paranormal Activity: The Ghost Dimension,"Horror,Mystery,Thriller",4.6,22361,Mystery
7,2015-10-23,Paranormal Activity: The Ghost Dimension,10000000,18297124,77959374,10,67959374,679.59374,Profit,tt2473510,Paranormal Activity: The Ghost Dimension,"Horror,Mystery,Thriller",4.6,22361,Thriller
17,2016-10-07,The Birth of a Nation,10000000,15861566,16891011,10,6891011,68.91011,Profit,tt4196450,The Birth of a Nation,"Biography,Drama,History",6.4,18442,Biography
17,2016-10-07,The Birth of a Nation,10000000,15861566,16891011,10,6891011,68.91011,Profit,tt4196450,The Birth of a Nation,"Biography,Drama,History",6.4,18442,Drama
17,2016-10-07,The Birth of a Nation,10000000,15861566,16891011,10,6891011,68.91011,Profit,tt4196450,The Birth of a Nation,"Biography,Drama,History",6.4,18442,History
22,2011-11-23,My Week with Marilyn,10000000,14597405,34240572,11,24240572,242.40572,Profit,tt1655420,My Week with Marilyn,"Biography,Drama",7.0,79337,Biography
22,2011-11-23,My Week with Marilyn,10000000,14597405,34240572,11,24240572,242.40572,Profit,tt1655420,My Week with Marilyn,"Biography,Drama",7.0,79337,Drama
23,2014-12-25,Big Eyes,10000000,14482031,27317872,12,17317872,173.17872,Profit,tt1126590,Big Eyes,"Biography,Crime,Drama",7.0,77447,Biography
23,2014-12-25,Big Eyes,10000000,14482031,27317872,12,17317872,173.17872,Profit,tt1126590,Big Eyes,"Biography,Crime,Drama",7.0,77447,Crime
23,2014-12-25,Big Eyes,10000000,14482031,27317872,12,17317872,173.17872,Profit,tt1126590,Big Eyes,"Biography,Crime,Drama",7.0,77447,Drama
34,2019-04-05,The Best of Enemies,10000000,10205616,10205616,4,205616,2.0561599999999998,Profit,tt4807408,The Best of Enemies,"Biography,Drama,History",6.8,1162,Biography
34,2019-04-05,The Best of Enemies,10000000,10205616,10205616,4,205616,2.0561599999999998,Profit,tt4807408,The Best of Enemies,"Biography,Drama,History",6.8,1162,Drama
34,2019-04-05,The Best of Enemies,10000000,10205616,10205616,4,205616,2.0561599999999998,Profit,tt4807408,The Best of Enemies,"Biography,Drama,History",6.8,1162,History
39,2013-01-25,Movie 43,10000000,8840453,31164747,1,21164747,211.64747,Profit,tt1333125,Movie 43,Comedy,4.3,92980,Comedy
40,2018-10-19,Can You Ever Forgive Me?,10000000,8803865,11752387,10,1752387,17.52387,Profit,tt4595882,Can You Ever Forgive Me?,"Biography,Comedy,Crime",7.2,29473,Biography
40,2018-10-19,Can You Ever Forgive Me?,10000000,8803865,11752387,10,1752387,17.52387,Profit,tt4595882,Can You Ever Forgive Me?,"Biography,Comedy,Crime",7.2,29473,Comedy
40,2018-10-19,Can You Ever Forgive Me?,10000000,8803865,11752387,10,1752387,17.52387,Profit,tt4595882,Can You Ever Forgive Me?,"Biography,Comedy,Crime",7.2,29473,Crime
42,2010-05-21,MacGruber,10000000,8525600,8629895,5,-1370105,-13.70105,Loss,tt1470023,MacGruber,"Action,Comedy,Romance",5.5,39782,Action
42,2010-05-21,MacGruber,10000000,8525600,8629895,5,-1370105,-13.70105,Loss,tt1470023,MacGruber,"Action,Comedy,Romance",5.5,39782,Comedy
42,2010-05-21,MacGruber,10000000,8525600,8629895,5,-1370105,-13.70105,Loss,tt1470023,MacGruber,"Action,Comedy,Romance",5.5,39782,Romance
44,2014-03-14,Bad Words,10000000,7779614,7843145,3,-2156855,-21.568550000000002,Loss,tt2170299,Bad Words,"Comedy,Drama",6.7,44061,Comedy
44,2014-03-14,Bad Words,10000000,7779614,7843145,3,-2156855,-21.568550000000002,Loss,tt2170299,Bad Words,"Comedy,Drama",6.7,44061,Drama
45,2015-03-27,While We're Young,10000000,7582065,17503828,3,7503828,75.03828,Profit,tt1791682,While We're Young,"Comedy,Drama,Mystery",6.3,41327,Comedy
45,2015-03-27,While We're Young,10000000,7582065,17503828,3,7503828,75.03828,Profit,tt1791682,While We're Young,"Comedy,Drama,Mystery",6.3,41327,Drama
45,2015-03-27,While We're Young,10000000,7582065,17503828,3,7503828,75.03828,Profit,tt1791682,While We're Young,"Comedy,Drama,Mystery",6.3,41327,Mystery
48,2012-06-22,Seeking a Friend for the End of the World,10000000,7078738,11766959,6,1766959,17.66959,Profit,tt1307068,Seeking a Friend for the End of the World,"Adventure,Comedy,Drama",6.7,102047,Adventure
48,2012-06-22,Seeking a Friend for the End of the World,10000000,7078738,11766959,6,1766959,17.66959,Profit,tt1307068,Seeking a Friend for the End of the World,"Adventure,Comedy,Drama",6.7,102047,Comedy
48,2012-06-22,Seeking a Friend for the End of the World,10000000,7078738,11766959,6,1766959,17.66959,Profit,tt1307068,Seeking a Friend for the End of the World,"Adventure,Comedy,Drama",6.7,102047,Drama
50,2016-11-11,Shut In,10000000,6900335,11360665,11,1360665,13.60665,Profit,tt2582500,Shut In,"Drama,Mystery,Thriller",4.7,11030,Drama
50,2016-11-11,Shut In,10000000,6900335,11360665,11,1360665,13.60665,Profit,tt2582500,Shut In,"Drama,Mystery,Thriller",4.7,11030,Mystery
50,2016-11-11,Shut In,10000000,6900335,11360665,11,1360665,13.60665,Profit,tt2582500,Shut In,"Drama,Mystery,Thriller",4.7,11030,Thriller
51,2011-02-11,Cedar Rapids,10000000,6861102,7862131,2,-2137869,-21.37869,Loss,tt1477837,Cedar Rapids,Comedy,6.3,34759,Comedy
52,2012-11-30,The Collection,10000000,6810754,8890094,11,-1109906,-11.09906,Loss,tt1748227,The Collection,"Action,Horror,Thriller",6.1,42256,Action
52,2012-11-30,The Collection,10000000,6810754,8890094,11,-1109906,-11.09906,Loss,tt1748227,The Collection,"Action,Horror,Thriller",6.1,42256,Horror
52,2012-11-30,The Collection,10000000,6810754,8890094,11,-1109906,-11.09906,Loss,tt1748227,The Collection,"Action,Horror,Thriller",6.1,42256,Thriller
59,2015-03-20,Danny Collins,10000000,5637066,8465845,3,-1534155,-15.341550000000002,Loss,tt1772288,Danny Collins,"Biography,Comedy,Drama",7.0,27435,Biography
59,2015-03-20,Danny Collins,10000000,5637066,8465845,3,-1534155,-15.341550000000002,Loss,tt1772288,Danny Collins,"Biography,Comedy,Drama",7.0,27435,Comedy
59,2015-03-20,Danny Collins,10000000,5637066,8465845,3,-1534155,-15.341550000000002,Loss,tt1772288,Danny Collins,"Biography,Comedy,Drama",7.0,27435,Drama
64,2018-06-15,Gotti,10000000,4286367,6089100,6,-3910900,-39.109,Loss,tt1801552,Gotti,"Biography,Crime,Drama",4.8,10358,Biography
64,2018-06-15,Gotti,10000000,4286367,6089100,6,-3910900,-39.109,Loss,tt1801552,Gotti,"Biography,Crime,Drama",4.8,10358,Crime
64,2018-06-15,Gotti,10000000,4286367,6089100,6,-3910900,-39.109,Loss,tt1801552,Gotti,"Biography,Crime,Drama",4.8,10358,Drama
65,2012-03-16,"Jeff, Who Lives at Home",10000000,4269426,4708127,3,-5291873,-52.918730000000004,Loss,tt1588334,"Jeff, Who Lives at Home","Comedy,Drama",6.5,60070,Comedy
65,2012-03-16,"Jeff, Who Lives at Home",10000000,4269426,4708127,3,-5291873,-52.918730000000004,Loss,tt1588334,"Jeff, Who Lives at Home","Comedy,Drama",6.5,60070,Drama
66,2016-09-30,Denial,10000000,4073448,9263940,9,-736060,-7.360600000000001,Loss,tt4645330,Denial,"Biography,Drama",6.7,16593,Biography
66,2016-09-30,Denial,10000000,4073448,9263940,9,-736060,-7.360600000000001,Loss,tt4645330,Denial,"Biography,Drama",6.7,16593,Drama
67,2016-04-29,The Man Who Knew Infinity,10000000,3877922,12382122,4,2382122,23.82122,Profit,tt0787524,The Man Who Knew Infinity,"Biography,Drama",7.2,43575,Biography
67,2016-04-29,The Man Who Knew Infinity,10000000,3877922,12382122,4,2382122,23.82122,Profit,tt0787524,The Man Who Knew Infinity,"Biography,Drama",7.2,43575,Drama
68,2016-10-14,Max Steel,10000000,3818664,4563080,10,-5436920,-54.36919999999999,Loss,tt1472584,Max Steel,"Action,Adventure,Family",4.6,16788,Action
68,2016-10-14,Max Steel,10000000,3818664,4563080,10,-5436920,-54.36919999999999,Loss,tt1472584,Max Steel,"Action,Adventure,Family",4.6,16788,Adventure
68,2016-10-14,Max Steel,10000000,3818664,4563080,10,-5436920,-54.36919999999999,Loss,tt1472584,Max Steel,"Action,Adventure,Family",4.6,16788,Family
74,2014-11-14,Rosewater,10000000,3128941,3185717,11,-6814283,-68.14283,Loss,tt2752688,Rosewater,"Biography,Drama",6.6,9836,Biography
74,2014-11-14,Rosewater,10000000,3128941,3185717,11,-6814283,-68.14283,Loss,tt2752688,Rosewater,"Biography,Drama",6.6,9836,Drama
78,2011-09-09,Bucky Larson: Born to Be a Star,10000000,2529395,2529395,9,-7470605,-74.70605,Loss,tt1411664,Bucky Larson: Born to Be a Star,Comedy,3.3,10648,Comedy
81,2013-05-03,The Iceman,10000000,1930282,3623609,5,-6376391,-63.76391,Loss,tt1491044,The Iceman,"Biography,Crime,Drama",6.9,65571,Biography
81,2013-05-03,The Iceman,10000000,1930282,3623609,5,-6376391,-63.76391,Loss,tt1491044,The Iceman,"Biography,Crime,Drama",6.9,65571,Crime
81,2013-05-03,The Iceman,10000000,1930282,3623609,5,-6376391,-63.76391,Loss,tt1491044,The Iceman,"Biography,Crime,Drama",6.9,65571,Drama
82,2015-06-05,Testament of Youth,10000000,1822250,6646669,6,-3353331,-33.53331,Loss,tt1441953,Testament of Youth,"Biography,Drama,History",7.3,23632,Biography
82,2015-06-05,Testament of Youth,10000000,1822250,6646669,6,-3353331,-33.53331,Loss,tt1441953,Testament of Youth,"Biography,Drama,History",7.3,23632,Drama
82,2015-06-05,Testament of Youth,10000000,1822250,6646669,6,-3353331,-33.53331,Loss,tt1441953,Testament of Youth,"Biography,Drama,History",7.3,23632,History
83,2017-04-21,Free Fire,10000000,1799322,3793739,4,-6206261,-62.06260999999999,Loss,tt4158096,Free Fire,"Action,Comedy,Crime",6.4,35954,Action
83,2017-04-21,Free Fire,10000000,1799322,3793739,4,-6206261,-62.06260999999999,Loss,tt4158096,Free Fire,"Action,Comedy,Crime",6.4,35954,Comedy
83,2017-04-21,Free Fire,10000000,1799322,3793739,4,-6206261,-62.06260999999999,Loss,tt4158096,Free Fire,"Action,Comedy,Crime",6.4,35954,Crime
84,2011-06-24,A Better Life,10000000,1759252,1884251,6,-8115749,-81.15749,Loss,tt1554091,A Better Life,"Drama,Romance",7.2,14602,Drama
84,2011-06-24,A Better Life,10000000,1759252,1884251,6,-8115749,-81.15749,Loss,tt1554091,A Better Life,"Drama,Romance",7.2,14602,Romance
88,2010-04-16,The Joneses,10000000,1475746,3541565,4,-6458435,-64.58435,Loss,tt1152830,The Joneses,"Comedy,Drama",6.9,87,Comedy
88,2010-04-16,The Joneses,10000000,1475746,3541565,4,-6458435,-64.58435,Loss,tt1152830,The Joneses,"Comedy,Drama",6.9,87,Drama
90,2012-07-27,Killer Joe,10000000,1291645,4659110,7,-5340890,-53.4089,Loss,tt1726669,Killer Joe,"Crime,Drama,Thriller",6.7,67842,Crime
90,2012-07-27,Killer Joe,10000000,1291645,4659110,7,-5340890,-53.4089,Loss,tt1726669,Killer Joe,"Crime,Drama,Thriller",6.7,67842,Drama
90,2012-07-27,Killer Joe,10000000,1291645,4659110,7,-5340890,-53.4089,Loss,tt1726669,Killer Joe,"Crime,Drama,Thriller",6.7,67842,Thriller
91,2017-06-02,Churchill,10000000,1279681,7582196,6,-2417804,-24.17804,Loss,tt2674454,Churchill,"Biography,Drama,History",6.3,12047,Biography
91,2017-06-02,Churchill,10000000,1279681,7582196,6,-2417804,-24.17804,Loss,tt2674454,Churchill,"Biography,Drama,History",6.3,12047,Drama
91,2017-06-02,Churchill,10000000,1279681,7582196,6,-2417804,-24.17804,Loss,tt2674454,Churchill,"Biography,Drama,History",6.3,12047,History
93,2014-03-21,50 to 1,10000000,1069454,1069454,3,-8930546,-89.30546,Loss,tt1777595,50 to 1,Drama,6.6,1739,Drama
99,2012-01-20,Coriolanus,10000000,749641,2179623,1,-7820377,-78.20376999999999,Loss,tt1372686,Coriolanus,"Drama,Thriller,War",6.1,29654,Drama
99,2012-01-20,Coriolanus,10000000,749641,2179623,1,-7820377,-78.20376999999999,Loss,tt1372686,Coriolanus,"Drama,Thriller,War",6.1,29654,Thriller
99,2012-01-20,Coriolanus,10000000,749641,2179623,1,-7820377,-78.20376999999999,Loss,tt1372686,Coriolanus,"Drama,Thriller,War",6.1,29654,War
100,2013-10-04,Parkland,10000000,641439,1616353,10,-8383647,-83.83646999999999,Loss,tt2345112,Parkland,"Drama,History,Mystery",6.4,14036,Drama
100,2013-10-04,Parkland,10000000,641439,1616353,10,-8383647,-83.83646999999999,Loss,tt2345112,Parkland,"Drama,History,Mystery",6.4,14036,History
100,2013-10-04,Parkland,10000000,641439,1616353,10,-8383647,-83.83646999999999,Loss,tt2345112,Parkland,"Drama,History,Mystery",6.4,14036,Mystery
11,2013-05-03,"Cinco de Mayo, La Batalla",10000000,173472,173472,5,-9826528,-98.26528,Loss,tt2553908,"Cinco de Mayo, La Batalla","Drama,History,War",6.2,799,Drama
11,2013-05-03,"Cinco de Mayo, La Batalla",10000000,173472,173472,5,-9826528,-98.26528,Loss,tt2553908,"Cinco de Mayo, La Batalla","Drama,History,War",6.2,799,History
11,2013-05-03,"Cinco de Mayo, La Batalla",10000000,173472,173472,5,-9826528,-98.26528,Loss,tt2553908,"Cinco de Mayo, La Batalla","Drama,History,War",6.2,799,War
12,2010-10-29,Welcome to the Rileys,10000000,152857,355919,10,-9644081,-96.44081,Loss,tt1183923,Welcome to the Rileys,Drama,7.0,22210,Drama
13,2016-09-09,Kicks,10000000,150191,150191,9,-9849809,-98.49809,Loss,tt4254584,Kicks,"Adventure,Drama",6.3,3789,Adventure
13,2016-09-09,Kicks,10000000,150191,150191,9,-9849809,-98.49809,Loss,tt4254584,Kicks,"Adventure,Drama",6.3,3789,Drama
15,2012-06-01,High School,10000000,139034,248133,6,-9751867,-97.51867,Loss,tt1247667,High School,Comedy,5.8,7060,Comedy
20,2010-02-19,Blood Done Sign My Name,10000000,109383,109383,2,-9890617,-98.90617,Loss,tt1210039,Blood Done Sign My Name,Drama,6.6,494,Drama
24,2014-11-07,Elsa & Fred,10000000,67657,197901,11,-9802099,-98.02099,Loss,tt2113659,Elsa & Fred,"Comedy,Drama,Romance",6.5,2711,Comedy
24,2014-11-07,Elsa & Fred,10000000,67657,197901,11,-9802099,-98.02099,Loss,tt2113659,Elsa & Fred,"Comedy,Drama,Romance",6.5,2711,Drama
24,2014-11-07,Elsa & Fred,10000000,67657,197901,11,-9802099,-98.02099,Loss,tt2113659,Elsa & Fred,"Comedy,Drama,Romance",6.5,2711,Romance
27,2015-07-10,Strangerland,10000000,17472,161097,7,-9838903,-98.38903,Loss,tt2325977,Strangerland,"Drama,Mystery,Thriller",5.2,7999,Drama
27,2015-07-10,Strangerland,10000000,17472,161097,7,-9838903,-98.38903,Loss,tt2325977,Strangerland,"Drama,Mystery,Thriller",5.2,7999,Mystery
27,2015-07-10,Strangerland,10000000,17472,161097,7,-9838903,-98.38903,Loss,tt2325977,Strangerland,"Drama,Mystery,Thriller",5.2,7999,Thriller
32,2014-12-26,Barbecue,10000000,388,247565,12,-9752435,-97.52435,Loss,tt3202120,Barbecue,Comedy,6.1,2301,Comedy
33,2010-12-31,The Reef,10000000,0,15037867,12,5037867,50.37867,Profit,tt1320291,The Reef,"Adventure,Drama,Horror",5.8,15194,Adventure
33,2010-12-31,The Reef,10000000,0,15037867,12,5037867,50.37867,Profit,tt1320291,The Reef,"Adventure,Drama,Horror",5.8,15194,Drama
33,2010-12-31,The Reef,10000000,0,15037867,12,5037867,50.37867,Profit,tt1320291,The Reef,"Adventure,Drama,Horror",5.8,15194,Horror
35,2015-07-21,American Heist,10000000,0,2341218,7,-7658782,-76.58782,Loss,tt2923316,American Heist,"Action,Crime,Drama",5.1,15547,Action
35,2015-07-21,American Heist,10000000,0,2341218,7,-7658782,-76.58782,Loss,tt2923316,American Heist,"Action,Crime,Drama",5.1,15547,Crime
35,2015-07-21,American Heist,10000000,0,2341218,7,-7658782,-76.58782,Loss,tt2923316,American Heist,"Action,Crime,Drama",5.1,15547,Drama
36,2010-10-08,It's a Wonderful Afterlife,10000000,0,1642939,10,-8357061,-83.57061,Loss,tt1319716,It's a Wonderful Afterlife,"Comedy,Drama,Fantasy",5.4,1361,Comedy
36,2010-10-08,It's a Wonderful Afterlife,10000000,0,1642939,10,-8357061,-83.57061,Loss,tt1319716,It's a Wonderful Afterlife,"Comedy,Drama,Fantasy",5.4,1361,Drama
36,2010-10-08,It's a Wonderful Afterlife,10000000,0,1642939,10,-8357061,-83.57061,Loss,tt1319716,It's a Wonderful Afterlife,"Comedy,Drama,Fantasy",5.4,1361,Fantasy
39,2014-09-26,Plastic,10000000,0,575371,9,-9424629,-94.24629,Loss,tt2556874,Plastic,"Action,Comedy,Crime",6.0,7234,Action
39,2014-09-26,Plastic,10000000,0,575371,9,-9424629,-94.24629,Loss,tt2556874,Plastic,"Action,Comedy,Crime",6.0,7234,Comedy
39,2014-09-26,Plastic,10000000,0,575371,9,-9424629,-94.24629,Loss,tt2556874,Plastic,"Action,Comedy,Crime",6.0,7234,Crime
40,2015-03-10,Jungle Shuffle,10000000,0,360898,3,-9639102,-96.39102000000001,Loss,tt2722786,Jungle Shuffle,"Adventure,Animation",4.8,223,Adventure
40,2015-03-10,Jungle Shuffle,10000000,0,360898,3,-9639102,-96.39102000000001,Loss,tt2722786,Jungle Shuffle,"Adventure,Animation",4.8,223,Animation
45,2012-04-13,Detention,10000000,0,0,4,-10000000,-100.0,Loss,tt1701990,Detention,"Comedy,Horror,Mystery",5.8,14221,Comedy
45,2012-04-13,Detention,10000000,0,0,4,-10000000,-100.0,Loss,tt1701990,Detention,"Comedy,Horror,Mystery",5.8,14221,Horror
45,2012-04-13,Detention,10000000,0,0,4,-10000000,-100.0,Loss,tt1701990,Detention,"Comedy,Horror,Mystery",5.8,14221,Mystery
46,2014-02-07,Nurse 3D,10000000,0,0,2,-10000000,-100.0,Loss,tt1913166,Nurse 3D,"Horror,Thriller",4.6,8768,Horror
46,2014-02-07,Nurse 3D,10000000,0,0,2,-10000000,-100.0,Loss,tt1913166,Nurse 3D,"Horror,Thriller",4.6,8768,Thriller
47,2015-05-19,Into the Grizzly Maze,10000000,0,0,5,-10000000,-100.0,Loss,tt1694021,Into the Grizzly Maze,"Action,Adventure,Drama",5.3,7006,Action
47,2015-05-19,Into the Grizzly Maze,10000000,0,0,5,-10000000,-100.0,Loss,tt1694021,Into the Grizzly Maze,"Action,Adventure,Drama",5.3,7006,Adventure
47,2015-05-19,Into the Grizzly Maze,10000000,0,0,5,-10000000,-100.0,Loss,tt1694021,Into the Grizzly Maze,"Action,Adventure,Drama",5.3,7006,Drama
48,2017-09-22,Friend Request,9900000,3759078,11310835,9,1410835,14.250858585858586,Profit,tt3352390,Friend Request,"Horror,Thriller",5.3,21704,Horror
48,2017-09-22,Friend Request,9900000,3759078,11310835,9,1410835,14.250858585858586,Profit,tt3352390,Friend Request,"Horror,Thriller",5.3,21704,Thriller
49,2010-04-30,Gunless,9900000,458054,458054,4,-9441946,-95.37319191919192,Loss,tt1376195,Gunless,"Action,Comedy,Drama",6.5,3376,Action
49,2010-04-30,Gunless,9900000,458054,458054,4,-9441946,-95.37319191919192,Loss,tt1376195,Gunless,"Action,Comedy,Drama",6.5,3376,Comedy
49,2010-04-30,Gunless,9900000,458054,458054,4,-9441946,-95.37319191919192,Loss,tt1376195,Gunless,"Action,Comedy,Drama",6.5,3376,Drama
51,2012-12-19,Amour,9700000,6738954,36787044,12,27087044,279.24787628865977,Profit,tt1602620,Amour,"Drama,Romance",7.9,84960,Drama
51,2012-12-19,Amour,9700000,6738954,36787044,12,27087044,279.24787628865977,Profit,tt1602620,Amour,"Drama,Romance",7.9,84960,Romance
56,2016-12-21,Dangal,9500000,12391761,294654618,12,285154618,3001.627557894737,Profit,tt5074352,Dangal,"Action,Biography,Drama",8.5,123638,Action
56,2016-12-21,Dangal,9500000,12391761,294654618,12,285154618,3001.627557894737,Profit,tt5074352,Dangal,"Action,Biography,Drama",8.5,123638,Biography
56,2016-12-21,Dangal,9500000,12391761,294654618,12,285154618,3001.627557894737,Profit,tt5074352,Dangal,"Action,Biography,Drama",8.5,123638,Drama
57,2010-03-19,The Runaways,9500000,3573673,5278632,3,-4221368,-44.43545263157895,Loss,tt1017451,The Runaways,"Biography,Drama,Music",6.6,43792,Biography
57,2010-03-19,The Runaways,9500000,3573673,5278632,3,-4221368,-44.43545263157895,Loss,tt1017451,The Runaways,"Biography,Drama,Music",6.6,43792,Drama
57,2010-03-19,The Runaways,9500000,3573673,5278632,3,-4221368,-44.43545263157895,Loss,tt1017451,The Runaways,"Biography,Drama,Music",6.6,43792,Music
59,2013-12-31,Re-Kill,9500000,0,0,12,-9500000,-100.0,Loss,tt1612319,Re-Kill,"Action,Horror",5.0,2328,Action
59,2013-12-31,Re-Kill,9500000,0,0,12,-9500000,-100.0,Loss,tt1612319,Re-Kill,"Action,Horror",5.0,2328,Horror
62,2011-11-11,Melancholia,9400000,3030848,21817298,11,12417298,132.09891489361704,Profit,tt1527186,Melancholia,"Drama,Sci-Fi",7.2,153434,Drama
62,2011-11-11,Melancholia,9400000,3030848,21817298,11,12417298,132.09891489361704,Profit,tt1527186,Melancholia,"Drama,Sci-Fi",7.2,153434,Sci-Fi
64,2012-11-13,Jab Tak Hai Jaan,9200000,3047539,5806666,11,-3393334,-36.8840652173913,Loss,tt2176013,Jab Tak Hai Jaan,"Drama,Romance",6.8,48364,Drama
64,2012-11-13,Jab Tak Hai Jaan,9200000,3047539,5806666,11,-3393334,-36.8840652173913,Loss,tt2176013,Jab Tak Hai Jaan,"Drama,Romance",6.8,48364,Romance
66,2010-05-21,Kites,9200000,1685269,17155193,5,7955193,86.46948913043478,Profit,tt1198101,Kites,"Action,Drama,Romance",6.1,11353,Action
66,2010-05-21,Kites,9200000,1685269,17155193,5,7955193,86.46948913043478,Profit,tt1198101,Kites,"Action,Drama,Romance",6.1,11353,Drama
66,2010-05-21,Kites,9200000,1685269,17155193,5,7955193,86.46948913043478,Profit,tt1198101,Kites,"Action,Drama,Romance",6.1,11353,Romance
67,2011-12-31,Red Dog,9100000,0,20927794,12,11827794,129.97575824175826,Profit,tt0803061,Red Dog,"Biography,Comedy,Drama",7.4,15357,Biography
67,2011-12-31,Red Dog,9100000,0,20927794,12,11827794,129.97575824175826,Profit,tt0803061,Red Dog,"Biography,Comedy,Drama",7.4,15357,Comedy
67,2011-12-31,Red Dog,9100000,0,20927794,12,11827794,129.97575824175826,Profit,tt0803061,Red Dog,"Biography,Comedy,Drama",7.4,15357,Drama
71,2014-07-18,The Purge: Anarchy,9000000,71562550,111534881,7,102534881,1139.2764555555555,Profit,tt2975578,The Purge: Anarchy,"Action,Horror,Sci-Fi",6.5,126203,Action
71,2014-07-18,The Purge: Anarchy,9000000,71562550,111534881,7,102534881,1139.2764555555555,Profit,tt2975578,The Purge: Anarchy,"Action,Horror,Sci-Fi",6.5,126203,Horror
71,2014-07-18,The Purge: Anarchy,9000000,71562550,111534881,7,102534881,1139.2764555555555,Profit,tt2975578,The Purge: Anarchy,"Action,Horror,Sci-Fi",6.5,126203,Sci-Fi
75,2016-10-21,Ouija: Origin of Evil,9000000,35144505,81831866,10,72831866,809.2429555555557,Profit,tt4361050,Ouija: Origin of Evil,"Drama,Horror,Mystery",6.1,47099,Drama
75,2016-10-21,Ouija: Origin of Evil,9000000,35144505,81831866,10,72831866,809.2429555555557,Profit,tt4361050,Ouija: Origin of Evil,"Drama,Horror,Mystery",6.1,47099,Horror
75,2016-10-21,Ouija: Origin of Evil,9000000,35144505,81831866,10,72831866,809.2429555555557,Profit,tt4361050,Ouija: Origin of Evil,"Drama,Horror,Mystery",6.1,47099,Mystery
78,2019-02-13,Happy Death Day 2U,9000000,28051045,64179495,2,55179495,613.1055,Profit,tt8155288,Happy Death Day 2U,"Drama,Horror,Mystery",6.3,27462,Drama
78,2019-02-13,Happy Death Day 2U,9000000,28051045,64179495,2,55179495,613.1055,Profit,tt8155288,Happy Death Day 2U,"Drama,Horror,Mystery",6.3,27462,Horror
78,2019-02-13,Happy Death Day 2U,9000000,28051045,64179495,2,55179495,613.1055,Profit,tt8155288,Happy Death Day 2U,"Drama,Horror,Mystery",6.3,27462,Mystery
80,2015-01-30,Black or White,9000000,21571189,21971021,1,12971021,144.12245555555558,Profit,tt2883434,Black or White,Drama,6.6,10659,Drama
86,2016-11-18,The Edge of Seventeen,9000000,14431633,19096003,11,10096003,112.17781111111111,Profit,tt1878870,The Edge of Seventeen,"Comedy,Drama",7.3,87602,Comedy
86,2016-11-18,The Edge of Seventeen,9000000,14431633,19096003,11,10096003,112.17781111111111,Profit,tt1878870,The Edge of Seventeen,"Comedy,Drama",7.3,87602,Drama
87,2016-12-02,Jackie,9000000,13960394,36588512,12,27588512,306.53902222222223,Profit,tt1619029,Jackie,"Biography,Drama,History",6.7,66008,Biography
87,2016-12-02,Jackie,9000000,13960394,36588512,12,27588512,306.53902222222223,Profit,tt1619029,Jackie,"Biography,Drama,History",6.7,66008,Drama
87,2016-12-02,Jackie,9000000,13960394,36588512,12,27588512,306.53902222222223,Profit,tt1619029,Jackie,"Biography,Drama,History",6.7,66008,History
90,2011-08-12,Glee: The 3D Concert Movie,9000000,11862398,17462398,8,8462398,94.02664444444444,Profit,tt1922612,Glee: The 3D Concert Movie,"Documentary,Music",5.4,5449,Documentary
90,2011-08-12,Glee: The 3D Concert Movie,9000000,11862398,17462398,8,8462398,94.02664444444444,Profit,tt1922612,Glee: The 3D Concert Movie,"Documentary,Music",5.4,5449,Music
92,2016-11-04,Loving,9000000,7710234,12898064,11,3898064,43.311822222222226,Profit,tt4669986,Loving,"Biography,Drama,Romance",7.0,28079,Biography
92,2016-11-04,Loving,9000000,7710234,12898064,11,3898064,43.311822222222226,Profit,tt4669986,Loving,"Biography,Drama,Romance",7.0,28079,Drama
92,2016-11-04,Loving,9000000,7710234,12898064,11,3898064,43.311822222222226,Profit,tt4669986,Loving,"Biography,Drama,Romance",7.0,28079,Romance
3,2013-03-22,The Sapphires,9000000,2450867,20395040,3,11395040,126.61155555555557,Profit,tt1673697,The Sapphires,"Biography,Comedy,Drama",7.0,12143,Biography
3,2013-03-22,The Sapphires,9000000,2450867,20395040,3,11395040,126.61155555555557,Profit,tt1673697,The Sapphires,"Biography,Comedy,Drama",7.0,12143,Comedy
3,2013-03-22,The Sapphires,9000000,2450867,20395040,3,11395040,126.61155555555557,Profit,tt1673697,The Sapphires,"Biography,Comedy,Drama",7.0,12143,Drama
4,2016-08-26,Greater,9000000,2000093,2000093,8,-6999907,-77.77674444444445,Loss,tt2950418,Greater,"Biography,Family,Sport",7.2,3438,Biography
4,2016-08-26,Greater,9000000,2000093,2000093,8,-6999907,-77.77674444444445,Loss,tt2950418,Greater,"Biography,Family,Sport",7.2,3438,Family
4,2016-08-26,Greater,9000000,2000093,2000093,8,-6999907,-77.77674444444445,Loss,tt2950418,Greater,"Biography,Family,Sport",7.2,3438,Sport
5,2018-12-25,Destroyer,9000000,1533324,3681096,12,-5318904,-59.098933333333335,Loss,tt7137380,Destroyer,"Action,Crime,Drama",6.2,13683,Action
5,2018-12-25,Destroyer,9000000,1533324,3681096,12,-5318904,-59.098933333333335,Loss,tt7137380,Destroyer,"Action,Crime,Drama",6.2,13683,Crime
5,2018-12-25,Destroyer,9000000,1533324,3681096,12,-5318904,-59.098933333333335,Loss,tt7137380,Destroyer,"Action,Crime,Drama",6.2,13683,Drama
12,2016-05-06,Dheepan,9000000,248795,7704357,5,-1295643,-14.396033333333333,Loss,tt4082068,Dheepan,"Crime,Drama",7.2,12312,Crime
12,2016-05-06,Dheepan,9000000,248795,7704357,5,-1295643,-14.396033333333333,Loss,tt4082068,Dheepan,"Crime,Drama",7.2,12312,Drama
19,2015-05-08,Skin Trade,9000000,1242,1242,5,-8998758,-99.9862,Loss,tt1641841,Skin Trade,"Action,Crime,Thriller",5.7,6942,Action
19,2015-05-08,Skin Trade,9000000,1242,1242,5,-8998758,-99.9862,Loss,tt1641841,Skin Trade,"Action,Crime,Thriller",5.7,6942,Crime
19,2015-05-08,Skin Trade,9000000,1242,1242,5,-8998758,-99.9862,Loss,tt1641841,Skin Trade,"Action,Crime,Thriller",5.7,6942,Thriller
20,2014-06-17,Beneath Hill 60,9000000,0,3440939,6,-5559061,-61.76734444444445,Loss,tt1418646,Beneath Hill 60,"Drama,History,War",7.1,6903,Drama
20,2014-06-17,Beneath Hill 60,9000000,0,3440939,6,-5559061,-61.76734444444445,Loss,tt1418646,Beneath Hill 60,"Drama,History,War",7.1,6903,History
20,2014-06-17,Beneath Hill 60,9000000,0,3440939,6,-5559061,-61.76734444444445,Loss,tt1418646,Beneath Hill 60,"Drama,History,War",7.1,6903,War
24,2012-05-18,Polisse,8900000,176988,22744132,5,13844132,155.55204494382022,Profit,tt1661420,Polisse,"Crime,Drama",7.3,12506,Crime
24,2012-05-18,Polisse,8900000,176988,22744132,5,13844132,155.55204494382022,Profit,tt1661420,Polisse,"Crime,Drama",7.3,12506,Drama
25,2015-11-13,Heist,8900000,50136,3324131,11,-5575869,-62.65021348314607,Loss,tt3276924,Heist,"Action,Crime,Thriller",6.1,24740,Action
25,2015-11-13,Heist,8900000,50136,3324131,11,-5575869,-62.65021348314607,Loss,tt3276924,Heist,"Action,Crime,Thriller",6.1,24740,Crime
25,2015-11-13,Heist,8900000,50136,3324131,11,-5575869,-62.65021348314607,Loss,tt3276924,Heist,"Action,Crime,Thriller",6.1,24740,Thriller
30,2016-11-18,Manchester by the Sea,8500000,47695371,77733867,11,69233867,814.5160823529412,Profit,tt4034228,Manchester by the Sea,Drama,7.8,214557,Drama
34,2014-10-31,Nightcrawler,8500000,32381218,50334418,10,41834418,492.16962352941175,Profit,tt2872718,Nightcrawler,"Crime,Drama,Thriller",7.9,404476,Crime
34,2014-10-31,Nightcrawler,8500000,32381218,50334418,10,41834418,492.16962352941175,Profit,tt2872718,Nightcrawler,"Crime,Drama,Thriller",7.9,404476,Drama
34,2014-10-31,Nightcrawler,8500000,32381218,50334418,10,41834418,492.16962352941175,Profit,tt2872718,Nightcrawler,"Crime,Drama,Thriller",7.9,404476,Thriller
36,2019-01-16,Dragon Ball Super: Broly,8500000,30376755,122747755,1,114247755,1344.0912352941175,Profit,tt7961060,Dragon Ball Super: Broly,"Action,Adventure,Animation",8.0,16465,Action
36,2019-01-16,Dragon Ball Super: Broly,8500000,30376755,122747755,1,114247755,1344.0912352941175,Profit,tt7961060,Dragon Ball Super: Broly,"Action,Adventure,Animation",8.0,16465,Adventure
36,2019-01-16,Dragon Ball Super: Broly,8500000,30376755,122747755,1,114247755,1344.0912352941175,Profit,tt7961060,Dragon Ball Super: Broly,"Action,Adventure,Animation",8.0,16465,Animation
38,2013-09-27,Baggage Claim,8500000,21569509,22885836,9,14385836,169.2451294117647,Profit,tt1171222,Baggage Claim,Comedy,5.1,8296,Comedy
39,2016-10-07,Middle School: The Worst Years of My Life,8500000,20007149,23311293,10,14811293,174.25050588235294,Profit,tt4981636,Middle School: The Worst Years of My Life,"Comedy,Family",6.1,6413,Comedy
39,2016-10-07,Middle School: The Worst Years of My Life,8500000,20007149,23311293,10,14811293,174.25050588235294,Profit,tt4981636,Middle School: The Worst Years of My Life,"Comedy,Family",6.1,6413,Family
47,2014-06-13,The Rover,8500000,1109199,3180252,6,-5319748,-62.585270588235296,Loss,tt2345737,The Rover,"Action,Crime,Drama",6.4,40576,Action
47,2014-06-13,The Rover,8500000,1109199,3180252,6,-5319748,-62.585270588235296,Loss,tt2345737,The Rover,"Action,Crime,Drama",6.4,40576,Crime
47,2014-06-13,The Rover,8500000,1109199,3180252,6,-5319748,-62.585270588235296,Loss,tt2345737,The Rover,"Action,Crime,Drama",6.4,40576,Drama
50,2017-12-31,Posledniy bogatyr,8500000,0,30700192,12,22200192,261.1787294117647,Profit,tt6175394,Posledniy bogatyr,"Action,Adventure,Comedy",6.6,1853,Action
50,2017-12-31,Posledniy bogatyr,8500000,0,30700192,12,22200192,261.1787294117647,Profit,tt6175394,Posledniy bogatyr,"Action,Adventure,Comedy",6.6,1853,Adventure
50,2017-12-31,Posledniy bogatyr,8500000,0,30700192,12,22200192,261.1787294117647,Profit,tt6175394,Posledniy bogatyr,"Action,Adventure,Comedy",6.6,1853,Comedy
51,2016-11-01,A.C.O.R.N.S.: Operation Crackdown,8500000,0,1353287,11,-7146713,-84.07897647058824,Loss,tt2097333,A.C.O.R.N.S.: Operation Crackdown,"Animation,Comedy,Family",3.9,312,Animation
51,2016-11-01,A.C.O.R.N.S.: Operation Crackdown,8500000,0,1353287,11,-7146713,-84.07897647058824,Loss,tt2097333,A.C.O.R.N.S.: Operation Crackdown,"Animation,Comedy,Family",3.9,312,Comedy
51,2016-11-01,A.C.O.R.N.S.: Operation Crackdown,8500000,0,1353287,11,-7146713,-84.07897647058824,Loss,tt2097333,A.C.O.R.N.S.: Operation Crackdown,"Animation,Comedy,Family",3.9,312,Family
54,2013-05-31,Yeh Jawaani Hai Deewani,8300000,3827466,50827466,5,42527466,512.3791084337349,Profit,tt2178470,Yeh Jawaani Hai Deewani,"Comedy,Drama,Musical",7.1,33971,Comedy
54,2013-05-31,Yeh Jawaani Hai Deewani,8300000,3827466,50827466,5,42527466,512.3791084337349,Profit,tt2178470,Yeh Jawaani Hai Deewani,"Comedy,Drama,Musical",7.1,33971,Drama
54,2013-05-31,Yeh Jawaani Hai Deewani,8300000,3827466,50827466,5,42527466,512.3791084337349,Profit,tt2178470,Yeh Jawaani Hai Deewani,"Comedy,Drama,Musical",7.1,33971,Musical
67,2010-09-17,Easy A,8000000,58401464,76200721,9,68200721,852.5090125,Profit,tt1282140,Easy A,"Comedy,Drama,Romance",7.1,330125,Comedy
67,2010-09-17,Easy A,8000000,58401464,76200721,9,68200721,852.5090125,Profit,tt1282140,Easy A,"Comedy,Drama,Romance",7.1,330125,Drama
67,2010-09-17,Easy A,8000000,58401464,76200721,9,68200721,852.5090125,Profit,tt1282140,Easy A,"Comedy,Drama,Romance",7.1,330125,Romance
72,2019-05-03,The Intruder,8000000,35095904,36005871,5,28005871,350.07338749999997,Profit,tt6722030,The Intruder,"Drama,Horror,Mystery",5.5,1912,Drama
72,2019-05-03,The Intruder,8000000,35095904,36005871,5,28005871,350.07338749999997,Profit,tt6722030,The Intruder,"Drama,Horror,Mystery",5.5,1912,Horror
72,2019-05-03,The Intruder,8000000,35095904,36005871,5,28005871,350.07338749999997,Profit,tt6722030,The Intruder,"Drama,Horror,Mystery",5.5,1912,Mystery
73,2011-09-30,50/50,8000000,35016118,41334735,9,33334735,416.6841875,Profit,tt1306980,50/50,"Comedy,Drama,Romance",7.7,300475,Comedy
73,2011-09-30,50/50,8000000,35016118,41334735,9,33334735,416.6841875,Profit,tt1306980,50/50,"Comedy,Drama,Romance",7.7,300475,Drama
73,2011-09-30,50/50,8000000,35016118,41334735,9,33334735,416.6841875,Profit,tt1306980,50/50,"Comedy,Drama,Romance",7.7,300475,Romance
75,2015-09-02,A Walk in the Woods,8000000,29499394,37119358,9,29119358,363.99197499999997,Profit,tt1178665,A Walk in the Woods,"Adventure,Biography,Comedy",6.3,22033,Adventure
75,2015-09-02,A Walk in the Woods,8000000,29499394,37119358,9,29119358,363.99197499999997,Profit,tt1178665,A Walk in the Woods,"Adventure,Biography,Comedy",6.3,22033,Biography
75,2015-09-02,A Walk in the Woods,8000000,29499394,37119358,9,29119358,363.99197499999997,Profit,tt1178665,A Walk in the Woods,"Adventure,Biography,Comedy",6.3,22033,Comedy
78,2014-01-31,That Awkward Moment,8000000,26068955,53068955,1,45068955,563.3619375000001,Profit,tt1800246,That Awkward Moment,"Comedy,Romance",6.2,92148,Comedy
78,2014-01-31,That Awkward Moment,8000000,26068955,53068955,1,45068955,563.3619375000001,Profit,tt1800246,That Awkward Moment,"Comedy,Romance",6.2,92148,Romance
88,2013-09-18,Enough Said,8000000,17550872,25621449,9,17621449,220.26811249999997,Profit,tt2390361,Enough Said,"Comedy,Drama,Romance",7.0,55698,Comedy
88,2013-09-18,Enough Said,8000000,17550872,25621449,9,17621449,220.26811249999997,Profit,tt2390361,Enough Said,"Comedy,Drama,Romance",7.0,55698,Drama
88,2013-09-18,Enough Said,8000000,17550872,25621449,9,17621449,220.26811249999997,Profit,tt2390361,Enough Said,"Comedy,Drama,Romance",7.0,55698,Romance
91,2014-06-27,Begin Again,8000000,16170632,68838736,6,60838736,760.4842,Profit,tt1980929,Begin Again,"Comedy,Drama,Music",7.4,129884,Comedy
91,2014-06-27,Begin Again,8000000,16170632,68838736,6,60838736,760.4842,Profit,tt1980929,Begin Again,"Comedy,Drama,Music",7.4,129884,Drama
91,2014-06-27,Begin Again,8000000,16170632,68838736,6,60838736,760.4842,Profit,tt1980929,Begin Again,"Comedy,Drama,Music",7.4,129884,Music
97,2011-04-29,Prom,8000000,10130219,10763183,4,2763183,34.5397875,Profit,tt1604171,Prom,"Comedy,Drama,Family",5.4,14279,Comedy
97,2011-04-29,Prom,8000000,10130219,10763183,4,2763183,34.5397875,Profit,tt1604171,Prom,"Comedy,Drama,Family",5.4,14279,Drama
97,2011-04-29,Prom,8000000,10130219,10763183,4,2763183,34.5397875,Profit,tt1604171,Prom,"Comedy,Drama,Family",5.4,14279,Family
100,2015-06-12,Me and Earl and the Dying Girl,8000000,6758416,9266180,6,1266180,15.827250000000001,Profit,tt2582496,Me and Earl and the Dying Girl,"Comedy,Drama,Romance",7.8,112627,Comedy
100,2015-06-12,Me and Earl and the Dying Girl,8000000,6758416,9266180,6,1266180,15.827250000000001,Profit,tt2582496,Me and Earl and the Dying Girl,"Comedy,Drama,Romance",7.8,112627,Drama
100,2015-06-12,Me and Earl and the Dying Girl,8000000,6758416,9266180,6,1266180,15.827250000000001,Profit,tt2582496,Me and Earl and the Dying Girl,"Comedy,Drama,Romance",7.8,112627,Romance
1,2010-10-08,It's Kind of a Funny Story,8000000,6363628,6632950,10,-1367050,-17.088125,Loss,tt0804497,It's Kind of a Funny Story,"Comedy,Drama,Romance",7.1,125583,Comedy
1,2010-10-08,It's Kind of a Funny Story,8000000,6363628,6632950,10,-1367050,-17.088125,Loss,tt0804497,It's Kind of a Funny Story,"Comedy,Drama,Romance",7.1,125583,Drama
1,2010-10-08,It's Kind of a Funny Story,8000000,6363628,6632950,10,-1367050,-17.088125,Loss,tt0804497,It's Kind of a Funny Story,"Comedy,Drama,Romance",7.1,125583,Romance
5,2016-09-02,Morgan,8000000,3915251,7298786,9,-701214,-8.765175,Loss,tt4520364,Morgan,"Action,Horror,Sci-Fi",5.8,35487,Action
5,2016-09-02,Morgan,8000000,3915251,7298786,9,-701214,-8.765175,Loss,tt4520364,Morgan,"Action,Horror,Sci-Fi",5.8,35487,Horror
5,2016-09-02,Morgan,8000000,3915251,7298786,9,-701214,-8.765175,Loss,tt4520364,Morgan,"Action,Horror,Sci-Fi",5.8,35487,Sci-Fi
6,2015-12-30,Anomalisa,8000000,3759286,5706168,12,-2293832,-28.672900000000002,Loss,tt2401878,Anomalisa,"Animation,Comedy,Drama",7.3,58010,Animation
6,2015-12-30,Anomalisa,8000000,3759286,5706168,12,-2293832,-28.672900000000002,Loss,tt2401878,Anomalisa,"Animation,Comedy,Drama",7.3,58010,Comedy
6,2015-12-30,Anomalisa,8000000,3759286,5706168,12,-2293832,-28.672900000000002,Loss,tt2401878,Anomalisa,"Animation,Comedy,Drama",7.3,58010,Drama
8,2010-12-29,Another Year,8000000,3205706,20005613,12,12005613,150.0701625,Profit,tt1431181,Another Year,"Comedy,Drama",7.3,26273,Comedy
8,2010-12-29,Another Year,8000000,3205706,20005613,12,12005613,150.0701625,Profit,tt1431181,Another Year,"Comedy,Drama",7.3,26273,Drama
13,2018-04-06,Lean on Pete,8000000,1163056,2455027,4,-5544973,-69.3121625,Loss,tt5340300,Lean on Pete,"Adventure,Drama",7.2,8607,Adventure
13,2018-04-06,Lean on Pete,8000000,1163056,2455027,4,-5544973,-69.3121625,Loss,tt5340300,Lean on Pete,"Adventure,Drama",7.2,8607,Drama
14,2010-11-19,Made in Dagenham,8000000,1095369,15644196,11,7644196,95.55245,Profit,tt1371155,Made in Dagenham,"Biography,Comedy,Drama",7.2,13121,Biography
14,2010-11-19,Made in Dagenham,8000000,1095369,15644196,11,7644196,95.55245,Profit,tt1371155,Made in Dagenham,"Biography,Comedy,Drama",7.2,13121,Comedy
14,2010-11-19,Made in Dagenham,8000000,1095369,15644196,11,7644196,95.55245,Profit,tt1371155,Made in Dagenham,"Biography,Comedy,Drama",7.2,13121,Drama
16,2019-05-03,El Chicano,8000000,700261,700261,5,-7299739,-91.2467375,Loss,tt7374952,El Chicano,Drama,5.7,290,Drama
24,2018-10-26,London Fields,8000000,252676,433732,10,-7566268,-94.57835,Loss,tt1273221,London Fields,"Crime,Mystery,Thriller",4.3,2871,Crime
24,2018-10-26,London Fields,8000000,252676,433732,10,-7566268,-94.57835,Loss,tt1273221,London Fields,"Crime,Mystery,Thriller",4.3,2871,Mystery
24,2018-10-26,London Fields,8000000,252676,433732,10,-7566268,-94.57835,Loss,tt1273221,London Fields,"Crime,Mystery,Thriller",4.3,2871,Thriller
25,2011-09-16,Restless,8000000,163753,2772511,9,-5227489,-65.3436125,Loss,tt1498569,Restless,"Drama,Romance",6.8,16736,Drama
25,2011-09-16,Restless,8000000,163753,2772511,9,-5227489,-65.3436125,Loss,tt1498569,Restless,"Drama,Romance",6.8,16736,Romance
28,2010-10-29,Wild Target,8000000,109338,5314194,10,-2685806,-33.572575,Loss,tt1235189,Wild Target,"Action,Comedy,Crime",6.8,33915,Action
28,2010-10-29,Wild Target,8000000,109338,5314194,10,-2685806,-33.572575,Loss,tt1235189,Wild Target,"Action,Comedy,Crime",6.8,33915,Comedy
28,2010-10-29,Wild Target,8000000,109338,5314194,10,-2685806,-33.572575,Loss,tt1235189,Wild Target,"Action,Comedy,Crime",6.8,33915,Crime
30,2012-10-05,Wuthering Heights,8000000,100915,2721534,10,-5278466,-65.980825,Loss,tt1181614,Wuthering Heights,"Drama,Romance",6.1,8549,Drama
30,2012-10-05,Wuthering Heights,8000000,100915,2721534,10,-5278466,-65.980825,Loss,tt1181614,Wuthering Heights,"Drama,Romance",6.1,8549,Romance
31,2016-11-18,A Street Cat Named Bob,8000000,82703,17382693,11,9382693,117.28366249999999,Profit,tt3606888,A Street Cat Named Bob,"Biography,Comedy,Drama",7.4,23204,Biography
31,2016-11-18,A Street Cat Named Bob,8000000,82703,17382693,11,9382693,117.28366249999999,Profit,tt3606888,A Street Cat Named Bob,"Biography,Comedy,Drama",7.4,23204,Comedy
31,2016-11-18,A Street Cat Named Bob,8000000,82703,17382693,11,9382693,117.28366249999999,Profit,tt3606888,A Street Cat Named Bob,"Biography,Comedy,Drama",7.4,23204,Drama
33,2015-05-22,Aloft,8000000,53086,237688,5,-7762312,-97.0289,Loss,tt2494384,Aloft,Drama,5.3,3001,Drama
42,2014-08-12,Swelter,8000000,0,44197,8,-7955803,-99.44753750000001,Loss,tt2112277,Swelter,"Action,Crime,Drama",4.6,2536,Action
42,2014-08-12,Swelter,8000000,0,44197,8,-7955803,-99.44753750000001,Loss,tt2112277,Swelter,"Action,Crime,Drama",4.6,2536,Crime
42,2014-08-12,Swelter,8000000,0,44197,8,-7955803,-99.44753750000001,Loss,tt2112277,Swelter,"Action,Crime,Drama",4.6,2536,Drama
47,2016-05-06,Code of Honor,8000000,0,0,5,-8000000,-100.0,Loss,tt4060866,Code of Honor,"Action,Crime,Thriller",4.2,1961,Action
47,2016-05-06,Code of Honor,8000000,0,0,5,-8000000,-100.0,Loss,tt4060866,Code of Honor,"Action,Crime,Thriller",4.2,1961,Crime
47,2016-05-06,Code of Honor,8000000,0,0,5,-8000000,-100.0,Loss,tt4060866,Code of Honor,"Action,Crime,Thriller",4.2,1961,Thriller
48,2019-06-21,Burn Your Maps,8000000,0,0,6,-8000000,-100.0,Loss,tt4882548,Burn Your Maps,Adventure,7.9,240,Adventure
67,2011-12-21,Albert Nobbs,7500000,3014696,8539003,12,1039003,13.853373333333332,Profit,tt1602098,Albert Nobbs,"Drama,Romance",6.7,22213,Drama
67,2011-12-21,Albert Nobbs,7500000,3014696,8539003,12,1039003,13.853373333333332,Profit,tt1602098,Albert Nobbs,"Drama,Romance",6.7,22213,Romance
68,2016-06-24,The Neon Demon,7500000,1333124,3559803,6,-3940197,-52.53596,Loss,tt1974419,The Neon Demon,"Horror,Thriller",6.2,72359,Horror
68,2016-06-24,The Neon Demon,7500000,1333124,3559803,6,-3940197,-52.53596,Loss,tt1974419,The Neon Demon,"Horror,Thriller",6.2,72359,Thriller
74,2015-01-09,Black November,7500000,0,32572,1,-7467428,-99.56570666666667,Loss,tt2147225,Black November,"Action,Crime,Drama",5.4,489,Action
74,2015-01-09,Black November,7500000,0,32572,1,-7467428,-99.56570666666667,Loss,tt2147225,Black November,"Action,Crime,Drama",5.4,489,Crime
74,2015-01-09,Black November,7500000,0,32572,1,-7467428,-99.56570666666667,Loss,tt2147225,Black November,"Action,Crime,Drama",5.4,489,Drama
75,2015-02-24,Outside Bet,7500000,0,13524,2,-7486476,-99.81968,Loss,tt1772422,Outside Bet,Comedy,5.0,267,Comedy
76,2015-05-15,Pound of Flesh,7500000,0,0,5,-7500000,-100.0,Loss,tt3488328,Pound of Flesh,"Action,Thriller",5.2,5511,Action
76,2015-05-15,Pound of Flesh,7500000,0,0,5,-7500000,-100.0,Loss,tt3488328,Pound of Flesh,"Action,Thriller",5.2,5511,Thriller
77,2017-01-13,The Bye Bye Man,7400000,22395806,31187727,1,23787727,321.4557702702703,Profit,tt4030600,The Bye Bye Man,"Drama,Fantasy,Horror",4.3,17743,Drama
77,2017-01-13,The Bye Bye Man,7400000,22395806,31187727,1,23787727,321.4557702702703,Profit,tt4030600,The Bye Bye Man,"Drama,Fantasy,Horror",4.3,17743,Fantasy
77,2017-01-13,The Bye Bye Man,7400000,22395806,31187727,1,23787727,321.4557702702703,Profit,tt4030600,The Bye Bye Man,"Drama,Fantasy,Horror",4.3,17743,Horror
85,2011-09-16,3,7200000,59774,295492,9,-6904508,-95.89594444444445,Loss,tt1517177,3,"Comedy,Drama,Romance",6.7,4722,Comedy
85,2011-09-16,3,7200000,59774,295492,9,-6904508,-95.89594444444445,Loss,tt1517177,3,"Comedy,Drama,Romance",6.7,4722,Drama
85,2011-09-16,3,7200000,59774,295492,9,-6904508,-95.89594444444445,Loss,tt1517177,3,"Comedy,Drama,Romance",6.7,4722,Romance
88,2012-06-29,Magic Mike,7000000,113721571,170549753,6,163549753,2336.4250428571427,Profit,tt1915581,Magic Mike,"Comedy,Drama",6.1,123955,Comedy
88,2012-06-29,Magic Mike,7000000,113721571,170549753,6,163549753,2336.4250428571427,Profit,tt1915581,Magic Mike,"Comedy,Drama",6.1,123955,Drama
90,2018-03-16,I Can Only Imagine,7000000,83482352,85604221,3,78604221,1122.917442857143,Profit,tt6450186,I Can Only Imagine,"Biography,Drama,Family",7.4,11439,Biography
90,2018-03-16,I Can Only Imagine,7000000,83482352,85604221,3,78604221,1122.917442857143,Profit,tt6450186,I Can Only Imagine,"Biography,Drama,Family",7.4,11439,Drama
90,2018-03-16,I Can Only Imagine,7000000,83482352,85604221,3,78604221,1122.917442857143,Profit,tt6450186,I Can Only Imagine,"Biography,Drama,Family",7.4,11439,Family
91,2019-03-15,Five Feet Apart,7000000,45729221,80504421,3,73504421,1050.0631571428573,Profit,tt6472976,Five Feet Apart,"Drama,Romance",7.2,10645,Drama
91,2019-03-15,Five Feet Apart,7000000,45729221,80504421,3,73504421,1050.0631571428573,Profit,tt6472976,Five Feet Apart,"Drama,Romance",7.2,10645,Romance
93,2011-05-06,Jumping the Broom,7000000,37295394,38158601,5,31158601,445.12287142857144,Profit,tt1640484,Jumping the Broom,"Comedy,Drama",5.7,9089,Comedy
93,2011-05-06,Jumping the Broom,7000000,37295394,38158601,5,31158601,445.12287142857144,Profit,tt1640484,Jumping the Broom,"Comedy,Drama",5.7,9089,Drama
4,2017-04-07,Gifted,7000000,24801212,36964656,4,29964656,428.0665142857143,Profit,tt4481414,Gifted,Drama,7.6,82426,Drama
11,2015-06-19,Dope,7000000,17506470,18190831,6,11190831,159.8690142857143,Profit,tt3850214,Dope,"Comedy,Crime,Drama",7.2,76557,Comedy
11,2015-06-19,Dope,7000000,17506470,18190831,6,11190831,159.8690142857143,Profit,tt3850214,Dope,"Comedy,Crime,Drama",7.2,76557,Crime
11,2015-06-19,Dope,7000000,17506470,18190831,6,11190831,159.8690142857143,Profit,tt3850214,Dope,"Comedy,Crime,Drama",7.2,76557,Drama
14,2014-01-17,Devil's Due,7000000,15821461,36146087,1,29146087,416.37267142857144,Profit,tt2752758,Devil's Due,"Horror,Mystery,Thriller",4.1,15502,Horror
14,2014-01-17,Devil's Due,7000000,15821461,36146087,1,29146087,416.37267142857144,Profit,tt2752758,Devil's Due,"Horror,Mystery,Thriller",4.1,15502,Mystery
14,2014-01-17,Devil's Due,7000000,15821461,36146087,1,29146087,416.37267142857144,Profit,tt2752758,Devil's Due,"Horror,Mystery,Thriller",4.1,15502,Thriller
16,2014-11-14,Beyond the Lights,7000000,14618727,14618727,11,7618727,108.83895714285714,Profit,tt3125324,Beyond the Lights,"Drama,Music,Romance",6.9,14122,Drama
16,2014-11-14,Beyond the Lights,7000000,14618727,14618727,11,7618727,108.83895714285714,Profit,tt3125324,Beyond the Lights,"Drama,Music,Romance",6.9,14122,Music
16,2014-11-14,Beyond the Lights,7000000,14618727,14618727,11,7618727,108.83895714285714,Profit,tt3125324,Beyond the Lights,"Drama,Music,Romance",6.9,14122,Romance
27,2010-06-18,Cyrus,7000000,7468936,10062896,6,3062896,43.75565714285714,Profit,tt1336617,Cyrus,"Comedy,Drama,Romance",6.3,32457,Comedy
27,2010-06-18,Cyrus,7000000,7468936,10062896,6,3062896,43.75565714285714,Profit,tt1336617,Cyrus,"Comedy,Drama,Romance",6.3,32457,Drama
27,2010-06-18,Cyrus,7000000,7468936,10062896,6,3062896,43.75565714285714,Profit,tt1336617,Cyrus,"Comedy,Drama,Romance",6.3,32457,Romance
42,2010-12-22,Somewhere,7000000,1785645,17023121,12,10023121,143.18744285714286,Profit,tt1421051,Somewhere,"Comedy,Drama",6.3,40250,Comedy
42,2010-12-22,Somewhere,7000000,1785645,17023121,12,10023121,143.18744285714286,Profit,tt1421051,Somewhere,"Comedy,Drama",6.3,40250,Drama
43,2012-01-13,We Need to Talk About Kevin,7000000,1738692,10765283,1,3765283,53.78975714285714,Profit,tt1242460,We Need to Talk About Kevin,"Drama,Mystery,Thriller",7.5,123619,Drama
43,2012-01-13,We Need to Talk About Kevin,7000000,1738692,10765283,1,3765283,53.78975714285714,Profit,tt1242460,We Need to Talk About Kevin,"Drama,Mystery,Thriller",7.5,123619,Mystery
43,2012-01-13,We Need to Talk About Kevin,7000000,1738692,10765283,1,3765283,53.78975714285714,Profit,tt1242460,We Need to Talk About Kevin,"Drama,Mystery,Thriller",7.5,123619,Thriller
45,2013-11-15,The Christmas Candle,7000000,1632000,1933829,11,-5066171,-72.37387142857142,Loss,tt2739338,The Christmas Candle,"Drama,Family",6.2,1538,Drama
45,2013-11-15,The Christmas Candle,7000000,1632000,1933829,11,-5066171,-72.37387142857142,Loss,tt2739338,The Christmas Candle,"Drama,Family",6.2,1538,Family
51,2015-10-02,Freeheld,7000000,546201,1732228,10,-5267772,-75.25388571428572,Loss,tt1658801,Freeheld,"Biography,Drama,Romance",6.5,10534,Biography
51,2015-10-02,Freeheld,7000000,546201,1732228,10,-5267772,-75.25388571428572,Loss,tt1658801,Freeheld,"Biography,Drama,Romance",6.5,10534,Drama
51,2015-10-02,Freeheld,7000000,546201,1732228,10,-5267772,-75.25388571428572,Loss,tt1658801,Freeheld,"Biography,Drama,Romance",6.5,10534,Romance
52,2014-04-02,Dom Hemingway,7000000,523511,1857458,4,-5142542,-73.46488571428571,Loss,tt2402105,Dom Hemingway,"Comedy,Crime,Drama",6.2,24557,Comedy
52,2014-04-02,Dom Hemingway,7000000,523511,1857458,4,-5142542,-73.46488571428571,Loss,tt2402105,Dom Hemingway,"Comedy,Crime,Drama",6.2,24557,Crime
52,2014-04-02,Dom Hemingway,7000000,523511,1857458,4,-5142542,-73.46488571428571,Loss,tt2402105,Dom Hemingway,"Comedy,Crime,Drama",6.2,24557,Drama
53,2010-07-30,The Extra Man,7000000,453377,492108,7,-6507892,-92.96988571428571,Loss,tt1361313,The Extra Man,Comedy,5.9,4580,Comedy
54,2011-05-13,Hesher,7000000,382946,382946,5,-6617054,-94.52934285714286,Loss,tt1403177,Hesher,"Comedy,Crime,Drama",7.0,48483,Comedy
54,2011-05-13,Hesher,7000000,382946,382946,5,-6617054,-94.52934285714286,Loss,tt1403177,Hesher,"Comedy,Crime,Drama",7.0,48483,Crime
54,2011-05-13,Hesher,7000000,382946,382946,5,-6617054,-94.52934285714286,Loss,tt1403177,Hesher,"Comedy,Crime,Drama",7.0,48483,Drama
59,2010-03-26,Ca$h,7000000,46488,46488,3,-6953512,-99.33588571428571,Loss,tt1106860,Ca$h,"Crime,Thriller",6.0,8605,Crime
59,2010-03-26,Ca$h,7000000,46488,46488,3,-6953512,-99.33588571428571,Loss,tt1106860,Ca$h,"Crime,Thriller",6.0,8605,Thriller
63,2016-12-06,Oddball,7000000,0,10237229,12,3237229,46.24612857142857,Profit,tt3401748,Oddball,"Adventure,Family",6.4,2124,Adventure
63,2016-12-06,Oddball,7000000,0,10237229,12,3237229,46.24612857142857,Profit,tt3401748,Oddball,"Adventure,Family",6.4,2124,Family
64,2015-08-18,Z Storm,7000000,0,2053330,8,-4946670,-70.66671428571428,Loss,tt3469440,Z Storm,"Action,Crime",5.4,612,Action
64,2015-08-18,Z Storm,7000000,0,2053330,8,-4946670,-70.66671428571428,Loss,tt3469440,Z Storm,"Action,Crime",5.4,612,Crime
66,2013-07-23,Twixt,7000000,0,1268346,7,-5731654,-81.88077142857144,Loss,tt1756851,Twixt,"Comedy,Fantasy,Horror",4.8,9774,Comedy
66,2013-07-23,Twixt,7000000,0,1268346,7,-5731654,-81.88077142857144,Loss,tt1756851,Twixt,"Comedy,Fantasy,Horror",4.8,9774,Fantasy
66,2013-07-23,Twixt,7000000,0,1268346,7,-5731654,-81.88077142857144,Loss,tt1756851,Twixt,"Comedy,Fantasy,Horror",4.8,9774,Horror
67,2015-11-20,Criminal Activities,7000000,0,386744,11,-6613256,-94.47508571428571,Loss,tt3687310,Criminal Activities,"Crime,Drama,Thriller",5.8,7739,Crime
67,2015-11-20,Criminal Activities,7000000,0,386744,11,-6613256,-94.47508571428571,Loss,tt3687310,Criminal Activities,"Crime,Drama,Thriller",5.8,7739,Drama
67,2015-11-20,Criminal Activities,7000000,0,386744,11,-6613256,-94.47508571428571,Loss,tt3687310,Criminal Activities,"Crime,Drama,Thriller",5.8,7739,Thriller
73,2012-09-21,House at the End of the Street,6900000,31611916,44103982,9,37203982,539.1881449275362,Profit,tt1582507,House at the End of the Street,"Drama,Horror,Thriller",5.6,66303,Drama
73,2012-09-21,House at the End of the Street,6900000,31611916,44103982,9,37203982,539.1881449275362,Profit,tt1582507,House at the End of the Street,"Drama,Horror,Thriller",5.6,66303,Horror
73,2012-09-21,House at the End of the Street,6900000,31611916,44103982,9,37203982,539.1881449275362,Profit,tt1582507,House at the End of the Street,"Drama,Horror,Thriller",5.6,66303,Thriller
75,2017-01-31,Two Lovers and a Bear,6840000,0,22273,1,-6817727,-99.67437134502924,Loss,tt4412528,Two Lovers and a Bear,"Adventure,Drama,Romance",6.1,1518,Adventure
75,2017-01-31,Two Lovers and a Bear,6840000,0,22273,1,-6817727,-99.67437134502924,Loss,tt4412528,Two Lovers and a Bear,"Adventure,Drama,Romance",6.1,1518,Drama
75,2017-01-31,Two Lovers and a Bear,6840000,0,22273,1,-6817727,-99.67437134502924,Loss,tt4412528,Two Lovers and a Bear,"Adventure,Drama,Romance",6.1,1518,Romance
76,2010-09-17,Incendies,6800000,6857096,16038343,9,9238343,135.85798529411767,Profit,tt1255953,Incendies,"Drama,Mystery,War",8.3,124156,Drama
76,2010-09-17,Incendies,6800000,6857096,16038343,9,9238343,135.85798529411767,Profit,tt1255953,Incendies,"Drama,Mystery,War",8.3,124156,Mystery
76,2010-09-17,Incendies,6800000,6857096,16038343,9,9238343,135.85798529411767,Profit,tt1255953,Incendies,"Drama,Mystery,War",8.3,124156,War
84,2014-10-03,Annabelle,6500000,84273813,256862920,10,250362920,3851.7372307692303,Profit,tt3322940,Annabelle,"Horror,Mystery,Thriller",5.4,122039,Horror
84,2014-10-03,Annabelle,6500000,84273813,256862920,10,250362920,3851.7372307692303,Profit,tt3322940,Annabelle,"Horror,Mystery,Thriller",5.4,122039,Mystery
84,2014-10-03,Annabelle,6500000,84273813,256862920,10,250362920,3851.7372307692303,Profit,tt3322940,Annabelle,"Horror,Mystery,Thriller",5.4,122039,Thriller
95,2017-10-20,Same Kind of Different as Me,6500000,6423605,6423605,10,-76395,-1.1753076923076924,Loss,tt1230168,Same Kind of Different as Me,"Biography,Drama",6.5,4319,Biography
95,2017-10-20,Same Kind of Different as Me,6500000,6423605,6423605,10,-76395,-1.1753076923076924,Loss,tt1230168,Same Kind of Different as Me,"Biography,Drama",6.5,4319,Drama
97,2011-12-02,Shame,6500000,4002293,20412841,12,13912841,214.04370769230766,Profit,tt1723811,Shame,Drama,7.2,171353,Drama
99,2013-05-31,The East,6500000,2274649,3027956,5,-3472044,-53.416061538461534,Loss,tt1869716,The East,"Adventure,Drama,Thriller",6.8,46804,Adventure
99,2013-05-31,The East,6500000,2274649,3027956,5,-3472044,-53.416061538461534,Loss,tt1869716,The East,"Adventure,Drama,Thriller",6.8,46804,Drama
99,2013-05-31,The East,6500000,2274649,3027956,5,-3472044,-53.416061538461534,Loss,tt1869716,The East,"Adventure,Drama,Thriller",6.8,46804,Thriller
4,2011-12-31,Tracker,6500000,0,3149,12,-6496851,-99.95155384615386,Loss,tt1414378,Tracker,"Action,Adventure,Drama",6.5,3460,Action
4,2011-12-31,Tracker,6500000,0,3149,12,-6496851,-99.95155384615386,Loss,tt1414378,Tracker,"Action,Adventure,Drama",6.5,3460,Adventure
4,2011-12-31,Tracker,6500000,0,3149,12,-6496851,-99.95155384615386,Loss,tt1414378,Tracker,"Action,Adventure,Drama",6.5,3460,Drama
19,2018-05-11,Breaking In,6000000,46840590,51411620,5,45411620,756.8603333333333,Profit,tt7137846,Breaking In,"Action,Crime,Drama",5.4,10154,Action
19,2018-05-11,Breaking In,6000000,46840590,51411620,5,45411620,756.8603333333333,Profit,tt7137846,Breaking In,"Action,Crime,Drama",5.4,10154,Crime
19,2018-05-11,Breaking In,6000000,46840590,51411620,5,45411620,756.8603333333333,Profit,tt7137846,Breaking In,"Action,Crime,Drama",5.4,10154,Drama
33,2019-03-29,Unplanned,6000000,18107621,18107621,3,12107621,201.79368333333332,Profit,tt9024106,Unplanned,"Biography,Drama",6.3,5945,Biography
33,2019-03-29,Unplanned,6000000,18107621,18107621,3,12107621,201.79368333333332,Profit,tt9024106,Unplanned,"Biography,Drama",6.3,5945,Drama
36,2019-02-08,The Prodigy,6000000,14856291,19789712,2,13789712,229.82853333333333,Profit,tt4504044,The Prodigy,"Horror,Thriller",5.9,11456,Horror
36,2019-02-08,The Prodigy,6000000,14856291,19789712,2,13789712,229.82853333333333,Profit,tt4504044,The Prodigy,"Horror,Thriller",5.9,11456,Thriller
37,2018-11-30,The Possession of Hannah Grace,6000000,14836174,42785387,11,36785387,613.0897833333333,Profit,tt5734576,The Possession of Hannah Grace,"Horror,Mystery,Thriller",5.2,11629,Horror
37,2018-11-30,The Possession of Hannah Grace,6000000,14836174,42785387,11,36785387,613.0897833333333,Profit,tt5734576,The Possession of Hannah Grace,"Horror,Mystery,Thriller",5.2,11629,Mystery
37,2018-11-30,The Possession of Hannah Grace,6000000,14836174,42785387,11,36785387,613.0897833333333,Profit,tt5734576,The Possession of Hannah Grace,"Horror,Mystery,Thriller",5.2,11629,Thriller
46,2012-09-07,The Words,6000000,11494838,16369708,9,10369708,172.82846666666666,Profit,tt1840417,The Words,"Drama,Mystery,Romance",7.1,70308,Drama
46,2012-09-07,The Words,6000000,11494838,16369708,9,10369708,172.82846666666666,Profit,tt1840417,The Words,"Drama,Mystery,Romance",7.1,70308,Mystery
46,2012-09-07,The Words,6000000,11494838,16369708,9,10369708,172.82846666666666,Profit,tt1840417,The Words,"Drama,Mystery,Romance",7.1,70308,Romance
47,2016-01-15,The Lady in the Van,6000000,10021175,42320503,1,36320503,605.3417166666667,Profit,tt3722070,The Lady in the Van,"Biography,Comedy,Drama",6.7,23105,Biography
47,2016-01-15,The Lady in the Van,6000000,10021175,42320503,1,36320503,605.3417166666667,Profit,tt3722070,The Lady in the Van,"Biography,Comedy,Drama",6.7,23105,Comedy
47,2016-01-15,The Lady in the Van,6000000,10021175,42320503,1,36320503,605.3417166666667,Profit,tt3722070,The Lady in the Van,"Biography,Comedy,Drama",6.7,23105,Drama
48,2012-04-27,Bernie,6000000,9204489,10106975,4,4106975,68.44958333333334,Profit,tt1704573,Bernie,"Biography,Comedy,Crime",6.8,53765,Biography
48,2012-04-27,Bernie,6000000,9204489,10106975,4,4106975,68.44958333333334,Profit,tt1704573,Bernie,"Biography,Comedy,Crime",6.8,53765,Comedy
48,2012-04-27,Bernie,6000000,9204489,10106975,4,4106975,68.44958333333334,Profit,tt1704573,Bernie,"Biography,Comedy,Crime",6.8,53765,Crime
53,2012-03-16,Casa de mi Padre,6000000,5909483,8446952,3,2446952,40.78253333333333,Profit,tt1702425,Casa de mi Padre,"Comedy,Western",5.5,19170,Comedy
53,2012-03-16,Casa de mi Padre,6000000,5909483,8446952,3,2446952,40.78253333333333,Profit,tt1702425,Casa de mi Padre,"Comedy,Western",5.5,19170,Western
54,2011-07-29,The Guard,6000000,5359774,21197454,7,15197454,253.29090000000002,Profit,tt1540133,The Guard,"Comedy,Crime,Thriller",7.3,75183,Comedy
54,2011-07-29,The Guard,6000000,5359774,21197454,7,15197454,253.29090000000002,Profit,tt1540133,The Guard,"Comedy,Crime,Thriller",7.3,75183,Crime
54,2011-07-29,The Guard,6000000,5359774,21197454,7,15197454,253.29090000000002,Profit,tt1540133,The Guard,"Comedy,Crime,Thriller",7.3,75183,Thriller
61,2014-07-18,Wish I Was Here,6000000,3591299,6591365,7,591365,9.856083333333334,Profit,tt2870708,Wish I Was Here,"Comedy,Drama",6.7,34907,Comedy
61,2014-07-18,Wish I Was Here,6000000,3591299,6591365,7,591365,9.856083333333334,Profit,tt2870708,Wish I Was Here,"Comedy,Drama",6.7,34907,Drama
63,2014-03-14,Veronica Mars,6000000,3322127,3485383,3,-2514617,-41.91028333333333,Loss,tt2771372,Veronica Mars,"Crime,Drama,Mystery",6.8,46751,Crime
63,2014-03-14,Veronica Mars,6000000,3322127,3485383,3,-2514617,-41.91028333333333,Loss,tt2771372,Veronica Mars,"Crime,Drama,Mystery",6.8,46751,Drama
63,2014-03-14,Veronica Mars,6000000,3322127,3485383,3,-2514617,-41.91028333333333,Loss,tt2771372,Veronica Mars,"Crime,Drama,Mystery",6.8,46751,Mystery
70,2011-07-15,Snow Flower and the Secret Fan,6000000,1348205,11348205,7,5348205,89.13674999999999,Profit,tt1541995,Snow Flower and the Secret Fan,"Drama,History",6.1,3429,Drama
70,2011-07-15,Snow Flower and the Secret Fan,6000000,1348205,11348205,7,5348205,89.13674999999999,Profit,tt1541995,Snow Flower and the Secret Fan,"Drama,History",6.1,3429,History
71,2018-09-14,Mandy,6000000,1214525,1427656,9,-4572344,-76.20573333333334,Loss,tt6998518,Mandy,"Action,Fantasy,Horror",6.6,44378,Action
71,2018-09-14,Mandy,6000000,1214525,1427656,9,-4572344,-76.20573333333334,Loss,tt6998518,Mandy,"Action,Fantasy,Horror",6.6,44378,Fantasy
71,2018-09-14,Mandy,6000000,1214525,1427656,9,-4572344,-76.20573333333334,Loss,tt6998518,Mandy,"Action,Fantasy,Horror",6.6,44378,Horror
76,2011-03-25,The 5th Quarter,6000000,408159,408159,3,-5591841,-93.19735,Loss,tt1130964,The 5th Quarter,"Biography,Drama,Sport",5.7,1379,Biography
76,2011-03-25,The 5th Quarter,6000000,408159,408159,3,-5591841,-93.19735,Loss,tt1130964,The 5th Quarter,"Biography,Drama,Sport",5.7,1379,Drama
76,2011-03-25,The 5th Quarter,6000000,408159,408159,3,-5591841,-93.19735,Loss,tt1130964,The 5th Quarter,"Biography,Drama,Sport",5.7,1379,Sport
83,2012-12-07,Deadfall,6000000,66351,1673635,12,-4326365,-72.10608333333333,Loss,tt1667310,Deadfall,"Crime,Drama,Thriller",6.3,36491,Crime
83,2012-12-07,Deadfall,6000000,66351,1673635,12,-4326365,-72.10608333333333,Loss,tt1667310,Deadfall,"Crime,Drama,Thriller",6.3,36491,Drama
83,2012-12-07,Deadfall,6000000,66351,1673635,12,-4326365,-72.10608333333333,Loss,tt1667310,Deadfall,"Crime,Drama,Thriller",6.3,36491,Thriller
87,2015-01-23,Song One,6000000,32251,437089,1,-5562911,-92.71518333333333,Loss,tt2182972,Song One,"Drama,Music",5.8,8559,Drama
87,2015-01-23,Song One,6000000,32251,437089,1,-5562911,-92.71518333333333,Loss,tt2182972,Song One,"Drama,Music",5.8,8559,Music
91,2010-02-09,Icarus,6000000,0,0,2,-6000000,-100.0,Loss,tt6333060,Icarus,"Documentary,Sport,Thriller",7.9,28979,Documentary
91,2010-02-09,Icarus,6000000,0,0,2,-6000000,-100.0,Loss,tt6333060,Icarus,"Documentary,Sport,Thriller",7.9,28979,Sport
91,2010-02-09,Icarus,6000000,0,0,2,-6000000,-100.0,Loss,tt6333060,Icarus,"Documentary,Sport,Thriller",7.9,28979,Thriller
94,2011-12-31,Freaky Deaky,6000000,0,0,12,-6000000,-100.0,Loss,tt0938305,Freaky Deaky,"Comedy,Crime,Thriller",6.1,6088,Comedy
94,2011-12-31,Freaky Deaky,6000000,0,0,12,-6000000,-100.0,Loss,tt0938305,Freaky Deaky,"Comedy,Crime,Thriller",6.1,6088,Crime
94,2011-12-31,Freaky Deaky,6000000,0,0,12,-6000000,-100.0,Loss,tt0938305,Freaky Deaky,"Comedy,Crime,Thriller",6.1,6088,Thriller
95,2011-05-10,The Hit List,6000000,0,0,5,-6000000,-100.0,Loss,tt1575694,The Hit List,"Action,Thriller",5.4,11081,Action
95,2011-05-10,The Hit List,6000000,0,0,5,-6000000,-100.0,Loss,tt1575694,The Hit List,"Action,Thriller",5.4,11081,Thriller
3,2012-10-05,Trade of Innocents,5800000,15091,15091,10,-5784909,-99.73981034482759,Loss,tt1772408,Trade of Innocents,"Drama,Thriller",5.4,860,Drama
3,2012-10-05,Trade of Innocents,5800000,15091,15091,10,-5784909,-99.73981034482759,Loss,tt1772408,Trade of Innocents,"Drama,Thriller",5.4,860,Thriller
11,2010-07-16,Standing Ovation,5600000,531806,531806,7,-5068194,-90.50346428571429,Loss,tt1303803,Standing Ovation,Musical,3.3,658,Musical
12,2012-12-07,Khiladi 786,5600000,385422,14683763,12,9083763,162.21005357142857,Profit,tt2166214,Khiladi 786,"Action,Comedy",4.4,5648,Action
12,2012-12-07,Khiladi 786,5600000,385422,14683763,12,9083763,162.21005357142857,Profit,tt2166214,Khiladi 786,"Action,Comedy",4.4,5648,Comedy
18,2013-09-27,Don Jon,5500000,24477704,41268579,9,35768579,650.3378,Profit,tt2229499,Don Jon,"Comedy,Drama,Romance",6.6,216350,Comedy
18,2013-09-27,Don Jon,5500000,24477704,41268579,9,35768579,650.3378,Profit,tt2229499,Don Jon,"Comedy,Drama,Romance",6.6,216350,Drama
18,2013-09-27,Don Jon,5500000,24477704,41268579,9,35768579,650.3378,Profit,tt2229499,Don Jon,"Comedy,Drama,Romance",6.6,216350,Romance
20,2018-09-28,Hell Fest,5500000,11107431,18119231,9,12619231,229.44056363636363,Profit,tt1999890,Hell Fest,Horror,5.5,8662,Horror
29,2011-10-21,Le Havre,5500000,611709,13480196,10,7980196,145.09447272727272,Profit,tt1508675,Le Havre,"Comedy,Drama",7.2,18490,Comedy
29,2011-10-21,Le Havre,5500000,611709,13480196,10,7980196,145.09447272727272,Profit,tt1508675,Le Havre,"Comedy,Drama",7.2,18490,Drama
31,2011-07-15,Salvation Boulevard,5500000,28468,28468,7,-5471532,-99.4824,Loss,tt1251743,Salvation Boulevard,"Action,Comedy,Drama",5.3,4220,Action
31,2011-07-15,Salvation Boulevard,5500000,28468,28468,7,-5471532,-99.4824,Loss,tt1251743,Salvation Boulevard,"Action,Comedy,Drama",5.3,4220,Comedy
31,2011-07-15,Salvation Boulevard,5500000,28468,28468,7,-5471532,-99.4824,Loss,tt1251743,Salvation Boulevard,"Action,Comedy,Drama",5.3,4220,Drama
32,2015-01-23,R100,5500000,24956,24956,1,-5475044,-99.54625454545454,Loss,tt2914838,R100,"Comedy,Drama",6.1,2133,Comedy
32,2015-01-23,R100,5500000,24956,24956,1,-5475044,-99.54625454545454,Loss,tt2914838,R100,"Comedy,Drama",6.1,2133,Drama
33,2015-05-05,Miss Julie,5500000,0,863895,5,-4636105,-84.29281818181819,Loss,tt2667960,Miss Julie,"Drama,Romance",5.5,4598,Drama
33,2015-05-05,Miss Julie,5500000,0,863895,5,-4636105,-84.29281818181819,Loss,tt2667960,Miss Julie,"Drama,Romance",5.5,4598,Romance
38,2013-07-19,Grabbers,5300000,0,440821,7,-4859179,-91.68262264150944,Loss,tt1525366,Grabbers,"Comedy,Horror,Sci-Fi",6.3,15727,Comedy
38,2013-07-19,Grabbers,5300000,0,440821,7,-4859179,-91.68262264150944,Loss,tt1525366,Grabbers,"Comedy,Horror,Sci-Fi",6.3,15727,Horror
38,2013-07-19,Grabbers,5300000,0,440821,7,-4859179,-91.68262264150944,Loss,tt1525366,Grabbers,"Comedy,Horror,Sci-Fi",6.3,15727,Sci-Fi
46,2011-04-22,Dum Maaro Dum,5200000,564489,11633427,4,6433427,123.71974999999999,Profit,tt1618430,Dum Maaro Dum,"Action,Crime,Drama",6.2,3616,Action
46,2011-04-22,Dum Maaro Dum,5200000,564489,11633427,4,6433427,123.71974999999999,Profit,tt1618430,Dum Maaro Dum,"Action,Crime,Drama",6.2,3616,Crime
46,2011-04-22,Dum Maaro Dum,5200000,564489,11633427,4,6433427,123.71974999999999,Profit,tt1618430,Dum Maaro Dum,"Action,Crime,Drama",6.2,3616,Drama
49,2017-02-24,Get Out,5000000,176040665,255367951,2,250367951,5007.35902,Profit,tt5052448,Get Out,"Horror,Mystery,Thriller",7.7,400474,Horror
49,2017-02-24,Get Out,5000000,176040665,255367951,2,250367951,5007.35902,Profit,tt5052448,Get Out,"Horror,Mystery,Thriller",7.7,400474,Mystery
49,2017-02-24,Get Out,5000000,176040665,255367951,2,250367951,5007.35902,Profit,tt5052448,Get Out,"Horror,Mystery,Thriller",7.7,400474,Thriller
50,2017-01-20,Split,5000000,138141585,278964806,1,273964806,5479.29612,Profit,tt4972582,Split,"Horror,Thriller",7.3,358543,Horror
50,2017-01-20,Split,5000000,138141585,278964806,1,273964806,5479.29612,Profit,tt4972582,Split,"Horror,Thriller",7.3,358543,Thriller
51,2011-10-21,Paranormal Activity 3,5000000,104028807,207039844,10,202039844,4040.79688,Profit,tt1778304,Paranormal Activity 3,"Horror,Mystery,Thriller",5.8,85689,Horror
51,2011-10-21,Paranormal Activity 3,5000000,104028807,207039844,10,202039844,4040.79688,Profit,tt1778304,Paranormal Activity 3,"Horror,Mystery,Thriller",5.8,85689,Mystery
51,2011-10-21,Paranormal Activity 3,5000000,104028807,207039844,10,202039844,4040.79688,Profit,tt1778304,Paranormal Activity 3,"Horror,Mystery,Thriller",5.8,85689,Thriller
54,2016-03-11,10 Cloverfield Lane,5000000,72082999,108286422,3,103286422,2065.7284400000003,Profit,tt1179933,10 Cloverfield Lane,"Drama,Horror,Mystery",7.2,260383,Drama
54,2016-03-11,10 Cloverfield Lane,5000000,72082999,108286422,3,103286422,2065.7284400000003,Profit,tt1179933,10 Cloverfield Lane,"Drama,Horror,Mystery",7.2,260383,Horror
54,2016-03-11,10 Cloverfield Lane,5000000,72082999,108286422,3,103286422,2065.7284400000003,Profit,tt1179933,10 Cloverfield Lane,"Drama,Horror,Mystery",7.2,260383,Mystery
55,2016-07-22,Lights Out,5000000,67268835,148806510,7,143806510,2876.1302,Profit,tt4786282,Lights Out,"Drama,Horror,Mystery",6.3,100650,Drama
55,2016-07-22,Lights Out,5000000,67268835,148806510,7,143806510,2876.1302,Profit,tt4786282,Lights Out,"Drama,Horror,Mystery",6.3,100650,Horror
55,2016-07-22,Lights Out,5000000,67268835,148806510,7,143806510,2876.1302,Profit,tt4786282,Lights Out,"Drama,Horror,Mystery",6.3,100650,Mystery
56,2015-09-11,The Visit,5000000,65206105,98677816,9,93677816,1873.5563200000001,Profit,tt3567288,The Visit,"Horror,Mystery,Thriller",6.2,102459,Horror
56,2015-09-11,The Visit,5000000,65206105,98677816,9,93677816,1873.5563200000001,Profit,tt3567288,The Visit,"Horror,Mystery,Thriller",6.2,102459,Mystery
56,2015-09-11,The Visit,5000000,65206105,98677816,9,93677816,1873.5563200000001,Profit,tt3567288,The Visit,"Horror,Mystery,Thriller",6.2,102459,Thriller
58,2017-10-13,Happy Death Day,5000000,55683845,125010260,10,120010260,2400.2052,Profit,tt5308322,Happy Death Day,"Horror,Mystery,Thriller",6.5,87132,Horror
58,2017-10-13,Happy Death Day,5000000,55683845,125010260,10,120010260,2400.2052,Profit,tt5308322,Happy Death Day,"Horror,Mystery,Thriller",6.5,87132,Mystery
58,2017-10-13,Happy Death Day,5000000,55683845,125010260,10,120010260,2400.2052,Profit,tt5308322,Happy Death Day,"Horror,Mystery,Thriller",6.5,87132,Thriller
59,2012-10-19,Paranormal Activity 4,5000000,53900335,142817992,10,137817992,2756.35984,Profit,tt2109184,Paranormal Activity 4,"Horror,Mystery,Thriller",4.6,58408,Horror
59,2012-10-19,Paranormal Activity 4,5000000,53900335,142817992,10,137817992,2756.35984,Profit,tt2109184,Paranormal Activity 4,"Horror,Mystery,Thriller",4.6,58408,Mystery
59,2012-10-19,Paranormal Activity 4,5000000,53900335,142817992,10,137817992,2756.35984,Profit,tt2109184,Paranormal Activity 4,"Horror,Mystery,Thriller",4.6,58408,Thriller
60,2014-10-24,Ouija,5000000,50856010,103300632,10,98300632,1966.01264,Profit,tt1204977,Ouija,"Horror,Mystery,Thriller",4.5,44054,Horror
60,2014-10-24,Ouija,5000000,50856010,103300632,10,98300632,1966.01264,Profit,tt1204977,Ouija,"Horror,Mystery,Thriller",4.5,44054,Mystery
60,2014-10-24,Ouija,5000000,50856010,103300632,10,98300632,1966.01264,Profit,tt1204977,Ouija,"Horror,Mystery,Thriller",4.5,44054,Thriller
63,2015-08-07,The Gift,5000000,43787265,58978477,8,53978477,1079.56954,Profit,tt4178092,The Gift,"Drama,Mystery,Thriller",7.1,123834,Drama
63,2015-08-07,The Gift,5000000,43787265,58978477,8,53978477,1079.56954,Profit,tt4178092,The Gift,"Drama,Mystery,Thriller",7.1,123834,Mystery
63,2015-08-07,The Gift,5000000,43787265,58978477,8,53978477,1079.56954,Profit,tt4178092,The Gift,"Drama,Mystery,Thriller",7.1,123834,Thriller
64,2017-06-23,The Big Sick,5000000,42872467,53972860,6,48972860,979.4572000000001,Profit,tt5462602,The Big Sick,"Comedy,Drama,Romance",7.6,104008,Comedy
64,2017-06-23,The Big Sick,5000000,42872467,53972860,6,48972860,979.4572000000001,Profit,tt5462602,The Big Sick,"Comedy,Drama,Romance",7.6,104008,Drama
64,2017-06-23,The Big Sick,5000000,42872467,53972860,6,48972860,979.4572000000001,Profit,tt5462602,The Big Sick,"Comedy,Drama,Romance",7.6,104008,Romance
70,2014-01-03,Paranormal Activity: The Marked Ones,5000000,32462372,90904854,1,85904854,1718.09708,Profit,tt2473682,Paranormal Activity: The Marked Ones,"Horror,Mystery,Thriller",5.0,37147,Horror
70,2014-01-03,Paranormal Activity: The Marked Ones,5000000,32462372,90904854,1,85904854,1718.09708,Profit,tt2473682,Paranormal Activity: The Marked Ones,"Horror,Mystery,Thriller",5.0,37147,Mystery
70,2014-01-03,Paranormal Activity: The Marked Ones,5000000,32462372,90904854,1,85904854,1718.09708,Profit,tt2473682,Paranormal Activity: The Marked Ones,"Horror,Mystery,Thriller",5.0,37147,Thriller
72,2014-04-11,Oculus,5000000,27695246,44115496,4,39115496,782.3099199999999,Profit,tt2388715,Oculus,"Horror,Mystery",6.5,106906,Horror
72,2014-04-11,Oculus,5000000,27695246,44115496,4,39115496,782.3099199999999,Profit,tt2388715,Oculus,"Horror,Mystery",6.5,106906,Mystery
73,2013-11-01,Dallas Buyers Club,5000000,27298285,60611845,11,55611845,1112.2369,Profit,tt0790636,Dallas Buyers Club,"Biography,Drama",8.0,402462,Biography
73,2013-11-01,Dallas Buyers Club,5000000,27298285,60611845,11,55611845,1112.2369,Profit,tt0790636,Dallas Buyers Club,"Biography,Drama",8.0,402462,Drama
74,2015-08-26,No Escape,5000000,27288872,42844516,8,37844516,756.89032,Profit,tt1781922,No Escape,"Action,Thriller",6.8,70222,Action
74,2015-08-26,No Escape,5000000,27288872,42844516,8,37844516,756.89032,Profit,tt1781922,No Escape,"Action,Thriller",6.8,70222,Thriller
76,2015-02-27,The Lazarus Effect,5000000,25801570,38359310,2,33359310,667.1862,Profit,tt2918436,The Lazarus Effect,"Horror,Mystery,Sci-Fi",5.2,37675,Horror
76,2015-02-27,The Lazarus Effect,5000000,25801570,38359310,2,33359310,667.1862,Profit,tt2918436,The Lazarus Effect,"Horror,Mystery,Sci-Fi",5.2,37675,Mystery
76,2015-02-27,The Lazarus Effect,5000000,25801570,38359310,2,33359310,667.1862,Profit,tt2918436,The Lazarus Effect,"Horror,Mystery,Sci-Fi",5.2,37675,Sci-Fi
78,2011-08-26,Our Idiot Brother,5000000,24814830,25861249,8,20861249,417.22498,Profit,tt1637706,Our Idiot Brother,"Comedy,Drama",6.4,80738,Comedy
78,2011-08-26,Our Idiot Brother,5000000,24814830,25861249,8,20861249,417.22498,Profit,tt1637706,Our Idiot Brother,"Comedy,Drama",6.4,80738,Drama
79,2018-03-09,The Strangers: Prey at Night,5000000,24431472,29960051,3,24960051,499.20102,Profit,tt1285009,The Strangers: Prey at Night,Horror,5.2,21614,Horror
83,2013-07-05,The Way Way Back,5000000,21502690,26853810,7,21853810,437.07620000000003,Profit,tt1727388,The Way Way Back,"Comedy,Drama",7.4,132642,Comedy
83,2013-07-05,The Way Way Back,5000000,21502690,26853810,7,21853810,437.07620000000003,Profit,tt1727388,The Way Way Back,"Comedy,Drama",7.4,132642,Drama
84,2014-08-29,"As Above, So Below",5000000,21222315,41824066,8,36824066,736.4813200000001,Profit,tt2870612,"As Above, So Below","Adventure,Horror,Mystery",6.2,66892,Adventure
84,2014-08-29,"As Above, So Below",5000000,21222315,41824066,8,36824066,736.4813200000001,Profit,tt2870612,"As Above, So Below","Adventure,Horror,Mystery",6.2,66892,Horror
84,2014-08-29,"As Above, So Below",5000000,21222315,41824066,8,36824066,736.4813200000001,Profit,tt2870612,"As Above, So Below","Adventure,Horror,Mystery",6.2,66892,Mystery
90,2016-02-19,Race,5000000,19115191,23745772,2,18745772,374.91544,Profit,tt3499096,Race,"Biography,Drama,Sport",7.1,30777,Biography
90,2016-02-19,Race,5000000,19115191,23745772,2,18745772,374.91544,Profit,tt3499096,Race,"Biography,Drama,Sport",7.1,30777,Drama
90,2016-02-19,Race,5000000,19115191,23745772,2,18745772,374.91544,Profit,tt3499096,Race,"Biography,Drama,Sport",7.1,30777,Sport
92,2015-01-16,Still Alice,5000000,18656400,41699612,1,36699612,733.99224,Profit,tt3316960,Still Alice,Drama,7.5,116832,Drama
94,2011-09-02,Apollo 18,5000000,17686929,26517819,9,21517819,430.35638,Profit,tt1772240,Apollo 18,"Horror,Mystery,Sci-Fi",5.2,51427,Horror
94,2011-09-02,Apollo 18,5000000,17686929,26517819,9,21517819,430.35638,Profit,tt1772240,Apollo 18,"Horror,Mystery,Sci-Fi",5.2,51427,Mystery
94,2011-09-02,Apollo 18,5000000,17686929,26517819,9,21517819,430.35638,Profit,tt1772240,Apollo 18,"Horror,Mystery,Sci-Fi",5.2,51427,Sci-Fi
95,2018-03-23,"Paul, Apostle of Christ",5000000,17547999,25529498,3,20529498,410.58995999999996,Profit,tt7388562,"Paul, Apostle of Christ","Adventure,Biography,Drama",6.7,5662,Adventure
95,2018-03-23,"Paul, Apostle of Christ",5000000,17547999,25529498,3,20529498,410.58995999999996,Profit,tt7388562,"Paul, Apostle of Christ","Adventure,Biography,Drama",6.7,5662,Biography
95,2018-03-23,"Paul, Apostle of Christ",5000000,17547999,25529498,3,20529498,410.58995999999996,Profit,tt7388562,"Paul, Apostle of Christ","Adventure,Biography,Drama",6.7,5662,Drama
96,2014-10-10,Addicted,5000000,17390770,17499242,10,12499242,249.98484,Profit,tt2205401,Addicted,"Drama,Thriller",5.2,7640,Drama
96,2014-10-10,Addicted,5000000,17390770,17499242,10,12499242,249.98484,Profit,tt2205401,Addicted,"Drama,Thriller",5.2,7640,Thriller
3,2013-03-15,Spring Breakers,5000000,14124286,31149251,3,26149251,522.98502,Profit,tt2101441,Spring Breakers,"Comedy,Crime,Drama",5.3,126504,Comedy
3,2013-03-15,Spring Breakers,5000000,14124286,31149251,3,26149251,522.98502,Profit,tt2101441,Spring Breakers,"Comedy,Crime,Drama",5.3,126504,Crime
3,2013-03-15,Spring Breakers,5000000,14124286,31149251,3,26149251,522.98502,Profit,tt2101441,Spring Breakers,"Comedy,Crime,Drama",5.3,126504,Drama
4,2017-06-09,It Comes at Night,5000000,13985117,19720203,6,14720203,294.40406,Profit,tt4695012,It Comes at Night,"Horror,Mystery",6.2,69039,Horror
4,2017-06-09,It Comes at Night,5000000,13985117,19720203,6,14720203,294.40406,Profit,tt4695012,It Comes at Night,"Horror,Mystery",6.2,69039,Mystery
12,2017-03-03,Before I Fall,5000000,12241072,18945682,3,13945682,278.91364,Profit,tt1691916,Before I Fall,"Drama,Fantasy,Mystery",6.4,39282,Drama
12,2017-03-03,Before I Fall,5000000,12241072,18945682,3,13945682,278.91364,Profit,tt1691916,Before I Fall,"Drama,Fantasy,Mystery",6.4,39282,Fantasy
12,2017-03-03,Before I Fall,5000000,12241072,18945682,3,13945682,278.91364,Profit,tt1691916,Before I Fall,"Drama,Fantasy,Mystery",6.4,39282,Mystery
15,2016-01-29,Fifty Shades of Black,5000000,11686940,22113075,1,17113075,342.2615,Profit,tt4667094,Fifty Shades of Black,Comedy,3.5,17189,Comedy
21,2017-03-17,The Belko Experiment,5000000,10166820,11792942,3,6792942,135.85884,Profit,tt1082807,The Belko Experiment,"Horror,Thriller",6.1,38378,Horror
21,2017-03-17,The Belko Experiment,5000000,10166820,11792942,3,6792942,135.85884,Profit,tt1082807,The Belko Experiment,"Horror,Thriller",6.1,38378,Thriller
22,2016-03-11,The Perfect Match,5000000,9669521,10182050,3,5182050,103.641,Profit,tt4871980,The Perfect Match,"Comedy,Romance",4.9,3052,Comedy
22,2016-03-11,The Perfect Match,5000000,9669521,10182050,3,5182050,103.641,Profit,tt4871980,The Perfect Match,"Comedy,Romance",4.9,3052,Romance
29,2018-09-21,Fahrenheit 11/9,5000000,6352306,6653715,9,1653715,33.0743,Profit,tt8632862,Fahrenheit 11/9,Documentary,6.7,11628,Documentary
31,2010-05-28,Sea Rex 3D: Journey to a Prehistoric World,5000000,6096582,16515203,5,11515203,230.30406000000002,Profit,tt1529567,Sea Rex 3D: Journey to a Prehistoric World,Documentary,6.9,364,Documentary
38,2015-09-11,90 Minutes in Heaven,5000000,4816142,4816142,9,-183858,-3.67716,Loss,tt4337690,90 Minutes in Heaven,Drama,4.8,3105,Drama
39,2016-12-02,Incarnate,5000000,4799774,9371036,12,4371036,87.42072,Profit,tt3216348,Incarnate,"Horror,Thriller",5.3,10217,Horror
39,2016-12-02,Incarnate,5000000,4799774,9371036,12,4371036,87.42072,Profit,tt3216348,Incarnate,"Horror,Thriller",5.3,10217,Thriller
45,2017-03-03,Table 19,5000000,3614896,4620399,3,-379601,-7.59202,Loss,tt1412528,Table 19,"Comedy,Drama,Romance",5.8,22751,Comedy
45,2017-03-03,Table 19,5000000,3614896,4620399,3,-379601,-7.59202,Loss,tt1412528,Table 19,"Comedy,Drama,Romance",5.8,22751,Drama
45,2017-03-03,Table 19,5000000,3614896,4620399,3,-379601,-7.59202,Loss,tt1412528,Table 19,"Comedy,Drama,Romance",5.8,22751,Romance
46,2016-04-15,Green Room,5000000,3220371,3807503,4,-1192497,-23.84994,Loss,tt4062536,Green Room,"Horror,Music,Thriller",7.0,90773,Horror
46,2016-04-15,Green Room,5000000,3220371,3807503,4,-1192497,-23.84994,Loss,tt4062536,Green Room,"Horror,Music,Thriller",7.0,90773,Music
46,2016-04-15,Green Room,5000000,3220371,3807503,4,-1192497,-23.84994,Loss,tt4062536,Green Room,"Horror,Music,Thriller",7.0,90773,Thriller
47,2018-03-09,Thoroughbreds,5000000,3072605,3187302,3,-1812698,-36.25396,Loss,tt5649108,Thoroughbreds,"Comedy,Crime,Drama",6.7,25098,Comedy
47,2018-03-09,Thoroughbreds,5000000,3072605,3187302,3,-1812698,-36.25396,Loss,tt5649108,Thoroughbreds,"Comedy,Crime,Drama",6.7,25098,Crime
47,2018-03-09,Thoroughbreds,5000000,3072605,3187302,3,-1812698,-36.25396,Loss,tt5649108,Thoroughbreds,"Comedy,Crime,Drama",6.7,25098,Drama
49,2016-03-04,The Other Side of the Door,5000000,3000342,12905107,3,7905107,158.10214,Profit,tt3702652,The Other Side of the Door,Horror,5.3,15813,Horror
50,2011-05-13,Everything Must Go,5000000,2712131,2821010,5,-2178990,-43.5798,Loss,tt1531663,Everything Must Go,"Comedy,Drama",6.4,45799,Comedy
50,2011-05-13,Everything Must Go,5000000,2712131,2821010,5,-2178990,-43.5798,Loss,tt1531663,Everything Must Go,"Comedy,Drama",6.4,45799,Drama
51,2014-10-10,Kill the Messenger,5000000,2450846,6656705,10,1656705,33.1341,Profit,tt1216491,Kill the Messenger,"Biography,Crime,Drama",7.0,41231,Biography
51,2014-10-10,Kill the Messenger,5000000,2450846,6656705,10,1656705,33.1341,Profit,tt1216491,Kill the Messenger,"Biography,Crime,Drama",7.0,41231,Crime
51,2014-10-10,Kill the Messenger,5000000,2450846,6656705,10,1656705,33.1341,Profit,tt1216491,Kill the Messenger,"Biography,Crime,Drama",7.0,41231,Drama
52,2010-12-17,Rabbit Hole,5000000,2229058,6205034,12,1205034,24.10068,Profit,tt0935075,Rabbit Hole,Drama,7.0,45357,Drama
53,2015-10-23,Jem and the Holograms,5000000,2184640,2368937,10,-2631063,-52.62126000000001,Loss,tt3614530,Jem and the Holograms,"Adventure,Drama,Family",4.1,6683,Adventure
53,2015-10-23,Jem and the Holograms,5000000,2184640,2368937,10,-2631063,-52.62126000000001,Loss,tt3614530,Jem and the Holograms,"Adventure,Drama,Family",4.1,6683,Drama
53,2015-10-23,Jem and the Holograms,5000000,2184640,2368937,10,-2631063,-52.62126000000001,Loss,tt3614530,Jem and the Holograms,"Adventure,Drama,Family",4.1,6683,Family
54,2016-12-28,Paterson,5000000,2141423,10727536,12,5727536,114.55072,Profit,tt5247022,Paterson,"Comedy,Drama,Romance",7.4,55285,Comedy
54,2016-12-28,Paterson,5000000,2141423,10727536,12,5727536,114.55072,Profit,tt5247022,Paterson,"Comedy,Drama,Romance",7.4,55285,Drama
54,2016-12-28,Paterson,5000000,2141423,10727536,12,5727536,114.55072,Profit,tt5247022,Paterson,"Comedy,Drama,Romance",7.4,55285,Romance
60,2014-09-12,Atlas Shrugged: Who Is John Galt?,5000000,851690,851690,9,-4148310,-82.9662,Loss,tt2800038,Atlas Shrugged: Who Is John Galt?,"Drama,Mystery,Sci-Fi",4.4,2661,Drama
60,2014-09-12,Atlas Shrugged: Who Is John Galt?,5000000,851690,851690,9,-4148310,-82.9662,Loss,tt2800038,Atlas Shrugged: Who Is John Galt?,"Drama,Mystery,Sci-Fi",4.4,2661,Mystery
60,2014-09-12,Atlas Shrugged: Who Is John Galt?,5000000,851690,851690,9,-4148310,-82.9662,Loss,tt2800038,Atlas Shrugged: Who Is John Galt?,"Drama,Mystery,Sci-Fi",4.4,2661,Sci-Fi
64,2013-08-16,Ain't Them Bodies Saints,5000000,391611,1075009,8,-3924991,-78.49982,Loss,tt2388637,Ain't Them Bodies Saints,"Crime,Drama,Romance",6.4,19464,Crime
64,2013-08-16,Ain't Them Bodies Saints,5000000,391611,1075009,8,-3924991,-78.49982,Loss,tt2388637,Ain't Them Bodies Saints,"Crime,Drama,Romance",6.4,19464,Drama
64,2013-08-16,Ain't Them Bodies Saints,5000000,391611,1075009,8,-3924991,-78.49982,Loss,tt2388637,Ain't Them Bodies Saints,"Crime,Drama,Romance",6.4,19464,Romance
71,2015-08-07,Cop Car,5000000,134552,143658,8,-4856342,-97.12684,Loss,tt3813310,Cop Car,"Crime,Thriller",6.3,27081,Crime
71,2015-08-07,Cop Car,5000000,134552,143658,8,-4856342,-97.12684,Loss,tt3813310,Cop Car,"Crime,Thriller",6.3,27081,Thriller
78,2014-10-17,Rudderless,5000000,56001,567219,10,-4432781,-88.65562,Loss,tt1798243,Rudderless,"Comedy,Drama,Music",7.5,16303,Comedy
78,2014-10-17,Rudderless,5000000,56001,567219,10,-4432781,-88.65562,Loss,tt1798243,Rudderless,"Comedy,Drama,Music",7.5,16303,Drama
78,2014-10-17,Rudderless,5000000,56001,567219,10,-4432781,-88.65562,Loss,tt1798243,Rudderless,"Comedy,Drama,Music",7.5,16303,Music
81,2015-05-15,Area 51,5000000,7556,7556,5,-4992444,-99.84888,Loss,tt1519461,Area 51,"Horror,Sci-Fi,Thriller",4.2,11537,Horror
81,2015-05-15,Area 51,5000000,7556,7556,5,-4992444,-99.84888,Loss,tt1519461,Area 51,"Horror,Sci-Fi,Thriller",4.2,11537,Sci-Fi
81,2015-05-15,Area 51,5000000,7556,7556,5,-4992444,-99.84888,Loss,tt1519461,Area 51,"Horror,Sci-Fi,Thriller",4.2,11537,Thriller
85,2014-12-05,Dying of the Light,5000000,0,74639,12,-4925361,-98.50721999999999,Loss,tt1274586,Dying of the Light,"Drama,Thriller",4.4,8888,Drama
85,2014-12-05,Dying of the Light,5000000,0,74639,12,-4925361,-98.50721999999999,Loss,tt1274586,Dying of the Light,"Drama,Thriller",4.4,8888,Thriller
86,2016-09-02,Yoga Hosers,5000000,0,22958,9,-4977042,-99.54084,Loss,tt3838992,Yoga Hosers,"Action,Comedy,Fantasy",4.3,10483,Action
86,2016-09-02,Yoga Hosers,5000000,0,22958,9,-4977042,-99.54084,Loss,tt3838992,Yoga Hosers,"Action,Comedy,Fantasy",4.3,10483,Comedy
86,2016-09-02,Yoga Hosers,5000000,0,22958,9,-4977042,-99.54084,Loss,tt3838992,Yoga Hosers,"Action,Comedy,Fantasy",4.3,10483,Fantasy
90,2014-11-21,Reach Me,5000000,0,0,11,-5000000,-100.0,Loss,tt0959306,Reach Me,"Comedy,Crime,Drama",4.9,2304,Comedy
90,2014-11-21,Reach Me,5000000,0,0,11,-5000000,-100.0,Loss,tt0959306,Reach Me,"Comedy,Crime,Drama",4.9,2304,Crime
90,2014-11-21,Reach Me,5000000,0,0,11,-5000000,-100.0,Loss,tt0959306,Reach Me,"Comedy,Crime,Drama",4.9,2304,Drama
91,2014-08-18,Henry & Me,5000000,0,0,8,-5000000,-100.0,Loss,tt1460798,Henry & Me,"Animation,Family",6.2,132,Animation
91,2014-08-18,Henry & Me,5000000,0,0,8,-5000000,-100.0,Loss,tt1460798,Henry & Me,"Animation,Family",6.2,132,Family
92,2015-01-27,Born of War,5000000,0,0,1,-5000000,-100.0,Loss,tt1554921,Born of War,"Action,Drama,Thriller",4.4,333,Action
92,2015-01-27,Born of War,5000000,0,0,1,-5000000,-100.0,Loss,tt1554921,Born of War,"Action,Drama,Thriller",4.4,333,Drama
92,2015-01-27,Born of War,5000000,0,0,1,-5000000,-100.0,Loss,tt1554921,Born of War,"Action,Drama,Thriller",4.4,333,Thriller
93,2015-01-09,Let's Kill Ward's Wife,5000000,0,0,1,-5000000,-100.0,Loss,tt2980708,Let's Kill Ward's Wife,"Comedy,Crime",5.4,5164,Comedy
93,2015-01-09,Let's Kill Ward's Wife,5000000,0,0,1,-5000000,-100.0,Loss,tt2980708,Let's Kill Ward's Wife,"Comedy,Crime",5.4,5164,Crime
96,2012-12-31,Should've Been Romeo,5000000,0,0,12,-5000000,-100.0,Loss,tt1717210,Should've Been Romeo,"Comedy,Drama",6.5,44,Comedy
96,2012-12-31,Should've Been Romeo,5000000,0,0,12,-5000000,-100.0,Loss,tt1717210,Should've Been Romeo,"Comedy,Drama",6.5,44,Drama
97,2015-12-31,Aztec Warrior,5000000,0,0,12,-5000000,-100.0,Loss,tt2237914,Aztec Warrior,"Action,Comedy",6.2,34,Action
97,2015-12-31,Aztec Warrior,5000000,0,0,12,-5000000,-100.0,Loss,tt2237914,Aztec Warrior,"Action,Comedy",6.2,34,Comedy
99,2016-03-15,The Hatching,5000000,0,0,3,-5000000,-100.0,Loss,tt2938464,The Hatching,"Action,Adventure,Comedy",4.0,662,Action
99,2016-03-15,The Hatching,5000000,0,0,3,-5000000,-100.0,Loss,tt2938464,The Hatching,"Action,Adventure,Comedy",4.0,662,Adventure
99,2016-03-15,The Hatching,5000000,0,0,3,-5000000,-100.0,Loss,tt2938464,The Hatching,"Action,Adventure,Comedy",4.0,662,Comedy
100,2015-10-27,Running Forever,5000000,0,0,10,-5000000,-100.0,Loss,tt4453560,Running Forever,Family,5.8,23,Family
1,2015-01-23,Mommy,4900000,3498695,17536004,1,12636004,257.87763265306126,Profit,tt3612616,Mommy,Drama,8.1,43020,Drama
4,2012-08-17,The Awakening,4900000,95933,6924321,8,2024321,41.312673469387754,Profit,tt1687901,The Awakening,"Horror,Thriller",6.5,60215,Horror
4,2012-08-17,The Awakening,4900000,95933,6924321,8,2024321,41.312673469387754,Profit,tt1687901,The Awakening,"Horror,Thriller",6.5,60215,Thriller
8,2013-07-19,Only God Forgives,4800000,775849,4494560,7,-305440,-6.363333333333333,Loss,tt1602613,Only God Forgives,"Crime,Drama",5.7,100318,Crime
8,2013-07-19,Only God Forgives,4800000,775849,4494560,7,-305440,-6.363333333333333,Loss,tt1602613,Only God Forgives,"Crime,Drama",5.7,100318,Drama
9,2011-09-30,Take Shelter,4750000,1728953,4972016,9,222016,4.674021052631579,Profit,tt1675192,Take Shelter,"Drama,Horror,Thriller",7.4,83200,Drama
9,2011-09-30,Take Shelter,4750000,1728953,4972016,9,222016,4.674021052631579,Profit,tt1675192,Take Shelter,"Drama,Horror,Thriller",7.4,83200,Horror
9,2011-09-30,Take Shelter,4750000,1728953,4972016,9,222016,4.674021052631579,Profit,tt1675192,Take Shelter,"Drama,Horror,Thriller",7.4,83200,Thriller
14,2011-12-31,Without Men,4700000,0,0,12,-4700000,-100.0,Loss,tt1547090,Without Men,Comedy,3.3,1576,Comedy
15,2015-03-10,Treading Water,4700000,0,0,3,-4700000,-100.0,Loss,tt2091427,Treading Water,"Comedy,Drama",6.2,515,Comedy
15,2015-03-10,Treading Water,4700000,0,0,3,-4700000,-100.0,Loss,tt2091427,Treading Water,"Comedy,Drama",6.2,515,Drama
18,2012-09-14,Barfi,4600000,2804874,36751984,9,32151984,698.9561739130435,Profit,tt3099638,Barfi,"Comedy,Romance",6.5,114,Comedy
18,2012-09-14,Barfi,4600000,2804874,36751984,9,32151984,698.9561739130435,Profit,tt3099638,Barfi,"Comedy,Romance",6.5,114,Romance
32,2016-03-25,The Lobster,4500000,9196278,18019834,3,13519834,300.44075555555554,Profit,tt3464902,The Lobster,"Comedy,Drama,Romance",7.1,182622,Comedy
32,2016-03-25,The Lobster,4500000,9196278,18019834,3,13519834,300.44075555555554,Profit,tt3464902,The Lobster,"Comedy,Drama,Romance",7.1,182622,Drama
32,2016-03-25,The Lobster,4500000,9196278,18019834,3,13519834,300.44075555555554,Profit,tt3464902,The Lobster,"Comedy,Drama,Romance",7.1,182622,Romance
46,2011-10-07,Blackthorn,4500000,200558,1217307,10,-3282693,-72.94873333333334,Loss,tt1629705,Blackthorn,"Action,Adventure,Western",6.6,8553,Action
46,2011-10-07,Blackthorn,4500000,200558,1217307,10,-3282693,-72.94873333333334,Loss,tt1629705,Blackthorn,"Action,Adventure,Western",6.6,8553,Adventure
46,2011-10-07,Blackthorn,4500000,200558,1217307,10,-3282693,-72.94873333333334,Loss,tt1629705,Blackthorn,"Action,Adventure,Western",6.6,8553,Western
47,2015-05-08,Maggie,4500000,187112,1027760,5,-3472240,-77.16088888888889,Loss,tt1881002,Maggie,"Drama,Horror",5.6,38671,Drama
47,2015-05-08,Maggie,4500000,187112,1027760,5,-3472240,-77.16088888888889,Loss,tt1881002,Maggie,"Drama,Horror",5.6,38671,Horror
53,2013-03-01,The Sweeney,4500000,26345,8000366,3,3500366,77.7859111111111,Profit,tt0857190,The Sweeney,"Action,Crime,Drama",6.1,18095,Action
53,2013-03-01,The Sweeney,4500000,26345,8000366,3,3500366,77.7859111111111,Profit,tt0857190,The Sweeney,"Action,Crime,Drama",6.1,18095,Crime
53,2013-03-01,The Sweeney,4500000,26345,8000366,3,3500366,77.7859111111111,Profit,tt0857190,The Sweeney,"Action,Crime,Drama",6.1,18095,Drama
54,2014-09-04,Falcon Rising,4500000,11774,11774,9,-4488226,-99.73835555555556,Loss,tt2295722,Falcon Rising,"Action,Adventure",5.8,6955,Action
54,2014-09-04,Falcon Rising,4500000,11774,11774,9,-4488226,-99.73835555555556,Loss,tt2295722,Falcon Rising,"Action,Adventure",5.8,6955,Adventure
55,2013-06-25,Hansel & Gretel Get Baked,4500000,0,0,6,-4500000,-100.0,Loss,tt2081194,Hansel & Gretel Get Baked,"Comedy,Horror",4.3,3225,Comedy
55,2013-06-25,Hansel & Gretel Get Baked,4500000,0,0,6,-4500000,-100.0,Loss,tt2081194,Hansel & Gretel Get Baked,"Comedy,Horror",4.3,3225,Horror
56,2014-11-07,Fugly,4500000,0,0,11,-4500000,-100.0,Loss,tt3683702,Fugly,"Drama,Thriller",4.7,920,Drama
56,2014-11-07,Fugly,4500000,0,0,11,-4500000,-100.0,Loss,tt3683702,Fugly,"Drama,Thriller",4.7,920,Thriller
57,2015-08-28,Zipper,4500000,0,0,8,-4500000,-100.0,Loss,tt3346224,Zipper,"Drama,Thriller",5.8,6120,Drama
57,2015-08-28,Zipper,4500000,0,0,8,-4500000,-100.0,Loss,tt3346224,Zipper,"Drama,Thriller",5.8,6120,Thriller
58,2015-11-03,The Final Girls,4500000,0,0,11,-4500000,-100.0,Loss,tt2118624,The Final Girls,"Comedy,Drama,Fantasy",6.6,30219,Comedy
58,2015-11-03,The Final Girls,4500000,0,0,11,-4500000,-100.0,Loss,tt2118624,The Final Girls,"Comedy,Drama,Fantasy",6.6,30219,Drama
58,2015-11-03,The Final Girls,4500000,0,0,11,-4500000,-100.0,Loss,tt2118624,The Final Girls,"Comedy,Drama,Fantasy",6.6,30219,Fantasy
59,2017-12-01,Daisy Winters,4500000,0,0,12,-4500000,-100.0,Loss,tt3702088,Daisy Winters,Drama,6.8,68,Drama
64,2014-06-06,Anna,4357373,0,1200000,6,-3157373,-72.46047102233388,Loss,tt1715336,Anna,"Drama,Mystery,Sci-Fi",6.5,19733,Drama
64,2014-06-06,Anna,4357373,0,1200000,6,-3157373,-72.46047102233388,Loss,tt1715336,Anna,"Drama,Mystery,Sci-Fi",6.5,19733,Mystery
64,2014-06-06,Anna,4357373,0,1200000,6,-3157373,-72.46047102233388,Loss,tt1715336,Anna,"Drama,Mystery,Sci-Fi",6.5,19733,Sci-Fi
71,2010-08-13,Animal Kingdom,4200000,1044039,8078683,8,3878683,92.34959523809523,Profit,tt1313092,Animal Kingdom,"Crime,Drama",7.3,51576,Crime
71,2010-08-13,Animal Kingdom,4200000,1044039,8078683,8,3878683,92.34959523809523,Profit,tt1313092,Animal Kingdom,"Crime,Drama",7.3,51576,Drama
73,2011-10-21,Cargo,4200000,0,313230,10,-3886770,-92.54214285714286,Loss,tt3860916,Cargo,"Drama,Horror,Sci-Fi",6.3,27339,Drama
73,2011-10-21,Cargo,4200000,0,313230,10,-3886770,-92.54214285714286,Loss,tt3860916,Cargo,"Drama,Horror,Sci-Fi",6.3,27339,Horror
73,2011-10-21,Cargo,4200000,0,313230,10,-3886770,-92.54214285714286,Loss,tt3860916,Cargo,"Drama,Horror,Sci-Fi",6.3,27339,Sci-Fi
81,2015-01-23,The Boy Next Door,4000000,36006065,53401938,1,49401938,1235.04845,Profit,tt3181822,The Boy Next Door,"Horror,Thriller",4.7,34816,Horror
81,2015-01-23,The Boy Next Door,4000000,36006065,53401938,1,49401938,1235.04845,Profit,tt3181822,The Boy Next Door,"Horror,Thriller",4.7,34816,Thriller
85,2014-07-11,Boyhood,4000000,25379975,57273049,7,53273049,1331.826225,Profit,tt1065073,Boyhood,Drama,7.9,315584,Drama
87,2010-07-09,The Kids Are All Right,4000000,20811365,36275469,7,32275469,806.8867250000001,Profit,tt0842926,The Kids Are All Right,"Comedy,Drama,Romance",7.0,120656,Comedy
87,2010-07-09,The Kids Are All Right,4000000,20811365,36275469,7,32275469,806.8867250000001,Profit,tt0842926,The Kids Are All Right,"Comedy,Drama,Romance",7.0,120656,Drama
87,2010-07-09,The Kids Are All Right,4000000,20811365,36275469,7,32275469,806.8867250000001,Profit,tt0842926,The Kids Are All Right,"Comedy,Drama,Romance",7.0,120656,Romance
89,2014-04-18,A Haunted House 2,4000000,17329487,21206861,4,17206861,430.171525,Profit,tt2828996,A Haunted House 2,"Comedy,Fantasy",4.7,18085,Comedy
89,2014-04-18,A Haunted House 2,4000000,17329487,21206861,4,17206861,430.171525,Profit,tt2828996,A Haunted House 2,"Comedy,Fantasy",4.7,18085,Fantasy
90,2013-03-01,The Last Exorcism Part II,4000000,15179303,25448707,3,21448707,536.217675,Profit,tt2034139,The Last Exorcism Part II,"Drama,Horror,Thriller",4.0,15124,Drama
90,2013-03-01,The Last Exorcism Part II,4000000,15179303,25448707,3,21448707,536.217675,Profit,tt2034139,The Last Exorcism Part II,"Drama,Horror,Thriller",4.0,15124,Horror
90,2013-03-01,The Last Exorcism Part II,4000000,15179303,25448707,3,21448707,536.217675,Profit,tt2034139,The Last Exorcism Part II,"Drama,Horror,Thriller",4.0,15124,Thriller
98,2016-05-13,The Darkness,4000000,10753574,10898293,5,6898293,172.457325,Profit,tt1878841,The Darkness,"Horror,Thriller",4.4,12435,Horror
98,2016-05-13,The Darkness,4000000,10753574,10898293,5,6898293,172.457325,Profit,tt1878841,The Darkness,"Horror,Thriller",4.4,12435,Thriller
18,2012-08-24,Samsara,4000000,2672413,5966671,8,1966671,49.166775,Profit,tt0770802,Samsara,"Documentary,Music",8.5,29725,Documentary
18,2012-08-24,Samsara,4000000,2672413,5966671,8,1966671,49.166775,Profit,tt0770802,Samsara,"Documentary,Music",8.5,29725,Music
20,2011-06-17,The Art of Getting By,4000000,1430241,1989035,6,-2010965,-50.274125000000005,Loss,tt1645080,The Art of Getting By,"Drama,Romance",6.6,53682,Drama
20,2011-06-17,The Art of Getting By,4000000,1430241,1989035,6,-2010965,-50.274125000000005,Loss,tt1645080,The Art of Getting By,"Drama,Romance",6.6,53682,Romance
22,2011-09-23,Red State,4000000,1065429,1983596,9,-2016404,-50.4101,Loss,tt0873886,Red State,"Action,Crime,Horror",6.2,59266,Action
22,2011-09-23,Red State,4000000,1065429,1983596,9,-2016404,-50.4101,Loss,tt0873886,Red State,"Action,Crime,Horror",6.2,59266,Crime
22,2011-09-23,Red State,4000000,1065429,1983596,9,-2016404,-50.4101,Loss,tt0873886,Red State,"Action,Crime,Horror",6.2,59266,Horror
25,2012-10-17,Holy Motors,4000000,641054,4230426,10,230426,5.76065,Profit,tt2076220,Holy Motors,"Drama,Fantasy",7.1,36874,Drama
25,2012-10-17,Holy Motors,4000000,641054,4230426,10,230426,5.76065,Profit,tt2076220,Holy Motors,"Drama,Fantasy",7.1,36874,Fantasy
26,2014-06-13,The Signal,4000000,600896,2665322,6,-1334678,-33.36695,Loss,tt2910814,The Signal,"Drama,Mystery,Sci-Fi",6.1,58407,Drama
26,2014-06-13,The Signal,4000000,600896,2665322,6,-1334678,-33.36695,Loss,tt2910814,The Signal,"Drama,Mystery,Sci-Fi",6.1,58407,Mystery
26,2014-06-13,The Signal,4000000,600896,2665322,6,-1334678,-33.36695,Loss,tt2910814,The Signal,"Drama,Mystery,Sci-Fi",6.1,58407,Sci-Fi
29,2014-03-07,The Face of Love,4000000,385069,1158877,3,-2841123,-71.028075,Loss,tt1839642,The Face of Love,"Drama,Mystery,Romance",6.2,4710,Drama
29,2014-03-07,The Face of Love,4000000,385069,1158877,3,-2841123,-71.028075,Loss,tt1839642,The Face of Love,"Drama,Mystery,Romance",6.2,4710,Mystery
29,2014-03-07,The Face of Love,4000000,385069,1158877,3,-2841123,-71.028075,Loss,tt1839642,The Face of Love,"Drama,Mystery,Romance",6.2,4710,Romance
30,2014-04-11,Joe,4000000,373375,373375,4,-3626625,-90.665625,Loss,tt2382396,Joe,"Crime,Drama",6.9,42825,Crime
30,2014-04-11,Joe,4000000,373375,373375,4,-3626625,-90.665625,Loss,tt2382396,Joe,"Crime,Drama",6.9,42825,Drama
35,2019-06-07,Late Night,4000000,246305,246305,6,-3753695,-93.842375,Loss,tt6107548,Late Night,"Comedy,Drama",5.9,953,Comedy
35,2019-06-07,Late Night,4000000,246305,246305,6,-3753695,-93.842375,Loss,tt6107548,Late Night,"Comedy,Drama",5.9,953,Drama
38,2015-04-10,Desert Dancer,4000000,155271,596335,4,-3403665,-85.09162500000001,Loss,tt2403393,Desert Dancer,"Biography,Drama,Music",6.2,1653,Biography
38,2015-04-10,Desert Dancer,4000000,155271,596335,4,-3403665,-85.09162500000001,Loss,tt2403393,Desert Dancer,"Biography,Drama,Music",6.2,1653,Drama
38,2015-04-10,Desert Dancer,4000000,155271,596335,4,-3403665,-85.09162500000001,Loss,tt2403393,Desert Dancer,"Biography,Drama,Music",6.2,1653,Music
41,2015-06-19,Manglehorn,4000000,132270,797439,6,-3202561,-80.064025,Loss,tt2893490,Manglehorn,Drama,5.6,6564,Drama
43,2011-04-01,Trust,4000000,120016,120016,4,-3879984,-96.9996,Loss,tt1529572,Trust,"Crime,Drama,Thriller",6.9,39422,Crime
43,2011-04-01,Trust,4000000,120016,120016,4,-3879984,-96.9996,Loss,tt1529572,Trust,"Crime,Drama,Thriller",6.9,39422,Drama
43,2011-04-01,Trust,4000000,120016,120016,4,-3879984,-96.9996,Loss,tt1529572,Trust,"Crime,Drama,Thriller",6.9,39422,Thriller
47,2011-04-22,Stake Land,4000000,33245,679482,4,-3320518,-83.01294999999999,Loss,tt1464580,Stake Land,"Drama,Horror,Sci-Fi",6.5,38749,Drama
47,2011-04-22,Stake Land,4000000,33245,679482,4,-3320518,-83.01294999999999,Loss,tt1464580,Stake Land,"Drama,Horror,Sci-Fi",6.5,38749,Horror
47,2011-04-22,Stake Land,4000000,33245,679482,4,-3320518,-83.01294999999999,Loss,tt1464580,Stake Land,"Drama,Horror,Sci-Fi",6.5,38749,Sci-Fi
51,2014-04-18,13 Sins,4000000,9134,47552,4,-3952448,-98.8112,Loss,tt2059171,13 Sins,"Horror,Thriller",6.3,29550,Horror
51,2014-04-18,13 Sins,4000000,9134,47552,4,-3952448,-98.8112,Loss,tt2059171,13 Sins,"Horror,Thriller",6.3,29550,Thriller
52,2011-11-18,Another Happy Day,4000000,9120,978527,11,-3021473,-75.536825,Loss,tt1719071,Another Happy Day,"Comedy,Drama",6.0,3793,Comedy
52,2011-11-18,Another Happy Day,4000000,9120,978527,11,-3021473,-75.536825,Loss,tt1719071,Another Happy Day,"Comedy,Drama",6.0,3793,Drama
53,2013-02-22,Inescapable,4000000,4327,4327,2,-3995673,-99.891825,Loss,tt1844203,Inescapable,"Action,Drama,Mystery",5.2,2410,Action
53,2013-02-22,Inescapable,4000000,4327,4327,2,-3995673,-99.891825,Loss,tt1844203,Inescapable,"Action,Drama,Mystery",5.2,2410,Drama
53,2013-02-22,Inescapable,4000000,4327,4327,2,-3995673,-99.891825,Loss,tt1844203,Inescapable,"Action,Drama,Mystery",5.2,2410,Mystery
56,2012-03-20,A Lonely Place to Die,4000000,0,442550,3,-3557450,-88.93625,Loss,tt1422136,A Lonely Place to Die,"Adventure,Crime,Thriller",6.3,25547,Adventure
56,2012-03-20,A Lonely Place to Die,4000000,0,442550,3,-3557450,-88.93625,Loss,tt1422136,A Lonely Place to Die,"Adventure,Crime,Thriller",6.3,25547,Crime
56,2012-03-20,A Lonely Place to Die,4000000,0,442550,3,-3557450,-88.93625,Loss,tt1422136,A Lonely Place to Die,"Adventure,Crime,Thriller",6.3,25547,Thriller
62,2012-11-09,Replicas,4000000,0,0,11,-4000000,-100.0,Loss,tt4154916,Replicas,"Drama,Sci-Fi,Thriller",5.4,17336,Drama
62,2012-11-09,Replicas,4000000,0,0,11,-4000000,-100.0,Loss,tt4154916,Replicas,"Drama,Sci-Fi,Thriller",5.4,17336,Sci-Fi
62,2012-11-09,Replicas,4000000,0,0,11,-4000000,-100.0,Loss,tt4154916,Replicas,"Drama,Sci-Fi,Thriller",5.4,17336,Thriller
64,2015-12-31,The Veil,4000000,0,0,12,-4000000,-100.0,Loss,tt3533916,The Veil,Horror,4.8,6895,Horror
65,2014-07-11,The Perfect Wave,4000000,0,0,7,-4000000,-100.0,Loss,tt2414822,The Perfect Wave,"Adventure,Biography,Drama",4.8,1015,Adventure
65,2014-07-11,The Perfect Wave,4000000,0,0,7,-4000000,-100.0,Loss,tt2414822,The Perfect Wave,"Adventure,Biography,Drama",4.8,1015,Biography
65,2014-07-11,The Perfect Wave,4000000,0,0,7,-4000000,-100.0,Loss,tt2414822,The Perfect Wave,"Adventure,Biography,Drama",4.8,1015,Drama
67,2015-09-08,Chain of Command,4000000,0,0,9,-4000000,-100.0,Loss,tt4340720,Chain of Command,"Action,Thriller",3.5,1189,Action
67,2015-09-08,Chain of Command,4000000,0,0,9,-4000000,-100.0,Loss,tt4340720,Chain of Command,"Action,Thriller",3.5,1189,Thriller
79,2010-11-05,Four Lions,3750000,310007,2436111,11,-1313889,-35.037040000000005,Loss,tt1341167,Four Lions,"Comedy,Crime,Drama",7.3,66209,Comedy
79,2010-11-05,Four Lions,3750000,310007,2436111,11,-1313889,-35.037040000000005,Loss,tt1341167,Four Lions,"Comedy,Crime,Drama",7.3,66209,Crime
79,2010-11-05,Four Lions,3750000,310007,2436111,11,-1313889,-35.037040000000005,Loss,tt1341167,Four Lions,"Comedy,Crime,Drama",7.3,66209,Drama
91,2018-04-13,Truth or Dare,3500000,41411015,95127344,4,91627344,2617.9241142857145,Profit,tt6772950,Truth or Dare,"Horror,Thriller",5.2,33621,Horror
91,2018-04-13,Truth or Dare,3500000,41411015,95127344,4,91627344,2617.9241142857145,Profit,tt6772950,Truth or Dare,"Horror,Thriller",5.2,33621,Thriller
94,2016-02-19,The Witch,3500000,25138705,40454520,2,36954520,1055.8434285714286,Profit,tt4263482,The Witch,"Horror,Mystery",6.8,154278,Horror
94,2016-02-19,The Witch,3500000,25138705,40454520,2,36954520,1055.8434285714286,Profit,tt4263482,The Witch,"Horror,Mystery",6.8,154278,Mystery
95,2018-02-02,Winchester,3500000,25091816,44378040,2,40878040,1167.944,Profit,tt1072748,Winchester,"Biography,Drama,Fantasy",5.4,24351,Biography
95,2018-02-02,Winchester,3500000,25091816,44378040,2,40878040,1167.944,Profit,tt1072748,Winchester,"Biography,Drama,Fantasy",5.4,24351,Drama
95,2018-02-02,Winchester,3500000,25091816,44378040,2,40878040,1167.944,Profit,tt1072748,Winchester,"Biography,Drama,Fantasy",5.4,24351,Fantasy
97,2013-02-22,Dark Skies,3500000,17418667,27704111,2,24204111,691.5460285714286,Profit,tt2387433,Dark Skies,"Horror,Sci-Fi,Thriller",6.3,65754,Horror
97,2013-02-22,Dark Skies,3500000,17418667,27704111,2,24204111,691.5460285714286,Profit,tt2387433,Dark Skies,"Horror,Sci-Fi,Thriller",6.3,65754,Sci-Fi
97,2013-02-22,Dark Skies,3500000,17418667,27704111,2,24204111,691.5460285714286,Profit,tt2387433,Dark Skies,"Horror,Sci-Fi,Thriller",6.3,65754,Thriller
98,2018-01-19,Forever My Girl,3500000,16376066,16376066,1,12876066,367.88759999999996,Profit,tt4103724,Forever My Girl,"Drama,Music,Romance",6.7,10316,Drama
98,2018-01-19,Forever My Girl,3500000,16376066,16376066,1,12876066,367.88759999999996,Profit,tt4103724,Forever My Girl,"Drama,Music,Romance",6.7,10316,Music
98,2018-01-19,Forever My Girl,3500000,16376066,16376066,1,12876066,367.88759999999996,Profit,tt4103724,Forever My Girl,"Drama,Music,Romance",6.7,10316,Romance
11,2018-05-18,First Reformed,3500000,3448256,3874772,5,374772,10.707771428571428,Profit,tt6053438,First Reformed,"Drama,Mystery,Thriller",7.1,33542,Drama
11,2018-05-18,First Reformed,3500000,3448256,3874772,5,374772,10.707771428571428,Profit,tt6053438,First Reformed,"Drama,Mystery,Thriller",7.1,33542,Mystery
11,2018-05-18,First Reformed,3500000,3448256,3874772,5,374772,10.707771428571428,Profit,tt6053438,First Reformed,"Drama,Mystery,Thriller",7.1,33542,Thriller
13,2016-12-02,Believe,3500000,890303,890303,12,-2609697,-74.56277142857142,Loss,tt2009606,Believe,"Drama,Sport",5.7,695,Drama
13,2016-12-02,Believe,3500000,890303,890303,12,-2609697,-74.56277142857142,Loss,tt2009606,Believe,"Drama,Sport",5.7,695,Sport
15,2016-09-30,American Honey,3500000,663247,2611750,9,-888250,-25.378571428571426,Loss,tt3721936,American Honey,"Adventure,Drama,Romance",7.0,31663,Adventure
15,2016-09-30,American Honey,3500000,663247,2611750,9,-888250,-25.378571428571426,Loss,tt3721936,American Honey,"Adventure,Drama,Romance",7.0,31663,Drama
15,2016-09-30,American Honey,3500000,663247,2611750,9,-888250,-25.378571428571426,Loss,tt3721936,American Honey,"Adventure,Drama,Romance",7.0,31663,Romance
16,2016-03-18,The Bronze,3500000,615816,615816,3,-2884184,-82.40525714285715,Loss,tt3859304,The Bronze,"Comedy,Drama,Sport",6.0,9043,Comedy
16,2016-03-18,The Bronze,3500000,615816,615816,3,-2884184,-82.40525714285715,Loss,tt3859304,The Bronze,"Comedy,Drama,Sport",6.0,9043,Drama
16,2016-03-18,The Bronze,3500000,615816,615816,3,-2884184,-82.40525714285715,Loss,tt3859304,The Bronze,"Comedy,Drama,Sport",6.0,9043,Sport
19,2016-01-08,The Masked Saint,3500000,182695,182695,1,-3317305,-94.78014285714286,Loss,tt3103166,The Masked Saint,"Action,Biography,Crime",4.6,559,Action
19,2016-01-08,The Masked Saint,3500000,182695,182695,1,-3317305,-94.78014285714286,Loss,tt3103166,The Masked Saint,"Action,Biography,Crime",4.6,559,Biography
19,2016-01-08,The Masked Saint,3500000,182695,182695,1,-3317305,-94.78014285714286,Loss,tt3103166,The Masked Saint,"Action,Biography,Crime",4.6,559,Crime
22,2016-06-03,Time to Choose,3500000,29233,29233,6,-3470767,-99.16477142857143,Loss,tt5001130,Time to Choose,Documentary,7.5,186,Documentary
25,2011-12-31,The Kick,3500000,0,40622,12,-3459378,-98.83937142857143,Loss,tt2020110,The Kick,"Action,Sport",5.7,780,Action
25,2011-12-31,The Kick,3500000,0,40622,12,-3459378,-98.83937142857143,Loss,tt2020110,The Kick,"Action,Sport",5.7,780,Sport
32,2015-06-05,Dawn Patrol,3500000,0,0,6,-3500000,-100.0,Loss,tt2073661,Dawn Patrol,"Drama,Thriller",4.8,615,Drama
32,2015-06-05,Dawn Patrol,3500000,0,0,6,-3500000,-100.0,Loss,tt2073661,Dawn Patrol,"Drama,Thriller",4.8,615,Thriller
34,2015-09-01,Lords of London,3440000,0,0,9,-3440000,-100.0,Loss,tt1800337,Lords of London,"Crime,Mystery,Thriller",3.2,703,Crime
34,2015-09-01,Lords of London,3440000,0,0,9,-3440000,-100.0,Loss,tt1800337,Lords of London,"Crime,Mystery,Thriller",3.2,703,Mystery
34,2015-09-01,Lords of London,3440000,0,0,9,-3440000,-100.0,Loss,tt1800337,Lords of London,"Crime,Mystery,Thriller",3.2,703,Thriller
37,2011-10-21,Margin Call,3400000,5353586,20433227,10,17033227,500.9772647058823,Profit,tt1615147,Margin Call,"Drama,Thriller",7.1,107264,Drama
37,2011-10-21,Margin Call,3400000,5353586,20433227,10,17033227,500.9772647058823,Profit,tt1615147,Margin Call,"Drama,Thriller",7.1,107264,Thriller
43,2014-10-10,Whiplash,3300000,13092006,38969037,10,35669037,1080.879909090909,Profit,tt2582802,Whiplash,"Drama,Music",8.5,616916,Drama
43,2014-10-10,Whiplash,3300000,13092006,38969037,10,35669037,1080.879909090909,Profit,tt2582802,Whiplash,"Drama,Music",8.5,616916,Music
48,2015-01-20,The Opposite Sex,3300000,0,50206,1,-3249794,-98.47860606060605,Loss,tt2796678,The Opposite Sex,Comedy,4.6,821,Comedy
54,2018-07-06,Sorry to Bother You,3200000,17493096,18285560,7,15085560,471.42375000000004,Profit,tt5688932,Sorry to Bother You,"Comedy,Fantasy,Sci-Fi",7.0,40290,Comedy
54,2018-07-06,Sorry to Bother You,3200000,17493096,18285560,7,15085560,471.42375000000004,Profit,tt5688932,Sorry to Bother You,"Comedy,Fantasy,Sci-Fi",7.0,40290,Fantasy
54,2018-07-06,Sorry to Bother You,3200000,17493096,18285560,7,15085560,471.42375000000004,Profit,tt5688932,Sorry to Bother You,"Comedy,Fantasy,Sci-Fi",7.0,40290,Sci-Fi
57,2011-06-03,Beginners,3200000,5790894,14314407,6,11114407,347.32521875,Profit,tt1532503,Beginners,"Comedy,Drama,Romance",7.2,83770,Comedy
57,2011-06-03,Beginners,3200000,5790894,14314407,6,11114407,347.32521875,Profit,tt1532503,Beginners,"Comedy,Drama,Romance",7.2,83770,Drama
57,2011-06-03,Beginners,3200000,5790894,14314407,6,11114407,347.32521875,Profit,tt1532503,Beginners,"Comedy,Drama,Romance",7.2,83770,Romance
58,2016-04-22,The Meddler,3200000,4267219,5526942,4,2326942,72.7169375,Profit,tt4501454,The Meddler,"Comedy,Drama,Romance",6.3,10629,Comedy
58,2016-04-22,The Meddler,3200000,4267219,5526942,4,2326942,72.7169375,Profit,tt4501454,The Meddler,"Comedy,Drama,Romance",6.3,10629,Drama
58,2016-04-22,The Meddler,3200000,4267219,5526942,4,2326942,72.7169375,Profit,tt4501454,The Meddler,"Comedy,Drama,Romance",6.3,10629,Romance
63,2013-04-12,Antiviral,3100000,0,123407,4,-2976593,-96.01912903225806,Loss,tt2099556,Antiviral,"Horror,Sci-Fi,Thriller",5.7,11025,Horror
63,2013-04-12,Antiviral,3100000,0,123407,4,-2976593,-96.01912903225806,Loss,tt2099556,Antiviral,"Horror,Sci-Fi,Thriller",5.7,11025,Sci-Fi
63,2013-04-12,Antiviral,3100000,0,123407,4,-2976593,-96.01912903225806,Loss,tt2099556,Antiviral,"Horror,Sci-Fi,Thriller",5.7,11025,Thriller
65,2010-10-20,Paranormal Activity 2,3000000,84752907,177512032,10,174512032,5817.067733333333,Profit,tt1536044,Paranormal Activity 2,Horror,5.7,93122,Horror
66,2015-08-28,War Room,3000000,67790117,73975239,8,70975239,2365.8413,Profit,tt3832914,War Room,Drama,6.5,11716,Drama
67,2013-06-07,The Purge,3000000,64473115,91266581,6,88266581,2942.2193666666667,Profit,tt2184339,The Purge,"Horror,Thriller",5.7,183549,Horror
67,2013-06-07,The Purge,3000000,64473115,91266581,6,88266581,2942.2193666666667,Profit,tt2184339,The Purge,"Horror,Thriller",5.7,183549,Thriller
69,2012-10-12,Sinister,3000000,48086903,87727807,10,84727807,2824.2602333333334,Profit,tt1922777,Sinister,"Horror,Mystery,Thriller",6.8,198345,Horror
69,2012-10-12,Sinister,3000000,48086903,87727807,10,84727807,2824.2602333333334,Profit,tt1922777,Sinister,"Horror,Mystery,Thriller",6.8,198345,Mystery
69,2012-10-12,Sinister,3000000,48086903,87727807,10,84727807,2824.2602333333334,Profit,tt1922777,Sinister,"Horror,Mystery,Thriller",6.8,198345,Thriller
89,2018-06-01,Upgrade,3000000,11977130,16553285,6,13553285,451.7761666666667,Profit,tt6499752,Upgrade,"Action,Sci-Fi,Thriller",7.6,104978,Action
89,2018-06-01,Upgrade,3000000,11977130,16553285,6,13553285,451.7761666666667,Profit,tt6499752,Upgrade,"Action,Sci-Fi,Thriller",7.6,104978,Sci-Fi
89,2018-06-01,Upgrade,3000000,11977130,16553285,6,13553285,451.7761666666667,Profit,tt6499752,Upgrade,"Action,Sci-Fi,Thriller",7.6,104978,Thriller
99,2013-05-24,Before Midnight,3000000,8110621,23251930,5,20251930,675.0643333333334,Profit,tt2209418,Before Midnight,"Drama,Romance",7.9,123107,Drama
99,2013-05-24,Before Midnight,3000000,8110621,23251930,5,20251930,675.0643333333334,Profit,tt2209418,Before Midnight,"Drama,Romance",7.9,123107,Romance
3,2017-10-27,Let There Be Light,3000000,7233471,7241309,10,4241309,141.37696666666665,Profit,tt5804314,Let There Be Light,Drama,4.8,2179,Drama
10,2016-06-24,Swiss Army Man,3000000,4210454,5837111,6,2837111,94.57036666666667,Profit,tt4034354,Swiss Army Man,"Adventure,Comedy,Drama",7.0,91736,Adventure
10,2016-06-24,Swiss Army Man,3000000,4210454,5837111,6,2837111,94.57036666666667,Profit,tt4034354,Swiss Army Man,"Adventure,Comedy,Drama",7.0,91736,Comedy
10,2016-06-24,Swiss Army Man,3000000,4210454,5837111,6,2837111,94.57036666666667,Profit,tt4034354,Swiss Army Man,"Adventure,Comedy,Drama",7.0,91736,Drama
14,2013-05-17,Frances Ha,3000000,4067398,11262769,5,8262769,275.42563333333334,Profit,tt2347569,Frances Ha,"Comedy,Drama,Romance",7.4,60026,Comedy
14,2013-05-17,Frances Ha,3000000,4067398,11262769,5,8262769,275.42563333333334,Profit,tt2347569,Frances Ha,"Comedy,Drama,Romance",7.4,60026,Drama
14,2013-05-17,Frances Ha,3000000,4067398,11262769,5,8262769,275.42563333333334,Profit,tt2347569,Frances Ha,"Comedy,Drama,Romance",7.4,60026,Romance
15,2010-04-30,Please Give,3000000,4033574,4570178,4,1570178,52.33926666666666,Profit,tt0878835,Please Give,"Comedy,Drama",6.6,10652,Comedy
15,2010-04-30,Please Give,3000000,4033574,4570178,4,1570178,52.33926666666666,Profit,tt0878835,Please Give,"Comedy,Drama",6.6,10652,Drama
21,2016-04-22,Compadres,3000000,3127773,7445044,4,4445044,148.16813333333334,Profit,tt3367294,Compadres,"Action,Comedy,Crime",4.7,876,Action
21,2016-04-22,Compadres,3000000,3127773,7445044,4,4445044,148.16813333333334,Profit,tt3367294,Compadres,"Action,Comedy,Crime",4.7,876,Comedy
21,2016-04-22,Compadres,3000000,3127773,7445044,4,4445044,148.16813333333334,Profit,tt3367294,Compadres,"Action,Comedy,Crime",4.7,876,Crime
25,2010-04-09,Letters to God,3000000,2848587,3237452,4,237452,7.915066666666666,Profit,tt1462054,Letters to God,"Drama,Family",6.3,4443,Drama
25,2010-04-09,Letters to God,3000000,2848587,3237452,4,237452,7.915066666666666,Profit,tt1462054,Letters to God,"Drama,Family",6.3,4443,Family
28,2014-09-19,Tusk,3000000,1821983,1887554,9,-1112446,-37.08153333333333,Loss,tt3099498,Tusk,"Comedy,Drama,Horror",5.3,40827,Comedy
28,2014-09-19,Tusk,3000000,1821983,1887554,9,-1112446,-37.08153333333333,Loss,tt3099498,Tusk,"Comedy,Drama,Horror",5.3,40827,Drama
28,2014-09-19,Tusk,3000000,1821983,1887554,9,-1112446,-37.08153333333333,Loss,tt3099498,Tusk,"Comedy,Drama,Horror",5.3,40827,Horror
29,2017-05-12,The Wall,3000000,1803064,4495262,5,1495262,49.84206666666667,Profit,tt4218696,The Wall,"Action,Drama,Thriller",6.2,20391,Action
29,2017-05-12,The Wall,3000000,1803064,4495262,5,1495262,49.84206666666667,Profit,tt4218696,The Wall,"Action,Drama,Thriller",6.2,20391,Drama
29,2017-05-12,The Wall,3000000,1803064,4495262,5,1495262,49.84206666666667,Profit,tt4218696,The Wall,"Action,Drama,Thriller",6.2,20391,Thriller
31,2012-04-06,Damsels in Distress,3000000,1007535,1324299,4,-1675701,-55.856700000000004,Loss,tt1667307,Damsels in Distress,"Comedy,Drama,Romance",5.7,8794,Comedy
31,2012-04-06,Damsels in Distress,3000000,1007535,1324299,4,-1675701,-55.856700000000004,Loss,tt1667307,Damsels in Distress,"Comedy,Drama,Romance",5.7,8794,Drama
31,2012-04-06,Damsels in Distress,3000000,1007535,1324299,4,-1675701,-55.856700000000004,Loss,tt1667307,Damsels in Distress,"Comedy,Drama,Romance",5.7,8794,Romance
33,2011-05-06,Hobo with a Shotgun,3000000,703372,834953,5,-2165047,-72.16823333333333,Loss,tt1640459,Hobo with a Shotgun,"Action,Comedy,Horror",6.1,41633,Action
33,2011-05-06,Hobo with a Shotgun,3000000,703372,834953,5,-2165047,-72.16823333333333,Loss,tt1640459,Hobo with a Shotgun,"Action,Comedy,Horror",6.1,41633,Comedy
33,2011-05-06,Hobo with a Shotgun,3000000,703372,834953,5,-2165047,-72.16823333333333,Loss,tt1640459,Hobo with a Shotgun,"Action,Comedy,Horror",6.1,41633,Horror
34,2015-05-08,The D Train,3000000,669688,772366,5,-2227634,-74.25446666666666,Loss,tt2690138,The D Train,"Comedy,Drama",5.0,10066,Comedy
34,2015-05-08,The D Train,3000000,669688,772366,5,-2227634,-74.25446666666666,Loss,tt2690138,The D Train,"Comedy,Drama",5.0,10066,Drama
35,2012-09-07,Bachelorette,3000000,446770,12577401,9,9577401,319.24670000000003,Profit,tt1920849,Bachelorette,"Comedy,Romance",5.3,43131,Comedy
35,2012-09-07,Bachelorette,3000000,446770,12577401,9,9577401,319.24670000000003,Profit,tt1920849,Bachelorette,"Comedy,Romance",5.3,43131,Romance
38,2011-09-09,Creature,3000000,331000,331000,9,-2669000,-88.96666666666667,Loss,tt1686018,Creature,Horror,3.7,2723,Horror
39,2016-12-09,The Bounce Back,3000000,321910,421404,12,-2578596,-85.9532,Loss,tt3253232,The Bounce Back,"Comedy,Romance",5.0,492,Comedy
39,2016-12-09,The Bounce Back,3000000,321910,421404,12,-2578596,-85.9532,Loss,tt3253232,The Bounce Back,"Comedy,Romance",5.0,492,Romance
44,2012-03-02,Tim and Eric's Billion Dollar Movie,3000000,201436,223652,3,-2776348,-92.54493333333333,Loss,tt1855401,Tim and Eric's Billion Dollar Movie,Comedy,5.4,9004,Comedy
49,2014-08-15,Fort McCoy,3000000,78948,78948,8,-2921052,-97.3684,Loss,tt1282046,Fort McCoy,"Drama,History,War",5.9,319,Drama
49,2014-08-15,Fort McCoy,3000000,78948,78948,8,-2921052,-97.3684,Loss,tt1282046,Fort McCoy,"Drama,History,War",5.9,319,History
49,2014-08-15,Fort McCoy,3000000,78948,78948,8,-2921052,-97.3684,Loss,tt1282046,Fort McCoy,"Drama,History,War",5.9,319,War
52,2015-09-04,Before We Go,3000000,37151,483938,9,-2516062,-83.86873333333334,Loss,tt0443465,Before We Go,"Comedy,Drama,Romance",6.8,45181,Comedy
52,2015-09-04,Before We Go,3000000,37151,483938,9,-2516062,-83.86873333333334,Loss,tt0443465,Before We Go,"Comedy,Drama,Romance",6.8,45181,Drama
52,2015-09-04,Before We Go,3000000,37151,483938,9,-2516062,-83.86873333333334,Loss,tt0443465,Before We Go,"Comedy,Drama,Romance",6.8,45181,Romance
53,2012-01-13,The Divide,3000000,18000,156362,1,-2843638,-94.78793333333333,Loss,tt1535616,The Divide,"Drama,Horror,Sci-Fi",5.8,33603,Drama
53,2012-01-13,The Divide,3000000,18000,156362,1,-2843638,-94.78793333333333,Loss,tt1535616,The Divide,"Drama,Horror,Sci-Fi",5.8,33603,Horror
53,2012-01-13,The Divide,3000000,18000,156362,1,-2843638,-94.78793333333333,Loss,tt1535616,The Divide,"Drama,Horror,Sci-Fi",5.8,33603,Sci-Fi
56,2017-10-10,Demonic,3000000,0,4668109,10,1668109,55.603633333333335,Profit,tt1841642,Demonic,"Horror,Thriller",5.3,12025,Horror
56,2017-10-10,Demonic,3000000,0,4668109,10,1668109,55.603633333333335,Profit,tt1841642,Demonic,"Horror,Thriller",5.3,12025,Thriller
58,2014-06-27,They Came Together,3000000,0,82780,6,-2917220,-97.24066666666667,Loss,tt2398249,They Came Together,"Comedy,Romance",5.5,19832,Comedy
58,2014-06-27,They Came Together,3000000,0,82780,6,-2917220,-97.24066666666667,Loss,tt2398249,They Came Together,"Comedy,Romance",5.5,19832,Romance
59,2013-05-21,Open Road,3000000,0,47469,5,-2952531,-98.4177,Loss,tt1922679,Open Road,"Action,Drama,Thriller",5.5,1619,Action
59,2013-05-21,Open Road,3000000,0,47469,5,-2952531,-98.4177,Loss,tt1922679,Open Road,"Action,Drama,Thriller",5.5,1619,Drama
59,2013-05-21,Open Road,3000000,0,47469,5,-2952531,-98.4177,Loss,tt1922679,Open Road,"Action,Drama,Thriller",5.5,1619,Thriller
61,2010-10-01,Barry Munday,3000000,0,0,10,-3000000,-100.0,Loss,tt0482461,Barry Munday,"Comedy,Drama,Romance",5.9,3846,Comedy
61,2010-10-01,Barry Munday,3000000,0,0,10,-3000000,-100.0,Loss,tt0482461,Barry Munday,"Comedy,Drama,Romance",5.9,3846,Drama
61,2010-10-01,Barry Munday,3000000,0,0,10,-3000000,-100.0,Loss,tt0482461,Barry Munday,"Comedy,Drama,Romance",5.9,3846,Romance
65,2015-12-31,AWOL-72,3000000,0,0,12,-3000000,-100.0,Loss,tt2048865,AWOL-72,"Action,Thriller",3.8,785,Action
65,2015-12-31,AWOL-72,3000000,0,0,12,-3000000,-100.0,Loss,tt2048865,AWOL-72,"Action,Thriller",3.8,785,Thriller
67,2015-02-06,Enter the Dangerous Mind,3000000,0,0,2,-3000000,-100.0,Loss,tt2229377,Enter the Dangerous Mind,Thriller,5.2,915,Thriller
68,2015-03-17,Something Wicked,3000000,0,0,3,-3000000,-100.0,Loss,tt1327601,Something Wicked,"Drama,Horror,Mystery",4.8,1243,Drama
68,2015-03-17,Something Wicked,3000000,0,0,3,-3000000,-100.0,Loss,tt1327601,Something Wicked,"Drama,Horror,Mystery",4.8,1243,Horror
68,2015-03-17,Something Wicked,3000000,0,0,3,-3000000,-100.0,Loss,tt1327601,Something Wicked,"Drama,Horror,Mystery",4.8,1243,Mystery
72,2015-08-14,Amnesiac,3000000,0,0,8,-3000000,-100.0,Loss,tt2837336,Amnesiac,"Drama,Horror,Mystery",4.3,3129,Drama
72,2015-08-14,Amnesiac,3000000,0,0,8,-3000000,-100.0,Loss,tt2837336,Amnesiac,"Drama,Horror,Mystery",4.3,3129,Horror
72,2015-08-14,Amnesiac,3000000,0,0,8,-3000000,-100.0,Loss,tt2837336,Amnesiac,"Drama,Horror,Mystery",4.3,3129,Mystery
73,2015-12-31,Unnatural,3000000,0,0,12,-3000000,-100.0,Loss,tt3551400,Unnatural,"Action,Horror,Sci-Fi",4.0,1590,Action
73,2015-12-31,Unnatural,3000000,0,0,12,-3000000,-100.0,Loss,tt3551400,Unnatural,"Action,Horror,Sci-Fi",4.0,1590,Horror
73,2015-12-31,Unnatural,3000000,0,0,12,-3000000,-100.0,Loss,tt3551400,Unnatural,"Action,Horror,Sci-Fi",4.0,1590,Sci-Fi
74,2015-12-11,Close Range,3000000,0,0,12,-3000000,-100.0,Loss,tt3511596,Close Range,"Action,Crime",5.0,3974,Action
74,2015-12-11,Close Range,3000000,0,0,12,-3000000,-100.0,Loss,tt3511596,Close Range,"Action,Crime",5.0,3974,Crime
80,2010-10-01,Freakonomics,2900000,101270,172867,10,-2727133,-94.03906896551723,Loss,tt1152822,Freakonomics,Documentary,6.4,6466,Documentary
81,2011-08-19,Griff the Invisible,2900000,20778,25935,8,-2874065,-99.10568965517241,Loss,tt1509803,Griff the Invisible,"Comedy,Drama,Romance",6.1,4478,Comedy
81,2011-08-19,Griff the Invisible,2900000,20778,25935,8,-2874065,-99.10568965517241,Loss,tt1509803,Griff the Invisible,"Comedy,Drama,Romance",6.1,4478,Drama
81,2011-08-19,Griff the Invisible,2900000,20778,25935,8,-2874065,-99.10568965517241,Loss,tt1509803,Griff the Invisible,"Comedy,Drama,Romance",6.1,4478,Romance
93,2018-10-26,Indivisible,2700000,3511417,3588305,10,888305,32.90018518518519,Profit,tt5259496,Indivisible,Drama,7.1,901,Drama
95,2015-12-31,Sardaar Ji,2700000,0,8200000,12,5500000,203.70370370370372,Profit,tt4080386,Sardaar Ji,"Comedy,Fantasy,Horror",6.5,1182,Comedy
95,2015-12-31,Sardaar Ji,2700000,0,8200000,12,5500000,203.70370370370372,Profit,tt4080386,Sardaar Ji,"Comedy,Fantasy,Horror",6.5,1182,Fantasy
95,2015-12-31,Sardaar Ji,2700000,0,8200000,12,5500000,203.70370370370372,Profit,tt4080386,Sardaar Ji,"Comedy,Fantasy,Horror",6.5,1182,Horror
3,2014-05-02,Ida,2600000,3827060,15298355,5,12698355,488.39826923076924,Profit,tt2718492,Ida,Drama,7.4,46819,Drama
10,2011-04-01,"Fat, Sick & Nearly Dead",2600000,0,0,4,-2600000,-100.0,Loss,tt1227378,"Fat, Sick & Nearly Dead",Documentary,7.6,8164,Documentary
12,2013-01-11,A Haunted House,2500000,40041683,59922558,1,57422558,2296.9023199999997,Profit,tt2243537,A Haunted House,"Comedy,Fantasy",5.1,40308,Comedy
12,2013-01-11,A Haunted House,2500000,40041683,59922558,1,57422558,2296.9023199999997,Profit,tt2243537,A Haunted House,"Comedy,Fantasy",5.1,40308,Fantasy
14,2013-07-03,Kevin Hart: Let Me Explain,2500000,32244051,32327255,7,29827255,1193.0901999999999,Profit,tt2609912,Kevin Hart: Let Me Explain,"Comedy,Documentary",6.8,7880,Comedy
14,2013-07-03,Kevin Hart: Let Me Explain,2500000,32244051,32327255,7,29827255,1193.0901999999999,Profit,tt2609912,Kevin Hart: Let Me Explain,"Comedy,Documentary",6.8,7880,Documentary
22,2013-08-02,The Spectacular Now,2500000,6852971,6916951,8,4416951,176.67804,Profit,tt1714206,The Spectacular Now,"Comedy,Drama,Romance",7.1,133887,Comedy
22,2013-08-02,The Spectacular Now,2500000,6852971,6916951,8,4416951,176.67804,Profit,tt1714206,The Spectacular Now,"Comedy,Drama,Romance",7.1,133887,Drama
22,2013-08-02,The Spectacular Now,2500000,6852971,6916951,8,4416951,176.67804,Profit,tt1714206,The Spectacular Now,"Comedy,Drama,Romance",7.1,133887,Romance
25,2016-06-24,Hunt for the Wilderpeople,2500000,5205471,23845533,6,21345533,853.8213199999999,Profit,tt4698684,Hunt for the Wilderpeople,"Adventure,Comedy,Drama",7.9,87532,Adventure
25,2016-06-24,Hunt for the Wilderpeople,2500000,5205471,23845533,6,21345533,853.8213199999999,Profit,tt4698684,Hunt for the Wilderpeople,"Adventure,Comedy,Drama",7.9,87532,Comedy
25,2016-06-24,Hunt for the Wilderpeople,2500000,5205471,23845533,6,21345533,853.8213199999999,Profit,tt4698684,Hunt for the Wilderpeople,"Adventure,Comedy,Drama",7.9,87532,Drama
26,2012-08-17,Robot & Frank,2500000,3317468,4934356,8,2434356,97.37424,Profit,tt1990314,Robot & Frank,"Comedy,Crime,Drama",7.1,59229,Comedy
26,2012-08-17,Robot & Frank,2500000,3317468,4934356,8,2434356,97.37424,Profit,tt1990314,Robot & Frank,"Comedy,Crime,Drama",7.1,59229,Crime
26,2012-08-17,Robot & Frank,2500000,3317468,4934356,8,2434356,97.37424,Profit,tt1990314,Robot & Frank,"Comedy,Crime,Drama",7.1,59229,Drama
31,2013-03-01,The Lost Medallion: The Adventures of Billy Stone,2500000,549632,549632,3,-1950368,-78.01472000000001,Loss,tt1390539,The Lost Medallion: The Adventures of Billy Stone,"Adventure,Family,Fantasy",4.9,1502,Adventure
31,2013-03-01,The Lost Medallion: The Adventures of Billy Stone,2500000,549632,549632,3,-1950368,-78.01472000000001,Loss,tt1390539,The Lost Medallion: The Adventures of Billy Stone,"Adventure,Family,Fantasy",4.9,1502,Family
31,2013-03-01,The Lost Medallion: The Adventures of Billy Stone,2500000,549632,549632,3,-1950368,-78.01472000000001,Loss,tt1390539,The Lost Medallion: The Adventures of Billy Stone,"Adventure,Family,Fantasy",4.9,1502,Fantasy
34,2011-04-01,Super,2500000,327716,593933,4,-1906067,-76.24268,Loss,tt1512235,Super,"Action,Comedy,Drama",6.8,70604,Action
34,2011-04-01,Super,2500000,327716,593933,4,-1906067,-76.24268,Loss,tt1512235,Super,"Action,Comedy,Drama",6.8,70604,Comedy
34,2011-04-01,Super,2500000,327716,593933,4,-1906067,-76.24268,Loss,tt1512235,Super,"Action,Comedy,Drama",6.8,70604,Drama
38,2010-06-18,8: The Mormon Proposition,2500000,100280,100280,6,-2399720,-95.9888,Loss,tt1484522,8: The Mormon Proposition,Documentary,7.0,1190,Documentary
41,2013-08-16,Underdogs,2500000,35017,1392649,8,-1107351,-44.29404,Loss,tt1634003,Underdogs,"Adventure,Animation,Family",6.5,8197,Adventure
41,2013-08-16,Underdogs,2500000,35017,1392649,8,-1107351,-44.29404,Loss,tt1634003,Underdogs,"Adventure,Animation,Family",6.5,8197,Animation
41,2013-08-16,Underdogs,2500000,35017,1392649,8,-1107351,-44.29404,Loss,tt1634003,Underdogs,"Adventure,Animation,Family",6.5,8197,Family
44,2013-06-21,Alien Uprising,2500000,0,0,6,-2500000,-100.0,Loss,tt2040578,Alien Uprising,"Comedy,Horror,Sci-Fi",3.2,3166,Comedy
44,2013-06-21,Alien Uprising,2500000,0,0,6,-2500000,-100.0,Loss,tt2040578,Alien Uprising,"Comedy,Horror,Sci-Fi",3.2,3166,Horror
44,2013-06-21,Alien Uprising,2500000,0,0,6,-2500000,-100.0,Loss,tt2040578,Alien Uprising,"Comedy,Horror,Sci-Fi",3.2,3166,Sci-Fi
45,2010-12-31,Christmas Mail,2500000,0,0,12,-2500000,-100.0,Loss,tt1663628,Christmas Mail,"Comedy,Drama,Family",5.8,1317,Comedy
45,2010-12-31,Christmas Mail,2500000,0,0,12,-2500000,-100.0,Loss,tt1663628,Christmas Mail,"Comedy,Drama,Family",5.8,1317,Drama
45,2010-12-31,Christmas Mail,2500000,0,0,12,-2500000,-100.0,Loss,tt1663628,Christmas Mail,"Comedy,Drama,Family",5.8,1317,Family
46,2015-07-03,Stung,2500000,0,0,7,-2500000,-100.0,Loss,tt3300572,Stung,"Action,Adventure,Comedy",5.1,4257,Action
46,2015-07-03,Stung,2500000,0,0,7,-2500000,-100.0,Loss,tt3300572,Stung,"Action,Adventure,Comedy",5.1,4257,Adventure
46,2015-07-03,Stung,2500000,0,0,7,-2500000,-100.0,Loss,tt3300572,Stung,"Action,Adventure,Comedy",5.1,4257,Comedy
48,2015-10-13,8 Days,2500000,0,0,10,-2500000,-100.0,Loss,tt3111864,8 Days,"Drama,Thriller",5.0,102,Drama
48,2015-10-13,8 Days,2500000,0,0,10,-2500000,-100.0,Loss,tt3111864,8 Days,"Drama,Thriller",5.0,102,Thriller
49,2016-09-02,Antibirth,2500000,0,0,9,-2500000,-100.0,Loss,tt3333870,Antibirth,Horror,4.9,2759,Horror
50,2016-02-02,The Rise of the Krays,2500000,0,0,2,-2500000,-100.0,Loss,tt2945796,The Rise of the Krays,"Crime,Drama",5.0,1723,Crime
50,2016-02-02,The Rise of the Krays,2500000,0,0,2,-2500000,-100.0,Loss,tt2945796,The Rise of the Krays,"Crime,Drama",5.0,1723,Drama
57,2014-11-14,Always Woodstock,2400000,0,0,11,-2400000,-100.0,Loss,tt1995477,Always Woodstock,"Comedy,Music,Romance",5.4,661,Comedy
57,2014-11-14,Always Woodstock,2400000,0,0,11,-2400000,-100.0,Loss,tt1995477,Always Woodstock,"Comedy,Music,Romance",5.4,661,Music
57,2014-11-14,Always Woodstock,2400000,0,0,11,-2400000,-100.0,Loss,tt1995477,Always Woodstock,"Comedy,Music,Romance",5.4,661,Romance
60,2015-03-20,Do You Believe?,2300000,12985600,14304931,3,12004931,521.9535217391305,Profit,tt4056738,Do You Believe?,Drama,6.1,6462,Drama
63,2014-09-05,Frontera,2300000,59696,59696,9,-2240304,-97.40452173913043,Loss,tt2510028,Frontera,"Drama,Thriller,Western",6.6,6861,Drama
63,2014-09-05,Frontera,2300000,59696,59696,9,-2240304,-97.40452173913043,Loss,tt2510028,Frontera,"Drama,Thriller,Western",6.6,6861,Thriller
63,2014-09-05,Frontera,2300000,59696,59696,9,-2240304,-97.40452173913043,Loss,tt2510028,Frontera,"Drama,Thriller,Western",6.6,6861,Western
64,2011-08-26,Redemption Road,2300000,29384,29384,8,-2270616,-98.72243478260869,Loss,tt1470020,Redemption Road,Drama,5.8,479,Drama
66,2016-01-19,Eden,2300000,0,0,1,-2300000,-100.0,Loss,tt1734433,Eden,"Crime,Drama",6.7,7709,Crime
66,2016-01-19,Eden,2300000,0,0,1,-2300000,-100.0,Loss,tt1734433,Eden,"Crime,Drama",6.7,7709,Drama
81,2016-10-16,Mi America,2100000,3330,3330,10,-2096670,-99.84142857142857,Loss,tt2460506,Mi America,"Crime,Drama",6.5,54,Crime
81,2016-10-16,Mi America,2100000,3330,3330,10,-2096670,-99.84142857142857,Loss,tt2460506,Mi America,"Crime,Drama",6.5,54,Drama
83,2012-12-31,Infected,2100000,0,0,12,-2100000,-100.0,Loss,tt1622991,Infected,"Action,Horror,Sci-Fi",2.8,1028,Action
83,2012-12-31,Infected,2100000,0,0,12,-2100000,-100.0,Loss,tt1622991,Infected,"Action,Horror,Sci-Fi",2.8,1028,Horror
83,2012-12-31,Infected,2100000,0,0,12,-2100000,-100.0,Loss,tt1622991,Infected,"Action,Horror,Sci-Fi",2.8,1028,Sci-Fi
85,2015-10-06,The Timber,2100000,0,0,10,-2100000,-100.0,Loss,tt2215673,The Timber,"Action,Adventure,Drama",4.9,1292,Action
85,2015-10-06,The Timber,2100000,0,0,10,-2100000,-100.0,Loss,tt2215673,The Timber,"Action,Adventure,Drama",4.9,1292,Adventure
85,2015-10-06,The Timber,2100000,0,0,10,-2100000,-100.0,Loss,tt2215673,The Timber,"Action,Adventure,Drama",4.9,1292,Drama
86,2016-01-19,Sharkskin,2100000,0,0,1,-2100000,-100.0,Loss,tt2317796,Sharkskin,"Comedy,Drama,Mystery",6.4,24,Comedy
86,2016-01-19,Sharkskin,2100000,0,0,1,-2100000,-100.0,Loss,tt2317796,Sharkskin,"Comedy,Drama,Mystery",6.4,24,Drama
86,2016-01-19,Sharkskin,2100000,0,0,1,-2100000,-100.0,Loss,tt2317796,Sharkskin,"Comedy,Drama,Mystery",6.4,24,Mystery
87,2011-09-30,Courageous,2000000,34522221,35185884,9,33185884,1659.2942,Profit,tt1630036,Courageous,Drama,7.0,17586,Drama
94,2015-03-13,It Follows,2000000,14674077,23250755,3,21250755,1062.5377500000002,Profit,tt3235888,It Follows,"Horror,Mystery",6.9,182839,Horror
94,2015-03-13,It Follows,2000000,14674077,23250755,3,21250755,1062.5377500000002,Profit,tt3235888,It Follows,"Horror,Mystery",6.9,182839,Mystery
95,2018-07-13,Eighth Grade,2000000,13539710,14341016,7,12341016,617.0508,Profit,tt7014006,Eighth Grade,"Comedy,Drama",7.5,43256,Comedy
95,2018-07-13,Eighth Grade,2000000,13539710,14341016,7,12341016,617.0508,Profit,tt7014006,Eighth Grade,"Comedy,Drama",7.5,43256,Drama
97,2012-03-09,Silent House,2000000,12739737,16610760,3,14610760,730.538,Profit,tt1767382,Silent House,"Drama,Horror,Mystery",5.3,20831,Drama
97,2012-03-09,Silent House,2000000,12739737,16610760,3,14610760,730.538,Profit,tt1767382,Silent House,"Drama,Horror,Mystery",5.3,20831,Horror
97,2012-03-09,Silent House,2000000,12739737,16610760,3,14610760,730.538,Profit,tt1767382,Silent House,"Drama,Horror,Mystery",5.3,20831,Mystery
100,2016-04-08,Hardcore Henry,2000000,9252038,17187434,4,15187434,759.3717,Profit,tt3072482,Hardcore Henry,"Action,Adventure,Sci-Fi",6.7,78226,Action
100,2016-04-08,Hardcore Henry,2000000,9252038,17187434,4,15187434,759.3717,Profit,tt3072482,Hardcore Henry,"Action,Adventure,Sci-Fi",6.7,78226,Adventure
100,2016-04-08,Hardcore Henry,2000000,9252038,17187434,4,15187434,759.3717,Profit,tt3072482,Hardcore Henry,"Action,Adventure,Sci-Fi",6.7,78226,Sci-Fi
8,2010-06-11,Winter's Bone,2000000,6531503,16131551,6,14131551,706.57755,Profit,tt1399683,Winter's Bone,"Drama,Mystery",7.2,127751,Drama
8,2010-06-11,Winter's Bone,2000000,6531503,16131551,6,14131551,706.57755,Profit,tt1399683,Winter's Bone,"Drama,Mystery",7.2,127751,Mystery
9,2014-10-10,Meet the Mormons,2000000,6047363,6049171,10,4049171,202.45855,Profit,tt4003774,Meet the Mormons,Documentary,6.9,1897,Documentary
11,2017-10-06,The Florida Project,2000000,5904366,11295324,10,9295324,464.7662,Profit,tt5649144,The Florida Project,Drama,7.6,72193,Drama
12,2017-08-25,All Saints,2000000,5802208,5941994,8,3941994,197.0997,Profit,tt4663548,All Saints,Drama,6.0,1220,Drama
17,2010-10-08,Inside Job,2000000,4311834,7799257,10,5799257,289.96285,Profit,tt1645089,Inside Job,"Crime,Documentary",8.3,65304,Crime
17,2010-10-08,Inside Job,2000000,4311834,7799257,10,5799257,289.96285,Profit,tt1645089,Inside Job,"Crime,Documentary",8.3,65304,Documentary
20,2015-08-28,We Are Your Friends,2000000,3591417,10153415,8,8153415,407.67075000000006,Profit,tt3787590,We Are Your Friends,"Drama,Music,Romance",6.2,32327,Drama
20,2015-08-28,We Are Your Friends,2000000,3591417,10153415,8,8153415,407.67075000000006,Profit,tt3787590,We Are Your Friends,"Drama,Music,Romance",6.2,32327,Music
20,2015-08-28,We Are Your Friends,2000000,3591417,10153415,8,8153415,407.67075000000006,Profit,tt3787590,We Are Your Friends,"Drama,Music,Romance",6.2,32327,Romance
23,2015-09-18,Captive,2000000,2583301,2791973,9,791973,39.59865,Profit,tt3268668,Captive,"Action,Crime,Drama",5.4,6017,Action
23,2015-09-18,Captive,2000000,2583301,2791973,9,791973,39.59865,Profit,tt3268668,Captive,"Action,Crime,Drama",5.4,6017,Crime
23,2015-09-18,Captive,2000000,2583301,2791973,9,791973,39.59865,Profit,tt3268668,Captive,"Action,Crime,Drama",5.4,6017,Drama
25,2018-06-08,Hearts Beat Loud,2000000,2386254,2420962,6,420962,21.0481,Profit,tt7158430,Hearts Beat Loud,"Comedy,Drama,Music",6.9,6543,Comedy
25,2018-06-08,Hearts Beat Loud,2000000,2386254,2420962,6,420962,21.0481,Profit,tt7158430,Hearts Beat Loud,"Comedy,Drama,Music",6.9,6543,Drama
25,2018-06-08,Hearts Beat Loud,2000000,2386254,2420962,6,420962,21.0481,Profit,tt7158430,Hearts Beat Loud,"Comedy,Drama,Music",6.9,6543,Music
26,2017-01-20,The Resurrection of Gavin Stone,2000000,2303792,2303792,1,303792,15.1896,Profit,tt4902904,The Resurrection of Gavin Stone,"Comedy,Drama,Family",6.2,1562,Comedy
26,2017-01-20,The Resurrection of Gavin Stone,2000000,2303792,2303792,1,303792,15.1896,Profit,tt4902904,The Resurrection of Gavin Stone,"Comedy,Drama,Family",6.2,1562,Drama
26,2017-01-20,The Resurrection of Gavin Stone,2000000,2303792,2303792,1,303792,15.1896,Profit,tt4902904,The Resurrection of Gavin Stone,"Comedy,Drama,Family",6.2,1562,Family
35,2015-08-07,The Diary of a Teenage Girl,2000000,1477002,2279959,8,279959,13.997950000000001,Profit,tt3172532,The Diary of a Teenage Girl,"Comedy,Drama,Romance",6.9,27003,Comedy
35,2015-08-07,The Diary of a Teenage Girl,2000000,1477002,2279959,8,279959,13.997950000000001,Profit,tt3172532,The Diary of a Teenage Girl,"Comedy,Drama,Romance",6.9,27003,Drama
35,2015-08-07,The Diary of a Teenage Girl,2000000,1477002,2279959,8,279959,13.997950000000001,Profit,tt3172532,The Diary of a Teenage Girl,"Comedy,Drama,Romance",6.9,27003,Romance
37,2014-04-25,Locke,2000000,1370646,2088390,4,88390,4.4195,Profit,tt2692904,Locke,Drama,7.1,120703,Drama
40,2011-04-08,Meek's Cutoff,2000000,977772,1869928,4,-130072,-6.5036,Loss,tt1518812,Meek's Cutoff,"Drama,Western",6.6,10439,Drama
40,2011-04-08,Meek's Cutoff,2000000,977772,1869928,4,-130072,-6.5036,Loss,tt1518812,Meek's Cutoff,"Drama,Western",6.6,10439,Western
41,2014-11-28,The Babadook,2000000,950792,7482387,11,5482387,274.11935,Profit,tt2321549,The Babadook,"Drama,Horror",6.8,171411,Drama
41,2014-11-28,The Babadook,2000000,950792,7482387,11,5482387,274.11935,Profit,tt2321549,The Babadook,"Drama,Horror",6.8,171411,Horror
44,2010-09-24,The Virginity Hit,2000000,636706,636706,9,-1363294,-68.1647,Loss,tt1695994,The Virginity Hit,Comedy,4.6,3696,Comedy
51,2015-02-13,The Last Five Years,2000000,147299,205298,2,-1794702,-89.7351,Loss,tt2474024,The Last Five Years,"Comedy,Drama,Musical",5.9,8735,Comedy
51,2015-02-13,The Last Five Years,2000000,147299,205298,2,-1794702,-89.7351,Loss,tt2474024,The Last Five Years,"Comedy,Drama,Musical",5.9,8735,Drama
51,2015-02-13,The Last Five Years,2000000,147299,205298,2,-1794702,-89.7351,Loss,tt2474024,The Last Five Years,"Comedy,Drama,Musical",5.9,8735,Musical
57,2014-09-19,Pump,2000000,72277,72277,9,-1927723,-96.38615,Loss,tt2630916,Pump,Documentary,7.7,608,Documentary
60,2015-04-07,Lost River,2000000,45431,2009644,4,9644,0.48219999999999996,Profit,tt2366608,Lost River,"Drama,Fantasy,Mystery",5.8,15667,Drama
60,2015-04-07,Lost River,2000000,45431,2009644,4,9644,0.48219999999999996,Profit,tt2366608,Lost River,"Drama,Fantasy,Mystery",5.8,15667,Fantasy
60,2015-04-07,Lost River,2000000,45431,2009644,4,9644,0.48219999999999996,Profit,tt2366608,Lost River,"Drama,Fantasy,Mystery",5.8,15667,Mystery
62,2015-10-09,Knock Knock,2000000,36336,6328516,10,4328516,216.42579999999998,Profit,tt3605418,Knock Knock,"Drama,Thriller",4.9,68328,Drama
62,2015-10-09,Knock Knock,2000000,36336,6328516,10,4328516,216.42579999999998,Profit,tt3605418,Knock Knock,"Drama,Thriller",4.9,68328,Thriller
67,2012-10-19,The First Time,2000000,17061,17061,10,-1982939,-99.14695,Loss,tt1763303,The First Time,"Comedy,Drama,Romance",6.9,62589,Comedy
67,2012-10-19,The First Time,2000000,17061,17061,10,-1982939,-99.14695,Loss,tt1763303,The First Time,"Comedy,Drama,Romance",6.9,62589,Drama
67,2012-10-19,The First Time,2000000,17061,17061,10,-1982939,-99.14695,Loss,tt1763303,The First Time,"Comedy,Drama,Romance",6.9,62589,Romance
69,2010-08-27,Circle,2000000,10024,10024,8,-1989976,-99.4988,Loss,tt3118452,Circle,"Drama,Mystery,Sci-Fi",6.0,30645,Drama
69,2010-08-27,Circle,2000000,10024,10024,8,-1989976,-99.4988,Loss,tt3118452,Circle,"Drama,Mystery,Sci-Fi",6.0,30645,Mystery
69,2010-08-27,Circle,2000000,10024,10024,8,-1989976,-99.4988,Loss,tt3118452,Circle,"Drama,Mystery,Sci-Fi",6.0,30645,Sci-Fi
73,2013-09-13,Plush,2000000,3080,28864,9,-1971136,-98.5568,Loss,tt2226519,Plush,"Drama,Music,Thriller",5.4,3462,Drama
73,2013-09-13,Plush,2000000,3080,28864,9,-1971136,-98.5568,Loss,tt2226519,Plush,"Drama,Music,Thriller",5.4,3462,Music
73,2013-09-13,Plush,2000000,3080,28864,9,-1971136,-98.5568,Loss,tt2226519,Plush,"Drama,Music,Thriller",5.4,3462,Thriller
74,2012-10-26,The Ghastly Love of Johnny X,2000000,2436,2436,10,-1997564,-99.87819999999999,Loss,tt1754633,The Ghastly Love of Johnny X,"Comedy,Fantasy,Musical",5.7,386,Comedy
74,2012-10-26,The Ghastly Love of Johnny X,2000000,2436,2436,10,-1997564,-99.87819999999999,Loss,tt1754633,The Ghastly Love of Johnny X,"Comedy,Fantasy,Musical",5.7,386,Fantasy
74,2012-10-26,The Ghastly Love of Johnny X,2000000,2436,2436,10,-1997564,-99.87819999999999,Loss,tt1754633,The Ghastly Love of Johnny X,"Comedy,Fantasy,Musical",5.7,386,Musical
76,2011-09-09,Grave Encounters,2000000,0,2151887,9,151887,7.5943499999999995,Profit,tt1703199,Grave Encounters,Horror,6.1,48125,Horror
77,2015-10-23,Bone Tomahawk,2000000,0,475846,10,-1524154,-76.2077,Loss,tt2494362,Bone Tomahawk,"Adventure,Drama,Horror",7.1,70298,Adventure
77,2015-10-23,Bone Tomahawk,2000000,0,475846,10,-1524154,-76.2077,Loss,tt2494362,Bone Tomahawk,"Adventure,Drama,Horror",7.1,70298,Drama
77,2015-10-23,Bone Tomahawk,2000000,0,475846,10,-1524154,-76.2077,Loss,tt2494362,Bone Tomahawk,"Adventure,Drama,Horror",7.1,70298,Horror
79,2013-04-01,Stitches,2000000,0,63555,4,-1936445,-96.82225,Loss,tt2126362,Stitches,"Comedy,Horror",5.7,8214,Comedy
79,2013-04-01,Stitches,2000000,0,63555,4,-1936445,-96.82225,Loss,tt2126362,Stitches,"Comedy,Horror",5.7,8214,Horror
87,2013-03-19,Straight A's,2000000,0,0,3,-2000000,-100.0,Loss,tt2024506,Straight A's,"Comedy,Drama",5.7,4197,Comedy
87,2013-03-19,Straight A's,2000000,0,0,3,-2000000,-100.0,Loss,tt2024506,Straight A's,"Comedy,Drama",5.7,4197,Drama
89,2012-12-31,Highway,2000000,0,0,12,-2000000,-100.0,Loss,tt2980794,Highway,"Crime,Drama,Romance",7.7,23434,Crime
89,2012-12-31,Highway,2000000,0,0,12,-2000000,-100.0,Loss,tt2980794,Highway,"Crime,Drama,Romance",7.7,23434,Drama
89,2012-12-31,Highway,2000000,0,0,12,-2000000,-100.0,Loss,tt2980794,Highway,"Crime,Drama,Romance",7.7,23434,Romance
90,2013-02-08,Small Apartments,2000000,0,0,2,-2000000,-100.0,Loss,tt1272886,Small Apartments,"Comedy,Crime,Drama",6.1,6688,Comedy
90,2013-02-08,Small Apartments,2000000,0,0,2,-2000000,-100.0,Loss,tt1272886,Small Apartments,"Comedy,Crime,Drama",6.1,6688,Crime
90,2013-02-08,Small Apartments,2000000,0,0,2,-2000000,-100.0,Loss,tt1272886,Small Apartments,"Comedy,Crime,Drama",6.1,6688,Drama
91,2013-07-09,Coffee Town,2000000,0,0,7,-2000000,-100.0,Loss,tt2234025,Coffee Town,Comedy,6.6,4666,Comedy
92,2014-12-31,Lucky Dog,2000000,0,0,12,-2000000,-100.0,Loss,tt3149360,Lucky Dog,Family,5.4,49,Family
96,2015-03-20,The Walking Deceased,2000000,0,0,3,-2000000,-100.0,Loss,tt3499458,The Walking Deceased,"Comedy,Horror",3.5,2914,Comedy
96,2015-03-20,The Walking Deceased,2000000,0,0,3,-2000000,-100.0,Loss,tt3499458,The Walking Deceased,"Comedy,Horror",3.5,2914,Horror
97,2011-12-31,True Bromance,2000000,0,0,12,-2000000,-100.0,Loss,tt1839425,True Bromance,Comedy,5.9,39,Comedy
98,2015-08-21,The Curse of Downers Grove,2000000,0,0,8,-2000000,-100.0,Loss,tt1772261,The Curse of Downers Grove,"Drama,Horror,Mystery",4.5,1618,Drama
98,2015-08-21,The Curse of Downers Grove,2000000,0,0,8,-2000000,-100.0,Loss,tt1772261,The Curse of Downers Grove,"Drama,Horror,Mystery",4.5,1618,Horror
98,2015-08-21,The Curse of Downers Grove,2000000,0,0,8,-2000000,-100.0,Loss,tt1772261,The Curse of Downers Grove,"Drama,Horror,Mystery",4.5,1618,Mystery
99,2015-12-31,Wind Walkers,2000000,0,0,12,-2000000,-100.0,Loss,tt1236254,Wind Walkers,"Action,Horror,Thriller",3.8,234,Action
99,2015-12-31,Wind Walkers,2000000,0,0,12,-2000000,-100.0,Loss,tt1236254,Wind Walkers,"Action,Horror,Thriller",3.8,234,Horror
99,2015-12-31,Wind Walkers,2000000,0,0,12,-2000000,-100.0,Loss,tt1236254,Wind Walkers,"Action,Horror,Thriller",3.8,234,Thriller
100,2016-07-08,The Dog Lover,2000000,0,0,7,-2000000,-100.0,Loss,tt4063178,The Dog Lover,Drama,5.6,620,Drama
1,2015-12-01,Shark Lake,2000000,0,0,12,-2000000,-100.0,Loss,tt4416518,Shark Lake,"Action,Adventure,Crime",3.5,1686,Action
1,2015-12-01,Shark Lake,2000000,0,0,12,-2000000,-100.0,Loss,tt4416518,Shark Lake,"Action,Adventure,Crime",3.5,1686,Adventure
1,2015-12-01,Shark Lake,2000000,0,0,12,-2000000,-100.0,Loss,tt4416518,Shark Lake,"Action,Adventure,Crime",3.5,1686,Crime
2,2010-09-24,Buried,1987650,1044143,21270290,9,19282640,970.1225064774986,Profit,tt1462758,Buried,"Drama,Mystery,Thriller",7.0,139426,Drama
2,2010-09-24,Buried,1987650,1044143,21270290,9,19282640,970.1225064774986,Profit,tt1462758,Buried,"Drama,Mystery,Thriller",7.0,139426,Mystery
2,2010-09-24,Buried,1987650,1044143,21270290,9,19282640,970.1225064774986,Profit,tt1462758,Buried,"Drama,Mystery,Thriller",7.0,139426,Thriller
8,2015-04-24,Brotherly Love,1900000,478595,478595,4,-1421405,-74.81078947368421,Loss,tt3262990,Brotherly Love,Drama,6.7,1587,Drama
9,2011-06-03,Submarine,1900000,467602,4581937,6,2681937,141.15457894736844,Profit,tt1440292,Submarine,"Comedy,Drama,Romance",7.3,79810,Comedy
9,2011-06-03,Submarine,1900000,467602,4581937,6,2681937,141.15457894736844,Profit,tt1440292,Submarine,"Comedy,Drama,Romance",7.3,79810,Drama
9,2011-06-03,Submarine,1900000,467602,4581937,6,2681937,141.15457894736844,Profit,tt1440292,Submarine,"Comedy,Drama,Romance",7.3,79810,Romance
10,2010-04-09,The Square,1900000,406216,740932,4,-1159068,-61.00357894736842,Loss,tt4995790,The Square,"Comedy,Drama",7.2,44239,Comedy
10,2010-04-09,The Square,1900000,406216,740932,4,-1159068,-61.00357894736842,Loss,tt4995790,The Square,"Comedy,Drama",7.2,44239,Drama
100,2013-10-25,The Square,1500000,124244,176262,10,-1323738,-88.2492,Loss,tt4995790,The Square,"Comedy,Drama",7.2,44239,Comedy
100,2013-10-25,The Square,1500000,124244,176262,10,-1323738,-88.2492,Loss,tt4995790,The Square,"Comedy,Drama",7.2,44239,Drama
11,2013-02-08,ABCD (Any Body Can Dance),1900000,222098,10137234,2,8237234,433.53863157894733,Profit,tt2321163,ABCD (Any Body Can Dance),"Drama,Music",6.4,5695,Drama
11,2013-02-08,ABCD (Any Body Can Dance),1900000,222098,10137234,2,8237234,433.53863157894733,Profit,tt2321163,ABCD (Any Body Can Dance),"Drama,Music",6.4,5695,Music
13,2013-07-26,Stranded,1900000,0,285593,7,-1614407,-84.96878947368421,Loss,tt2268573,Stranded,"Horror,Sci-Fi",3.5,3704,Horror
13,2013-07-26,Stranded,1900000,0,285593,7,-1614407,-84.96878947368421,Loss,tt2268573,Stranded,"Horror,Sci-Fi",3.5,3704,Sci-Fi
14,2015-12-31,Vaalu,1900000,0,12444,12,-1887556,-99.34505263157895,Loss,tt3566698,Vaalu,"Comedy,Romance",4.9,701,Comedy
14,2015-12-31,Vaalu,1900000,0,12444,12,-1887556,-99.34505263157895,Loss,tt3566698,Vaalu,"Comedy,Romance",4.9,701,Romance
15,2010-08-27,The Last Exorcism,1800000,41034350,70165900,8,68365900,3798.105555555556,Profit,tt1320244,The Last Exorcism,"Drama,Horror,Thriller",5.6,45815,Drama
15,2010-08-27,The Last Exorcism,1800000,41034350,70165900,8,68365900,3798.105555555556,Profit,tt1320244,The Last Exorcism,"Drama,Horror,Thriller",5.6,45815,Horror
15,2010-08-27,The Last Exorcism,1800000,41034350,70165900,8,68365900,3798.105555555556,Profit,tt1320244,The Last Exorcism,"Drama,Horror,Thriller",5.6,45815,Thriller
18,2012-06-27,Beasts of the Southern Wild,1800000,12795746,23265132,6,21465132,1192.5073333333335,Profit,tt2125435,Beasts of the Southern Wild,"Adventure,Drama,Fantasy",7.3,77440,Adventure
18,2012-06-27,Beasts of the Southern Wild,1800000,12795746,23265132,6,21465132,1192.5073333333335,Profit,tt2125435,Beasts of the Southern Wild,"Adventure,Drama,Fantasy",7.3,77440,Drama
18,2012-06-27,Beasts of the Southern Wild,1800000,12795746,23265132,6,21465132,1192.5073333333335,Profit,tt2125435,Beasts of the Southern Wild,"Adventure,Drama,Fantasy",7.3,77440,Fantasy
25,2011-08-23,Higher Ground,1800000,841056,842693,8,-957307,-53.183722222222215,Loss,tt1562568,Higher Ground,Drama,6.3,2869,Drama
31,2012-02-03,Dysfunctional Friends,1800000,0,0,2,-1800000,-100.0,Loss,tt1653002,Dysfunctional Friends,"Comedy,Drama",5.2,760,Comedy
31,2012-02-03,Dysfunctional Friends,1800000,0,0,2,-1800000,-100.0,Loss,tt1653002,Dysfunctional Friends,"Comedy,Drama",5.2,760,Drama
32,2013-12-31,Independence Daysaster,1800000,0,0,12,-1800000,-100.0,Loss,tt2645670,Independence Daysaster,"Action,Adventure,Sci-Fi",3.4,974,Action
32,2013-12-31,Independence Daysaster,1800000,0,0,12,-1800000,-100.0,Loss,tt2645670,Independence Daysaster,"Action,Adventure,Sci-Fi",3.4,974,Adventure
32,2013-12-31,Independence Daysaster,1800000,0,0,12,-1800000,-100.0,Loss,tt2645670,Independence Daysaster,"Action,Adventure,Sci-Fi",3.4,974,Sci-Fi
37,2010-10-08,I Spit on Your Grave,1750000,93051,1278471,10,-471529,-26.944514285714288,Loss,tt1242432,I Spit on Your Grave,"Horror,Thriller",6.3,68592,Horror
37,2010-10-08,I Spit on Your Grave,1750000,93051,1278471,10,-471529,-26.944514285714288,Loss,tt1242432,I Spit on Your Grave,"Horror,Thriller",6.3,68592,Thriller
38,2019-04-23,Living Dark: The Story of Ted the Caver,1750000,0,0,4,-1750000,-100.0,Loss,tt2100573,Living Dark: The Story of Ted the Caver,Horror,5.3,349,Horror
42,2014-02-28,The Lunchbox,1700000,4231500,12231500,2,10531500,619.5,Profit,tt2350496,The Lunchbox,"Drama,Romance",7.8,42618,Drama
42,2014-02-28,The Lunchbox,1700000,4231500,12231500,2,10531500,619.5,Profit,tt2350496,The Lunchbox,"Drama,Romance",7.8,42618,Romance
43,2013-10-04,Grace Unplugged,1700000,2507159,2507159,10,807159,47.47994117647059,Profit,tt2349460,Grace Unplugged,"Drama,Music",6.2,3006,Drama
43,2013-10-04,Grace Unplugged,1700000,2507159,2507159,10,807159,47.47994117647059,Profit,tt2349460,Grace Unplugged,"Drama,Music",6.2,3006,Music
48,2019-02-01,Braid,1660000,0,80745,2,-1579255,-95.13584337349398,Loss,tt4638148,Braid,"Horror,Mystery,Thriller",5.3,1115,Horror
48,2019-02-01,Braid,1660000,0,80745,2,-1579255,-95.13584337349398,Loss,tt4638148,Braid,"Horror,Mystery,Thriller",5.3,1115,Mystery
48,2019-02-01,Braid,1660000,0,80745,2,-1579255,-95.13584337349398,Loss,tt4638148,Braid,"Horror,Mystery,Thriller",5.3,1115,Thriller
54,2010-10-15,N-Secure,1600000,2595644,2595644,10,995644,62.22775,Profit,tt1289419,N-Secure,"Crime,Drama,Thriller",3.6,587,Crime
54,2010-10-15,N-Secure,1600000,2595644,2595644,10,995644,62.22775,Profit,tt1289419,N-Secure,"Crime,Drama,Thriller",3.6,587,Drama
54,2010-10-15,N-Secure,1600000,2595644,2595644,10,995644,62.22775,Profit,tt1289419,N-Secure,"Crime,Drama,Thriller",3.6,587,Thriller
60,2014-09-26,Two Night Stand,1600000,15600,868081,9,-731919,-45.7449375,Loss,tt2140619,Two Night Stand,"Comedy,Romance",6.4,60510,Comedy
60,2014-09-26,Two Night Stand,1600000,15600,868081,9,-731919,-45.7449375,Loss,tt2140619,Two Night Stand,"Comedy,Romance",6.4,60510,Romance
63,2011-04-01,Insidious,1500000,54009150,99870886,4,98370886,6558.059066666667,Profit,tt1591095,Insidious,"Horror,Mystery,Thriller",6.9,254197,Horror
63,2011-04-01,Insidious,1500000,54009150,99870886,4,98370886,6558.059066666667,Profit,tt1591095,Insidious,"Horror,Mystery,Thriller",6.9,254197,Mystery
63,2011-04-01,Insidious,1500000,54009150,99870886,4,98370886,6558.059066666667,Profit,tt1591095,Insidious,"Horror,Mystery,Thriller",6.9,254197,Thriller
64,2016-10-21,Moonlight,1500000,27854931,65245512,10,63745512,4249.7008000000005,Profit,tt4975722,Moonlight,Drama,7.4,227964,Drama
70,2018-03-23,Unsane,1500000,7690044,14244931,3,12744931,849.6620666666666,Profit,tt7153766,Unsane,"Drama,Horror,Mystery",6.4,32049,Drama
70,2018-03-23,Unsane,1500000,7690044,14244931,3,12744931,849.6620666666666,Profit,tt7153766,Unsane,"Drama,Horror,Mystery",6.4,32049,Horror
70,2018-03-23,Unsane,1500000,7690044,14244931,3,12744931,849.6620666666666,Profit,tt7153766,Unsane,"Drama,Horror,Mystery",6.4,32049,Mystery
77,2013-07-26,The To Do List,1500000,3491669,4128828,7,2628828,175.2552,Profit,tt1758795,The To Do List,"Comedy,Romance",5.8,34524,Comedy
77,2013-07-26,The To Do List,1500000,3491669,4128828,7,2628828,175.2552,Profit,tt1758795,The To Do List,"Comedy,Romance",5.8,34524,Romance
78,2013-02-01,The Gatekeepers,1500000,2408553,2592308,2,1092308,72.82053333333334,Profit,tt2309788,The Gatekeepers,"Documentary,History,War",7.6,5214,Documentary
78,2013-02-01,The Gatekeepers,1500000,2408553,2592308,2,1092308,72.82053333333334,Profit,tt2309788,The Gatekeepers,"Documentary,History,War",7.6,5214,History
78,2013-02-01,The Gatekeepers,1500000,2408553,2592308,2,1092308,72.82053333333334,Profit,tt2309788,The Gatekeepers,"Documentary,History,War",7.6,5214,War
84,2013-04-19,The Lords of Salem,1500000,1165881,1541131,4,41131,2.7420666666666667,Profit,tt1731697,The Lords of Salem,"Horror,Thriller",5.1,25089,Horror
84,2013-04-19,The Lords of Salem,1500000,1165881,1541131,4,41131,2.7420666666666667,Profit,tt1731697,The Lords of Salem,"Horror,Thriller",5.1,25089,Thriller
85,2016-10-21,31,1500000,779820,922727,10,-577273,-38.48486666666667,Loss,tt3835080,31,"Horror,Thriller",5.1,15055,Horror
85,2016-10-21,31,1500000,779820,922727,10,-577273,-38.48486666666667,Loss,tt3835080,31,"Horror,Thriller",5.1,15055,Thriller
87,2016-04-22,Unsullied,1500000,510957,510957,4,-989043,-65.9362,Loss,tt3139764,Unsullied,"Action,Horror,Thriller",4.3,278,Action
87,2016-04-22,Unsullied,1500000,510957,510957,4,-989043,-65.9362,Loss,tt3139764,Unsullied,"Action,Horror,Thriller",4.3,278,Horror
87,2016-04-22,Unsullied,1500000,510957,510957,4,-989043,-65.9362,Loss,tt3139764,Unsullied,"Action,Horror,Thriller",4.3,278,Thriller
94,2011-08-19,Amigo,1500000,184705,184705,8,-1315295,-87.68633333333334,Loss,tt1562847,Amigo,"Drama,War",5.9,514,Drama
94,2011-08-19,Amigo,1500000,184705,184705,8,-1315295,-87.68633333333334,Loss,tt1562847,Amigo,"Drama,War",5.9,514,War
2,2015-03-06,Road Hard,1500000,113169,113169,3,-1386831,-92.4554,Loss,tt3110770,Road Hard,Comedy,6.1,1681,Comedy
7,2014-10-17,Housebound,1500000,0,236863,10,-1263137,-84.20913333333333,Loss,tt3504048,Housebound,"Comedy,Horror,Mystery",6.8,29757,Comedy
7,2014-10-17,Housebound,1500000,0,236863,10,-1263137,-84.20913333333333,Loss,tt3504048,Housebound,"Comedy,Horror,Mystery",6.8,29757,Horror
7,2014-10-17,Housebound,1500000,0,236863,10,-1263137,-84.20913333333333,Loss,tt3504048,Housebound,"Comedy,Horror,Mystery",6.8,29757,Mystery
8,2018-07-20,Teefa in Trouble,1500000,0,98806,7,-1401194,-93.41293333333334,Loss,tt8043306,Teefa in Trouble,"Action,Comedy,Crime",7.4,2724,Action
8,2018-07-20,Teefa in Trouble,1500000,0,98806,7,-1401194,-93.41293333333334,Loss,tt8043306,Teefa in Trouble,"Action,Comedy,Crime",7.4,2724,Comedy
8,2018-07-20,Teefa in Trouble,1500000,0,98806,7,-1401194,-93.41293333333334,Loss,tt8043306,Teefa in Trouble,"Action,Comedy,Crime",7.4,2724,Crime
10,2014-04-17,Closer to the Moon,1500000,0,5396,4,-1494604,-99.64026666666666,Loss,tt2017486,Closer to the Moon,"Comedy,Crime,Drama",7.0,3585,Comedy
10,2014-04-17,Closer to the Moon,1500000,0,5396,4,-1494604,-99.64026666666666,Loss,tt2017486,Closer to the Moon,"Comedy,Crime,Drama",7.0,3585,Crime
10,2014-04-17,Closer to the Moon,1500000,0,5396,4,-1494604,-99.64026666666666,Loss,tt2017486,Closer to the Moon,"Comedy,Crime,Drama",7.0,3585,Drama
12,2011-06-03,The Lion of Judah,1500000,0,0,6,-1500000,-100.0,Loss,tt1212022,The Lion of Judah,Animation,3.8,511,Animation
13,2014-11-11,Once Upon a Time in Queens,1500000,0,0,11,-1500000,-100.0,Loss,tt1639397,Once Upon a Time in Queens,"Comedy,Drama",6.2,354,Comedy
13,2014-11-11,Once Upon a Time in Queens,1500000,0,0,11,-1500000,-100.0,Loss,tt1639397,Once Upon a Time in Queens,"Comedy,Drama",6.2,354,Drama
15,2015-05-26,Mutant World,1500000,0,0,5,-1500000,-100.0,Loss,tt3626436,Mutant World,Sci-Fi,2.8,587,Sci-Fi
16,2015-11-20,#Horror,1500000,0,0,11,-1500000,-100.0,Loss,tt3526286,#Horror,"Crime,Drama,Horror",3.0,3092,Crime
16,2015-11-20,#Horror,1500000,0,0,11,-1500000,-100.0,Loss,tt3526286,#Horror,"Crime,Drama,Horror",3.0,3092,Drama
16,2015-11-20,#Horror,1500000,0,0,11,-1500000,-100.0,Loss,tt3526286,#Horror,"Crime,Drama,Horror",3.0,3092,Horror
17,2015-09-08,Checkmate,1500000,0,0,9,-1500000,-100.0,Loss,tt3781616,Checkmate,"Action,Crime,Thriller",2.9,931,Action
17,2015-09-08,Checkmate,1500000,0,0,9,-1500000,-100.0,Loss,tt3781616,Checkmate,"Action,Crime,Thriller",2.9,931,Crime
17,2015-09-08,Checkmate,1500000,0,0,9,-1500000,-100.0,Loss,tt3781616,Checkmate,"Action,Crime,Thriller",2.9,931,Thriller
21,2015-11-20,Mustang,1400000,845464,5552584,11,4152584,296.61314285714286,Profit,tt3966404,Mustang,Drama,7.6,30899,Drama
23,2014-10-03,La chambre bleue,1400000,260441,1945420,10,545420,38.95857142857143,Profit,tt4586720,La chambre bleue,Documentary,6.2,6,Documentary
25,2013-04-05,Eddie: The Sleepwalking Cannibal,1400000,1632,1632,4,-1398368,-99.88342857142857,Loss,tt1480658,Eddie: The Sleepwalking Cannibal,"Comedy,Horror",5.6,1364,Comedy
25,2013-04-05,Eddie: The Sleepwalking Cannibal,1400000,1632,1632,4,-1398368,-99.88342857142857,Loss,tt1480658,Eddie: The Sleepwalking Cannibal,"Comedy,Horror",5.6,1364,Horror
26,2010-05-01,My Girlfriend's Boyfriend,1400000,0,0,5,-1400000,-100.0,Loss,tt1447793,My Girlfriend's Boyfriend,"Comedy,Romance",5.8,5461,Comedy
26,2010-05-01,My Girlfriend's Boyfriend,1400000,0,0,5,-1400000,-100.0,Loss,tt1447793,My Girlfriend's Boyfriend,"Comedy,Romance",5.8,5461,Romance
28,2014-12-31,House at the End of the Drive,1400000,0,0,12,-1400000,-100.0,Loss,tt0464054,House at the End of the Drive,"Horror,Thriller",6.5,331,Horror
28,2014-12-31,House at the End of the Drive,1400000,0,0,12,-1400000,-100.0,Loss,tt0464054,House at the End of the Drive,"Horror,Thriller",6.5,331,Thriller
38,2015-01-30,Above and Beyond,1300000,288751,288751,1,-1011249,-77.78838461538462,Loss,tt2704752,Above and Beyond,"Adventure,Documentary,History",7.7,506,Adventure
38,2015-01-30,Above and Beyond,1300000,288751,288751,1,-1011249,-77.78838461538462,Loss,tt2704752,Above and Beyond,"Adventure,Documentary,History",7.7,506,Documentary
38,2015-01-30,Above and Beyond,1300000,288751,288751,1,-1011249,-77.78838461538462,Loss,tt2704752,Above and Beyond,"Adventure,Documentary,History",7.7,506,History
44,2011-05-24,Forget Me Not,1300000,0,13465,5,-1286535,-98.96423076923077,Loss,tt1431065,Forget Me Not,Romance,6.6,1835,Romance
46,2015-06-26,The Algerian,1300000,0,0,6,-1300000,-100.0,Loss,tt1681370,The Algerian,"Action,Romance,Thriller",5.3,195,Action
46,2015-06-26,The Algerian,1300000,0,0,6,-1300000,-100.0,Loss,tt1681370,The Algerian,"Action,Romance,Thriller",5.3,195,Romance
46,2015-06-26,The Algerian,1300000,0,0,6,-1300000,-100.0,Loss,tt1681370,The Algerian,"Action,Romance,Thriller",5.3,195,Thriller
51,2014-10-17,Dear White People,1250000,4404154,5403771,10,4153771,332.30168,Profit,tt2235108,Dear White People,"Comedy,Drama,Romance",6.1,23321,Comedy
51,2014-10-17,Dear White People,1250000,4404154,5403771,10,4153771,332.30168,Profit,tt2235108,Dear White People,"Comedy,Drama,Romance",6.1,23321,Drama
51,2014-10-17,Dear White People,1250000,4404154,5403771,10,4153771,332.30168,Profit,tt2235108,Dear White People,"Comedy,Drama,Romance",6.1,23321,Romance
52,2013-04-19,Filly Brown,1250000,2850357,2940411,4,1690411,135.23288,Profit,tt1869425,Filly Brown,"Drama,Music",5.7,1003,Drama
52,2013-04-19,Filly Brown,1250000,2850357,2940411,4,1690411,135.23288,Profit,tt1869425,Filly Brown,"Drama,Music",5.7,1003,Music
54,2016-12-31,Bodom,1250000,0,726460,12,-523540,-41.883199999999995,Loss,tt3669462,Bodom,"Horror,Mystery,Thriller",5.6,308,Horror
54,2016-12-31,Bodom,1250000,0,726460,12,-523540,-41.883199999999995,Loss,tt3669462,Bodom,"Horror,Mystery,Thriller",5.6,308,Mystery
54,2016-12-31,Bodom,1250000,0,726460,12,-523540,-41.883199999999995,Loss,tt3669462,Bodom,"Horror,Mystery,Thriller",5.6,308,Thriller
56,2015-01-13,Da Sweet Blood of Jesus,1250000,0,0,1,-1250000,-100.0,Loss,tt3104930,Da Sweet Blood of Jesus,"Comedy,Romance,Thriller",4.1,1212,Comedy
56,2015-01-13,Da Sweet Blood of Jesus,1250000,0,0,1,-1250000,-100.0,Loss,tt3104930,Da Sweet Blood of Jesus,"Comedy,Romance,Thriller",4.1,1212,Romance
56,2015-01-13,Da Sweet Blood of Jesus,1250000,0,0,1,-1250000,-100.0,Loss,tt3104930,Da Sweet Blood of Jesus,"Comedy,Romance,Thriller",4.1,1212,Thriller
66,2013-04-19,Home Run,1200000,2859955,2859955,4,1659955,138.32958333333335,Profit,tt2051894,Home Run,"Drama,Sport",6.0,2745,Drama
66,2013-04-19,Home Run,1200000,2859955,2859955,4,1659955,138.32958333333335,Profit,tt2051894,Home Run,"Drama,Sport",6.0,2745,Sport
72,2012-04-13,Blue Like Jazz,1200000,595018,595018,4,-604982,-50.415166666666664,Loss,tt1758575,Blue Like Jazz,"Comedy,Drama",5.9,2810,Comedy
72,2012-04-13,Blue Like Jazz,1200000,595018,595018,4,-604982,-50.415166666666664,Loss,tt1758575,Blue Like Jazz,"Comedy,Drama",5.9,2810,Drama
76,2012-06-01,"Pink Ribbons, Inc.",1200000,26608,26608,6,-1173392,-97.78266666666666,Loss,tt2035599,"Pink Ribbons, Inc.",Documentary,7.3,654,Documentary
77,2018-02-06,Blood Feast,1200000,8708,8708,2,-1191292,-99.27433333333333,Loss,tt4847546,Blood Feast,Horror,4.9,653,Horror
83,2012-08-28,Below Zero,1200000,0,0,8,-1200000,-100.0,Loss,tt1641388,Below Zero,Thriller,4.4,740,Thriller
84,2012-09-07,Crowsnest,1200000,0,0,9,-1200000,-100.0,Loss,tt2180333,Crowsnest,"Horror,Mystery,Thriller",3.9,1481,Horror
84,2012-09-07,Crowsnest,1200000,0,0,9,-1200000,-100.0,Loss,tt2180333,Crowsnest,"Horror,Mystery,Thriller",3.9,1481,Mystery
84,2012-09-07,Crowsnest,1200000,0,0,9,-1200000,-100.0,Loss,tt2180333,Crowsnest,"Horror,Mystery,Thriller",3.9,1481,Thriller
85,2012-09-14,Airborne,1200000,0,0,9,-1200000,-100.0,Loss,tt1827354,Airborne,"Comedy,Crime,Horror",3.9,2248,Comedy
85,2012-09-14,Airborne,1200000,0,0,9,-1200000,-100.0,Loss,tt1827354,Airborne,"Comedy,Crime,Horror",3.9,2248,Crime
85,2012-09-14,Airborne,1200000,0,0,9,-1200000,-100.0,Loss,tt1827354,Airborne,"Comedy,Crime,Horror",3.9,2248,Horror
87,2015-02-03,Bleeding Hearts,1200000,0,0,2,-1200000,-100.0,Loss,tt2622294,Bleeding Hearts,Horror,3.4,123,Horror
88,2013-12-31,The Wicked Within,1200000,0,0,12,-1200000,-100.0,Loss,tt1943014,The Wicked Within,Horror,4.5,1123,Horror
100,2012-05-18,Beyond the Black Rainbow,1100000,56491,56491,5,-1043509,-94.86445454545455,Loss,tt1534085,Beyond the Black Rainbow,"Horror,Sci-Fi,Thriller",6.0,10765,Horror
100,2012-05-18,Beyond the Black Rainbow,1100000,56491,56491,5,-1043509,-94.86445454545455,Loss,tt1534085,Beyond the Black Rainbow,"Horror,Sci-Fi,Thriller",6.0,10765,Sci-Fi
100,2012-05-18,Beyond the Black Rainbow,1100000,56491,56491,5,-1043509,-94.86445454545455,Loss,tt1534085,Beyond the Black Rainbow,"Horror,Sci-Fi,Thriller",6.0,10765,Thriller
2,2014-11-21,The Sleepwalker,1100000,2636,2636,11,-1097364,-99.76036363636364,Loss,tt2723576,The Sleepwalker,Drama,4.9,632,Drama
3,2017-03-07,Departure,1100000,0,27561,3,-1072439,-97.49445454545454,Loss,tt2248739,Departure,"Drama,Romance",6.7,1680,Drama
3,2017-03-07,Departure,1100000,0,27561,3,-1072439,-97.49445454545454,Loss,tt2248739,Departure,"Drama,Romance",6.7,1680,Romance
7,2010-12-31,The Dead Undead,1100000,0,0,12,-1100000,-100.0,Loss,tt0923653,The Dead Undead,"Action,Horror,Sci-Fi",3.0,791,Action
7,2010-12-31,The Dead Undead,1100000,0,0,12,-1100000,-100.0,Loss,tt0923653,The Dead Undead,"Action,Horror,Sci-Fi",3.0,791,Horror
7,2010-12-31,The Dead Undead,1100000,0,0,12,-1100000,-100.0,Loss,tt0923653,The Dead Undead,"Action,Horror,Sci-Fi",3.0,791,Sci-Fi
8,2013-12-31,The Vatican Exorcisms,1100000,0,0,12,-1100000,-100.0,Loss,tt3043194,The Vatican Exorcisms,Horror,2.5,413,Horror
12,2012-01-06,The Devil Inside,1000000,53262945,101759490,1,100759490,10075.949,Profit,tt1560985,The Devil Inside,Horror,4.2,33522,Horror
14,2015-04-17,Unfriended,1000000,32789645,64364198,4,63364198,6336.419800000001,Profit,tt3713166,Unfriended,"Horror,Mystery,Thriller",5.6,62043,Horror
14,2015-04-17,Unfriended,1000000,32789645,64364198,4,63364198,6336.419800000001,Profit,tt3713166,Unfriended,"Horror,Mystery,Thriller",5.6,62043,Mystery
14,2015-04-17,Unfriended,1000000,32789645,64364198,4,63364198,6336.419800000001,Profit,tt3713166,Unfriended,"Horror,Mystery,Thriller",5.6,62043,Thriller
17,2013-08-23,You're Next,1000000,18494006,26887177,8,25887177,2588.7177,Profit,tt1853739,You're Next,"Action,Comedy,Horror",6.6,79451,Action
17,2013-08-23,You're Next,1000000,18494006,26887177,8,25887177,2588.7177,Profit,tt1853739,You're Next,"Action,Comedy,Horror",6.6,79451,Comedy
17,2013-08-23,You're Next,1000000,18494006,26887177,8,25887177,2588.7177,Profit,tt1853739,You're Next,"Action,Comedy,Horror",6.6,79451,Horror
18,2012-05-25,Chernobyl Diaries,1000000,18119640,42411721,5,41411721,4141.1721,Profit,tt1991245,Chernobyl Diaries,"Horror,Mystery,Thriller",5.0,60304,Horror
18,2012-05-25,Chernobyl Diaries,1000000,18119640,42411721,5,41411721,4141.1721,Profit,tt1991245,Chernobyl Diaries,"Horror,Mystery,Thriller",5.0,60304,Mystery
18,2012-05-25,Chernobyl Diaries,1000000,18119640,42411721,5,41411721,4141.1721,Profit,tt1991245,Chernobyl Diaries,"Horror,Mystery,Thriller",5.0,60304,Thriller
25,2010-12-29,Blue Valentine,1000000,9737892,16566240,12,15566240,1556.624,Profit,tt1120985,Blue Valentine,"Drama,Romance",7.4,170089,Drama
25,2010-12-29,Blue Valentine,1000000,9737892,16566240,12,15566240,1556.624,Profit,tt1120985,Blue Valentine,"Drama,Romance",7.4,170089,Romance
29,2018-07-20,Unfriended: Dark Web,1000000,8866745,16434588,7,15434588,1543.4587999999999,Profit,tt4761916,Unfriended: Dark Web,"Crime,Horror,Mystery",5.9,13822,Crime
29,2018-07-20,Unfriended: Dark Web,1000000,8866745,16434588,7,15434588,1543.4587999999999,Profit,tt4761916,Unfriended: Dark Web,"Crime,Horror,Mystery",5.9,13822,Horror
29,2018-07-20,Unfriended: Dark Web,1000000,8866745,16434588,7,15434588,1543.4587999999999,Profit,tt4761916,Unfriended: Dark Web,"Crime,Horror,Mystery",5.9,13822,Mystery
31,2015-09-25,The Green Inferno,1000000,7192291,12931420,9,11931420,1193.1419999999998,Profit,tt2403021,The Green Inferno,"Adventure,Horror",5.3,33239,Adventure
31,2015-09-25,The Green Inferno,1000000,7192291,12931420,9,11931420,1193.1419999999998,Profit,tt2403021,The Green Inferno,"Adventure,Horror",5.3,33239,Horror
32,2017-02-03,I Am Not Your Negro,1000000,7123919,9617402,2,8617402,861.7402000000001,Profit,tt5804038,I Am Not Your Negro,Documentary,7.8,13948,Documentary
33,2012-10-19,The Sessions,1000000,6002451,11495204,10,10495204,1049.5203999999999,Profit,tt1866249,The Sessions,"Biography,Comedy,Drama",7.2,39731,Biography
33,2012-10-19,The Sessions,1000000,6002451,11495204,10,10495204,1049.5203999999999,Profit,tt1866249,The Sessions,"Biography,Comedy,Drama",7.2,39731,Comedy
33,2012-10-19,The Sessions,1000000,6002451,11495204,10,10495204,1049.5203999999999,Profit,tt1866249,The Sessions,"Biography,Comedy,Drama",7.2,39731,Drama
35,2012-03-23,October Baby,1000000,5355847,5391992,3,4391992,439.1992,Profit,tt1720182,October Baby,Drama,6.8,6903,Drama
36,2014-09-12,The Skeleton Twins,1000000,5284309,5797192,9,4797192,479.7192,Profit,tt1571249,The Skeleton Twins,"Comedy,Drama,Romance",6.8,36793,Comedy
36,2014-09-12,The Skeleton Twins,1000000,5284309,5797192,9,4797192,479.7192,Profit,tt1571249,The Skeleton Twins,"Comedy,Drama,Romance",6.8,36793,Drama
36,2014-09-12,The Skeleton Twins,1000000,5284309,5797192,9,4797192,479.7192,Profit,tt1571249,The Skeleton Twins,"Comedy,Drama,Romance",6.8,36793,Romance
41,2014-06-06,Obvious Child,1000000,3122616,3324070,6,2324070,232.40699999999998,Profit,tt2910274,Obvious Child,"Comedy,Drama,Romance",6.8,21536,Comedy
41,2014-06-06,Obvious Child,1000000,3122616,3324070,6,2324070,232.40699999999998,Profit,tt2910274,Obvious Child,"Comedy,Drama,Romance",6.8,21536,Drama
41,2014-06-06,Obvious Child,1000000,3122616,3324070,6,2324070,232.40699999999998,Profit,tt2910274,Obvious Child,"Comedy,Drama,Romance",6.8,21536,Romance
42,2011-10-21,Martha Marcy May Marlene,1000000,2981038,5438911,10,4438911,443.8911,Profit,tt1441326,Martha Marcy May Marlene,"Drama,Mystery,Thriller",6.9,45873,Drama
42,2011-10-21,Martha Marcy May Marlene,1000000,2981038,5438911,10,4438911,443.8911,Profit,tt1441326,Martha Marcy May Marlene,"Drama,Mystery,Thriller",6.9,45873,Mystery
42,2011-10-21,Martha Marcy May Marlene,1000000,2981038,5438911,10,4438911,443.8911,Profit,tt1441326,Martha Marcy May Marlene,"Drama,Mystery,Thriller",6.9,45873,Thriller
56,2017-08-18,Patti Cake$,1000000,800148,1471090,8,471090,47.109,Profit,tt6288250,Patti Cake$,"Drama,Music",6.7,8581,Drama
56,2017-08-18,Patti Cake$,1000000,800148,1471090,8,471090,47.109,Profit,tt6288250,Patti Cake$,"Drama,Music",6.7,8581,Music
58,2014-05-09,Palo Alto,1000000,767732,1156309,5,156309,15.6309,Profit,tt2479800,Palo Alto,Drama,6.2,25402,Drama
62,2011-07-29,The Future,1000000,568662,1239174,7,239174,23.9174,Profit,tt1235170,The Future,"Drama,Fantasy,Romance",6.2,7648,Drama
62,2011-07-29,The Future,1000000,568662,1239174,7,239174,23.9174,Profit,tt1235170,The Future,"Drama,Fantasy,Romance",6.2,7648,Fantasy
62,2011-07-29,The Future,1000000,568662,1239174,7,239174,23.9174,Profit,tt1235170,The Future,"Drama,Fantasy,Romance",6.2,7648,Romance
64,2014-10-24,23 Blast,1000000,549185,549185,10,-450815,-45.081500000000005,Loss,tt2304459,23 Blast,"Drama,Family,Sport",6.5,1567,Drama
64,2014-10-24,23 Blast,1000000,549185,549185,10,-450815,-45.081500000000005,Loss,tt2304459,23 Blast,"Drama,Family,Sport",6.5,1567,Family
64,2014-10-24,23 Blast,1000000,549185,549185,10,-450815,-45.081500000000005,Loss,tt2304459,23 Blast,"Drama,Family,Sport",6.5,1567,Sport
66,2013-07-19,The Act of Killing,1000000,486919,1227316,7,227316,22.7316,Profit,tt2375605,The Act of Killing,"Crime,Documentary",8.2,31115,Crime
66,2013-07-19,The Act of Killing,1000000,486919,1227316,7,227316,22.7316,Profit,tt2375605,The Act of Killing,"Crime,Documentary",8.2,31115,Documentary
70,2014-07-18,I Origins,1000000,336472,852399,7,-147601,-14.760100000000001,Loss,tt2884206,I Origins,"Drama,Romance,Sci-Fi",7.4,104718,Drama
70,2014-07-18,I Origins,1000000,336472,852399,7,-147601,-14.760100000000001,Loss,tt2884206,I Origins,"Drama,Romance,Sci-Fi",7.4,104718,Romance
70,2014-07-18,I Origins,1000000,336472,852399,7,-147601,-14.760100000000001,Loss,tt2884206,I Origins,"Drama,Romance,Sci-Fi",7.4,104718,Sci-Fi
71,2014-11-28,Antarctica: A Year on Ice,1000000,288757,288757,11,-711243,-71.12429999999999,Loss,tt2361700,Antarctica: A Year on Ice,"Adventure,Biography,Documentary",7.6,3004,Adventure
71,2014-11-28,Antarctica: A Year on Ice,1000000,288757,288757,11,-711243,-71.12429999999999,Loss,tt2361700,Antarctica: A Year on Ice,"Adventure,Biography,Documentary",7.6,3004,Biography
71,2014-11-28,Antarctica: A Year on Ice,1000000,288757,288757,11,-711243,-71.12429999999999,Loss,tt2361700,Antarctica: A Year on Ice,"Adventure,Biography,Documentary",7.6,3004,Documentary
74,2016-04-08,The Invitation,1000000,231738,354836,4,-645164,-64.51639999999999,Loss,tt2400463,The Invitation,"Drama,Horror,Mystery",6.7,70213,Drama
74,2016-04-08,The Invitation,1000000,231738,354836,4,-645164,-64.51639999999999,Loss,tt2400463,The Invitation,"Drama,Horror,Mystery",6.7,70213,Horror
74,2016-04-08,The Invitation,1000000,231738,354836,4,-645164,-64.51639999999999,Loss,tt2400463,The Invitation,"Drama,Horror,Mystery",6.7,70213,Mystery
81,2012-06-01,Hardflip,1000000,96734,96734,6,-903266,-90.3266,Loss,tt1907639,Hardflip,"Action,Drama",5.6,673,Action
81,2012-06-01,Hardflip,1000000,96734,96734,6,-903266,-90.3266,Loss,tt1907639,Hardflip,"Action,Drama",5.6,673,Drama
82,2016-03-11,Creative Control,1000000,63014,63014,3,-936986,-93.6986,Loss,tt3277624,Creative Control,"Drama,Sci-Fi",5.4,1951,Drama
82,2016-03-11,Creative Control,1000000,63014,63014,3,-936986,-93.6986,Loss,tt3277624,Creative Control,"Drama,Sci-Fi",5.4,1951,Sci-Fi
84,2011-07-01,The Perfect Host,1000000,48764,51587,7,-948413,-94.84129999999999,Loss,tt1334553,The Perfect Host,"Comedy,Crime,Thriller",6.8,23378,Comedy
84,2011-07-01,The Perfect Host,1000000,48764,51587,7,-948413,-94.84129999999999,Loss,tt1334553,The Perfect Host,"Comedy,Crime,Thriller",6.8,23378,Crime
84,2011-07-01,The Perfect Host,1000000,48764,51587,7,-948413,-94.84129999999999,Loss,tt1334553,The Perfect Host,"Comedy,Crime,Thriller",6.8,23378,Thriller
88,2015-02-13,Hits,1000000,15156,15156,2,-984844,-98.48440000000001,Loss,tt3145220,Hits,"Comedy,Drama",5.8,1706,Comedy
88,2015-02-13,Hits,1000000,15156,15156,2,-984844,-98.48440000000001,Loss,tt3145220,Hits,"Comedy,Drama",5.8,1706,Drama
92,2014-10-17,Camp X-Ray,1000000,9837,101053,10,-898947,-89.8947,Loss,tt2994190,Camp X-Ray,"Drama,War",6.9,36700,Drama
92,2014-10-17,Camp X-Ray,1000000,9837,101053,10,-898947,-89.8947,Loss,tt2994190,Camp X-Ray,"Drama,War",6.9,36700,War
94,2015-04-10,The Sisterhood of Night,1000000,6870,6870,4,-993130,-99.313,Loss,tt1015471,The Sisterhood of Night,"Drama,Mystery,Thriller",6.2,1888,Drama
94,2015-04-10,The Sisterhood of Night,1000000,6870,6870,4,-993130,-99.313,Loss,tt1015471,The Sisterhood of Night,"Drama,Mystery,Thriller",6.2,1888,Mystery
94,2015-04-10,The Sisterhood of Night,1000000,6870,6870,4,-993130,-99.313,Loss,tt1015471,The Sisterhood of Night,"Drama,Mystery,Thriller",6.2,1888,Thriller
100,2013-12-31,Heli,1000000,0,552614,12,-447386,-44.7386,Loss,tt2852376,Heli,"Crime,Drama,Romance",6.8,4379,Crime
100,2013-12-31,Heli,1000000,0,552614,12,-447386,-44.7386,Loss,tt2852376,Heli,"Crime,Drama,Romance",6.8,4379,Drama
100,2013-12-31,Heli,1000000,0,552614,12,-447386,-44.7386,Loss,tt2852376,Heli,"Crime,Drama,Romance",6.8,4379,Romance
1,2015-12-31,Karachi se Lahore,1000000,0,17721,12,-982279,-98.2279,Loss,tt4590482,Karachi se Lahore,"Adventure,Comedy,Family",6.6,1198,Adventure
1,2015-12-31,Karachi se Lahore,1000000,0,17721,12,-982279,-98.2279,Loss,tt4590482,Karachi se Lahore,"Adventure,Comedy,Family",6.6,1198,Comedy
1,2015-12-31,Karachi se Lahore,1000000,0,17721,12,-982279,-98.2279,Loss,tt4590482,Karachi se Lahore,"Adventure,Comedy,Family",6.6,1198,Family
3,2015-12-11,American Hero,1000000,0,26,12,-999974,-99.9974,Loss,tt4733536,American Hero,"Action,Comedy,Drama",4.9,3661,Action
3,2015-12-11,American Hero,1000000,0,26,12,-999974,-99.9974,Loss,tt4733536,American Hero,"Action,Comedy,Drama",4.9,3661,Comedy
3,2015-12-11,American Hero,1000000,0,26,12,-999974,-99.9974,Loss,tt4733536,American Hero,"Action,Comedy,Drama",4.9,3661,Drama
11,2012-03-20,Snow White: A Deadly Summer,1000000,0,0,3,-1000000,-100.0,Loss,tt2149137,Snow White: A Deadly Summer,Horror,2.2,679,Horror
12,2012-10-09,Truth or Die,1000000,0,0,10,-1000000,-100.0,Loss,tt1838722,Truth or Die,"Horror,Mystery",5.6,8123,Horror
12,2012-10-09,Truth or Die,1000000,0,0,10,-1000000,-100.0,Loss,tt1838722,Truth or Die,"Horror,Mystery",5.6,8123,Mystery
13,2013-05-14,Black Rock,1000000,0,0,5,-1000000,-100.0,Loss,tt1930294,Black Rock,"Horror,Thriller",4.8,7596,Horror
13,2013-05-14,Black Rock,1000000,0,0,5,-1000000,-100.0,Loss,tt1930294,Black Rock,"Horror,Thriller",4.8,7596,Thriller
14,2014-01-07,Hidden Away,1000000,0,0,1,-1000000,-100.0,Loss,tt3289362,Hidden Away,"Drama,Romance",7.1,1820,Drama
14,2014-01-07,Hidden Away,1000000,0,0,1,-1000000,-100.0,Loss,tt3289362,Hidden Away,"Drama,Romance",7.1,1820,Romance
15,2013-10-04,My Last Day Without You,1000000,0,0,10,-1000000,-100.0,Loss,tt1679248,My Last Day Without You,"Comedy,Drama,Romance",5.7,1178,Comedy
15,2013-10-04,My Last Day Without You,1000000,0,0,10,-1000000,-100.0,Loss,tt1679248,My Last Day Without You,"Comedy,Drama,Romance",5.7,1178,Drama
15,2013-10-04,My Last Day Without You,1000000,0,0,10,-1000000,-100.0,Loss,tt1679248,My Last Day Without You,"Comedy,Drama,Romance",5.7,1178,Romance
16,2013-10-08,Zombie Hunter,1000000,0,0,10,-1000000,-100.0,Loss,tt2446502,Zombie Hunter,"Action,Comedy,Horror",3.5,2372,Action
16,2013-10-08,Zombie Hunter,1000000,0,0,10,-1000000,-100.0,Loss,tt2446502,Zombie Hunter,"Action,Comedy,Horror",3.5,2372,Comedy
16,2013-10-08,Zombie Hunter,1000000,0,0,10,-1000000,-100.0,Loss,tt2446502,Zombie Hunter,"Action,Comedy,Horror",3.5,2372,Horror
17,2014-12-31,Doc Holliday's Revenge,1000000,0,0,12,-1000000,-100.0,Loss,tt3359872,Doc Holliday's Revenge,Western,3.8,104,Western
18,2014-06-24,A Fine Step,1000000,0,0,6,-1000000,-100.0,Loss,tt1604100,A Fine Step,Drama,5.4,279,Drama
19,2015-02-10,Fear Clinic,1000000,0,0,2,-1000000,-100.0,Loss,tt2165765,Fear Clinic,Horror,5.0,6256,Horror
21,2014-12-31,Bang Bang Baby,1000000,0,0,12,-1000000,-100.0,Loss,tt2655734,Bang Bang Baby,"Drama,Fantasy,Musical",5.0,469,Drama
21,2014-12-31,Bang Bang Baby,1000000,0,0,12,-1000000,-100.0,Loss,tt2655734,Bang Bang Baby,"Drama,Fantasy,Musical",5.0,469,Fantasy
21,2014-12-31,Bang Bang Baby,1000000,0,0,12,-1000000,-100.0,Loss,tt2655734,Bang Bang Baby,"Drama,Fantasy,Musical",5.0,469,Musical
22,2016-04-08,Hush,1000000,0,0,4,-1000000,-100.0,Loss,tt5022702,Hush,"Horror,Thriller",6.6,79100,Horror
22,2016-04-08,Hush,1000000,0,0,4,-1000000,-100.0,Loss,tt5022702,Hush,"Horror,Thriller",6.6,79100,Thriller
23,2016-03-01,1982,1000000,0,0,3,-1000000,-100.0,Loss,tt2388621,1982,Drama,7.0,221,Drama
25,2016-12-31,Chemical Cut,1000000,0,0,12,-1000000,-100.0,Loss,tt3406296,Chemical Cut,Drama,5.4,111,Drama
26,2015-12-22,Por amor en el caserio,1000000,0,0,12,-1000000,-100.0,Loss,tt3107890,Por amor en el caserio,"Action,Drama,Romance",8.1,54,Action
26,2015-12-22,Por amor en el caserio,1000000,0,0,12,-1000000,-100.0,Loss,tt3107890,Por amor en el caserio,"Action,Drama,Romance",8.1,54,Drama
26,2015-12-22,Por amor en el caserio,1000000,0,0,12,-1000000,-100.0,Loss,tt3107890,Por amor en el caserio,"Action,Drama,Romance",8.1,54,Romance
30,2014-01-10,Banshee Chapter,950000,0,78122,1,-871878,-91.77663157894736,Loss,tt2011276,Banshee Chapter,"Horror,Sci-Fi,Thriller",5.5,8219,Horror
30,2014-01-10,Banshee Chapter,950000,0,78122,1,-871878,-91.77663157894736,Loss,tt2011276,Banshee Chapter,"Horror,Sci-Fi,Thriller",5.5,8219,Sci-Fi
30,2014-01-10,Banshee Chapter,950000,0,78122,1,-871878,-91.77663157894736,Loss,tt2011276,Banshee Chapter,"Horror,Sci-Fi,Thriller",5.5,8219,Thriller
32,2014-08-12,Jesse,950000,0,0,8,-950000,-100.0,Loss,tt1653203,Jesse,"Action,Crime,Drama",4.9,96,Action
32,2014-08-12,Jesse,950000,0,0,8,-950000,-100.0,Loss,tt1653203,Jesse,"Action,Crime,Drama",4.9,96,Crime
32,2014-08-12,Jesse,950000,0,0,8,-950000,-100.0,Loss,tt1653203,Jesse,"Action,Crime,Drama",4.9,96,Drama
33,2015-03-03,Ask Me Anything,950000,0,0,3,-950000,-100.0,Loss,tt2505294,Ask Me Anything,Drama,6.1,10680,Drama
34,2012-04-13,L!fe Happens,930000,30905,30905,4,-899095,-96.6768817204301,Loss,tt1726589,L!fe Happens,Comedy,5.6,7229,Comedy
35,2017-05-12,Lowriders,916000,6179955,6188421,5,5272421,575.5918122270742,Profit,tt1366338,Lowriders,"Adventure,Crime,Drama",5.7,1954,Adventure
35,2017-05-12,Lowriders,916000,6179955,6188421,5,5272421,575.5918122270742,Profit,tt1366338,Lowriders,"Adventure,Crime,Drama",5.7,1954,Crime
35,2017-05-12,Lowriders,916000,6179955,6188421,5,5272421,575.5918122270742,Profit,tt1366338,Lowriders,"Adventure,Crime,Drama",5.7,1954,Drama
36,2014-11-21,Food Chains,913000,0,176,11,-912824,-99.98072289156626,Loss,tt2141739,Food Chains,Documentary,7.2,328,Documentary
38,2013-07-12,Fruitvale Station,900000,16098998,17549645,7,16649645,1849.9605555555554,Profit,tt2334649,Fruitvale Station,"Biography,Drama,Romance",7.5,68187,Biography
38,2013-07-12,Fruitvale Station,900000,16098998,17549645,7,16649645,1849.9605555555554,Profit,tt2334649,Fruitvale Station,"Biography,Drama,Romance",7.5,68187,Drama
38,2013-07-12,Fruitvale Station,900000,16098998,17549645,7,16649645,1849.9605555555554,Profit,tt2334649,Fruitvale Station,"Biography,Drama,Romance",7.5,68187,Romance
39,2016-04-01,Meet the Blacks,900000,9097072,9097072,4,8197072,910.7857777777778,Profit,tt4191580,Meet the Blacks,"Comedy,Horror",5.9,34669,Comedy
39,2016-04-01,Meet the Blacks,900000,9097072,9097072,4,8197072,910.7857777777778,Profit,tt4191580,Meet the Blacks,"Comedy,Horror",5.9,34669,Horror
41,2011-08-26,Circumstance,900000,454121,958978,8,58978,6.553111111111111,Profit,tt1684628,Circumstance,Drama,5.9,7055,Drama
43,2012-04-27,The Giant Mechanical Man,900000,7396,7396,4,-892604,-99.17822222222222,Loss,tt1769363,The Giant Mechanical Man,"Comedy,Drama,Romance",6.7,8921,Comedy
43,2012-04-27,The Giant Mechanical Man,900000,7396,7396,4,-892604,-99.17822222222222,Loss,tt1769363,The Giant Mechanical Man,"Comedy,Drama,Romance",6.7,8921,Drama
43,2012-04-27,The Giant Mechanical Man,900000,7396,7396,4,-892604,-99.17822222222222,Loss,tt1769363,The Giant Mechanical Man,"Comedy,Drama,Romance",6.7,8921,Romance
44,2013-04-05,The Brass Teapot,900000,6997,413733,4,-486267,-54.029666666666664,Loss,tt1935902,The Brass Teapot,"Comedy,Fantasy,Thriller",6.4,13746,Comedy
44,2013-04-05,The Brass Teapot,900000,6997,413733,4,-486267,-54.029666666666664,Loss,tt1935902,The Brass Teapot,"Comedy,Fantasy,Thriller",6.4,13746,Fantasy
44,2013-04-05,The Brass Teapot,900000,6997,413733,4,-486267,-54.029666666666664,Loss,tt1935902,The Brass Teapot,"Comedy,Fantasy,Thriller",6.4,13746,Thriller
51,2015-08-28,Windsor Drive,850000,3256,3256,8,-846744,-99.61694117647059,Loss,tt2311428,Windsor Drive,"Mystery,Thriller",3.2,193,Mystery
51,2015-08-28,Windsor Drive,850000,3256,3256,8,-846744,-99.61694117647059,Loss,tt2311428,Windsor Drive,"Mystery,Thriller",3.2,193,Thriller
69,2014-09-19,Not Cool,800000,35688,35688,9,-764312,-95.539,Loss,tt3569356,Not Cool,"Comedy,Drama,Romance",4.5,5089,Comedy
69,2014-09-19,Not Cool,800000,35688,35688,9,-764312,-95.539,Loss,tt3569356,Not Cool,"Comedy,Drama,Romance",4.5,5089,Drama
69,2014-09-19,Not Cool,800000,35688,35688,9,-764312,-95.539,Loss,tt3569356,Not Cool,"Comedy,Drama,Romance",4.5,5089,Romance
70,2012-02-03,Kill List,800000,29063,462206,2,-337794,-42.224250000000005,Loss,tt1788391,Kill List,"Crime,Drama,Horror",6.4,32807,Crime
70,2012-02-03,Kill List,800000,29063,462206,2,-337794,-42.224250000000005,Loss,tt1788391,Kill List,"Crime,Drama,Horror",6.4,32807,Drama
70,2012-02-03,Kill List,800000,29063,462206,2,-337794,-42.224250000000005,Loss,tt1788391,Kill List,"Crime,Drama,Horror",6.4,32807,Horror
71,2015-01-09,Vessel,800000,0,0,1,-800000,-100.0,Loss,tt3311588,Vessel,"Adventure,Biography,Documentary",7.5,194,Adventure
71,2015-01-09,Vessel,800000,0,0,1,-800000,-100.0,Loss,tt3311588,Vessel,"Adventure,Biography,Documentary",7.5,194,Biography
71,2015-01-09,Vessel,800000,0,0,1,-800000,-100.0,Loss,tt3311588,Vessel,"Adventure,Biography,Documentary",7.5,194,Documentary
75,2011-09-09,Kevin Hart: Laugh at My Pain,750000,7706436,7712436,9,6962436,928.3248000000001,Profit,tt1999192,Kevin Hart: Laugh at My Pain,"Comedy,Documentary",7.4,5081,Comedy
75,2011-09-09,Kevin Hart: Laugh at My Pain,750000,7706436,7712436,9,6962436,928.3248000000001,Profit,tt1999192,Kevin Hart: Laugh at My Pain,"Comedy,Documentary",7.4,5081,Documentary
77,2012-06-08,Safety Not Guaranteed,750000,4010957,4422318,6,3672318,489.64239999999995,Profit,tt1862079,Safety Not Guaranteed,"Comedy,Drama,Romance",7.0,111907,Comedy
77,2012-06-08,Safety Not Guaranteed,750000,4010957,4422318,6,3672318,489.64239999999995,Profit,tt1862079,Safety Not Guaranteed,"Comedy,Drama,Romance",7.0,111907,Drama
77,2012-06-08,Safety Not Guaranteed,750000,4010957,4422318,6,3672318,489.64239999999995,Profit,tt1862079,Safety Not Guaranteed,"Comedy,Drama,Romance",7.0,111907,Romance
78,2012-02-03,The Innkeepers,750000,78396,1011535,2,261535,34.87133333333333,Profit,tt1594562,The Innkeepers,"Drama,Horror,Mystery",5.5,31089,Drama
78,2012-02-03,The Innkeepers,750000,78396,1011535,2,261535,34.87133333333333,Profit,tt1594562,The Innkeepers,"Drama,Horror,Mystery",5.5,31089,Horror
78,2012-02-03,The Innkeepers,750000,78396,1011535,2,261535,34.87133333333333,Profit,tt1594562,The Innkeepers,"Drama,Horror,Mystery",5.5,31089,Mystery
84,2014-12-31,Destiny,750000,0,450,12,-749550,-99.94,Loss,tt3523348,Destiny,"Drama,Music,Romance",7.8,36,Drama
84,2014-12-31,Destiny,750000,0,450,12,-749550,-99.94,Loss,tt3523348,Destiny,"Drama,Music,Romance",7.8,36,Music
84,2014-12-31,Destiny,750000,0,450,12,-749550,-99.94,Loss,tt3523348,Destiny,"Drama,Music,Romance",7.8,36,Romance
86,2016-01-05,Adulterers,750000,0,0,1,-750000,-100.0,Loss,tt4044464,Adulterers,"Crime,Drama,Thriller",5.2,1377,Crime
86,2016-01-05,Adulterers,750000,0,0,1,-750000,-100.0,Loss,tt4044464,Adulterers,"Crime,Drama,Thriller",5.2,1377,Drama
86,2016-01-05,Adulterers,750000,0,0,1,-750000,-100.0,Loss,tt4044464,Adulterers,"Crime,Drama,Thriller",5.2,1377,Thriller
93,2017-08-04,Columbus,700000,1017107,1110511,8,410511,58.64442857142858,Profit,tt5990474,Columbus,Drama,7.2,10735,Drama
96,2015-03-13,Walter,700000,0,0,3,-700000,-100.0,Loss,tt2016335,Walter,"Comedy,Drama",5.4,1747,Comedy
96,2015-03-13,Walter,700000,0,0,3,-700000,-100.0,Loss,tt2016335,Walter,"Comedy,Drama",5.4,1747,Drama
100,2013-10-11,Escape from Tomorrow,650000,171962,171962,10,-478038,-73.5443076923077,Loss,tt2187884,Escape from Tomorrow,"Drama,Fantasy,Horror",5.2,8665,Drama
100,2013-10-11,Escape from Tomorrow,650000,171962,171962,10,-478038,-73.5443076923077,Loss,tt2187884,Escape from Tomorrow,"Drama,Fantasy,Horror",5.2,8665,Fantasy
100,2013-10-11,Escape from Tomorrow,650000,171962,171962,10,-478038,-73.5443076923077,Loss,tt2187884,Escape from Tomorrow,"Drama,Fantasy,Horror",5.2,8665,Horror
2,2012-12-31,After,650000,0,0,12,-650000,-100.0,Loss,tt4126476,After,"Drama,Romance",5.6,7699,Drama
2,2012-12-31,After,650000,0,0,12,-650000,-100.0,Loss,tt4126476,After,"Drama,Romance",5.6,7699,Romance
3,2014-12-31,The Hadza: Last of the First,650000,0,0,12,-650000,-100.0,Loss,tt2139721,The Hadza: Last of the First,Documentary,7.7,10,Documentary
5,2013-12-31,Treachery,625000,0,0,12,-625000,-100.0,Loss,tt2380301,Treachery,"Drama,Thriller",3.7,391,Drama
5,2013-12-31,Treachery,625000,0,0,12,-625000,-100.0,Loss,tt2380301,Treachery,"Drama,Thriller",3.7,391,Thriller
12,2014-05-02,Water & Power,600000,42557,42557,5,-557443,-92.90716666666667,Loss,tt2052015,Water & Power,"Crime,Drama",6.2,99,Crime
12,2014-05-02,Water & Power,600000,42557,42557,5,-557443,-92.90716666666667,Loss,tt2052015,Water & Power,"Crime,Drama",6.2,99,Drama
15,2015-05-22,Drunk Wedding,600000,3301,3301,5,-596699,-99.44983333333333,Loss,tt1950135,Drunk Wedding,Comedy,4.6,729,Comedy
16,2016-03-04,They Will Have to Kill Us First,600000,0,7943,3,-592057,-98.67616666666666,Loss,tt4333662,They Will Have to Kill Us First,Documentary,7.3,112,Documentary
18,2014-08-08,The Maid's Room,600000,0,0,8,-600000,-100.0,Loss,tt2263814,The Maid's Room,Thriller,4.5,882,Thriller
19,2014-12-31,Light from the Darkroom,600000,0,0,12,-600000,-100.0,Loss,tt3130704,Light from the Darkroom,"Action,Drama,Thriller",6.1,11,Action
19,2014-12-31,Light from the Darkroom,600000,0,0,12,-600000,-100.0,Loss,tt3130704,Light from the Darkroom,"Action,Drama,Thriller",6.1,11,Drama
19,2014-12-31,Light from the Darkroom,600000,0,0,12,-600000,-100.0,Loss,tt3130704,Light from the Darkroom,"Action,Drama,Thriller",6.1,11,Thriller
20,2015-02-24,Irreplaceable,600000,0,0,2,-600000,-100.0,Loss,tt5078326,Irreplaceable,"Comedy,Drama",6.5,2360,Comedy
20,2015-02-24,Irreplaceable,600000,0,0,2,-600000,-100.0,Loss,tt5078326,Irreplaceable,"Comedy,Drama",6.5,2360,Drama
22,2011-07-29,The Harvest/La Cosecha,560000,3709,3709,7,-556291,-99.33767857142857,Loss,tt1981703,The Harvest/La Cosecha,Documentary,7.1,63,Documentary
23,2015-12-31,Julija in alfa Romeo,560000,0,8462,12,-551538,-98.48892857142857,Loss,tt4374230,Julija in alfa Romeo,Comedy,5.8,116,Comedy
27,2014-09-12,Faith Connections,550000,9111,9111,9,-540889,-98.34345454545455,Loss,tt2768766,Faith Connections,"Biography,Documentary,Drama",7.1,149,Biography
27,2014-09-12,Faith Connections,550000,9111,9111,9,-540889,-98.34345454545455,Loss,tt2768766,Faith Connections,"Biography,Documentary,Drama",7.1,149,Documentary
27,2014-09-12,Faith Connections,550000,9111,9111,9,-540889,-98.34345454545455,Loss,tt2768766,Faith Connections,"Biography,Documentary,Drama",7.1,149,Drama
28,2012-03-06,High Road,546173,0,0,3,-546173,-100.0,Loss,tt1692084,High Road,Comedy,5.4,1508,Comedy
39,2011-07-08,Sholem Aleichem: Laughing in the Darkness,500000,1131261,1131261,7,631261,126.25219999999999,Profit,tt1976608,Sholem Aleichem: Laughing in the Darkness,Documentary,6.8,157,Documentary
45,2013-08-23,Drinking Buddies,500000,343706,407100,8,-92900,-18.58,Loss,tt2265398,Drinking Buddies,"Comedy,Drama,Romance",6.1,53546,Comedy
45,2013-08-23,Drinking Buddies,500000,343706,407100,8,-92900,-18.58,Loss,tt2265398,Drinking Buddies,"Comedy,Drama,Romance",6.1,53546,Drama
45,2013-08-23,Drinking Buddies,500000,343706,407100,8,-92900,-18.58,Loss,tt2265398,Drinking Buddies,"Comedy,Drama,Romance",6.1,53546,Romance
50,2010-10-29,Monsters,500000,237301,5639730,10,5139730,1027.946,Profit,tt1470827,Monsters,"Drama,Sci-Fi,Thriller",6.4,84332,Drama
50,2010-10-29,Monsters,500000,237301,5639730,10,5139730,1027.946,Profit,tt1470827,Monsters,"Drama,Sci-Fi,Thriller",6.4,84332,Sci-Fi
50,2010-10-29,Monsters,500000,237301,5639730,10,5139730,1027.946,Profit,tt1470827,Monsters,"Drama,Sci-Fi,Thriller",6.4,84332,Thriller
52,2013-04-17,Deceptive Practice: The Mysteries and Mentors of Ricky Jay,500000,152449,152449,4,-347551,-69.5102,Loss,tt2654360,Deceptive Practice: The Mysteries and Mentors of Ricky Jay,Documentary,7.1,882,Documentary
53,2012-09-28,The Other Dream Team,500000,134109,314444,9,-185556,-37.1112,Loss,tt1606829,The Other Dream Team,"Documentary,Sport",8.4,3332,Documentary
53,2012-09-28,The Other Dream Team,500000,134109,314444,9,-185556,-37.1112,Loss,tt1606829,The Other Dream Team,"Documentary,Sport",8.4,3332,Sport
55,2011-04-01,Rubber,500000,100370,680914,4,180914,36.1828,Profit,tt1612774,Rubber,"Comedy,Fantasy,Horror",5.8,31316,Comedy
55,2011-04-01,Rubber,500000,100370,680914,4,180914,36.1828,Profit,tt1612774,Rubber,"Comedy,Fantasy,Horror",5.8,31316,Fantasy
55,2011-04-01,Rubber,500000,100370,680914,4,180914,36.1828,Profit,tt1612774,Rubber,"Comedy,Fantasy,Horror",5.8,31316,Horror
65,2014-09-10,Born to Fly: Elizabeth Streb vs. Gravity,500000,1822,1822,9,-498178,-99.6356,Loss,tt2246526,Born to Fly: Elizabeth Streb vs. Gravity,"Action,Biography,Documentary",6.7,47,Action
65,2014-09-10,Born to Fly: Elizabeth Streb vs. Gravity,500000,1822,1822,9,-498178,-99.6356,Loss,tt2246526,Born to Fly: Elizabeth Streb vs. Gravity,"Action,Biography,Documentary",6.7,47,Biography
65,2014-09-10,Born to Fly: Elizabeth Streb vs. Gravity,500000,1822,1822,9,-498178,-99.6356,Loss,tt2246526,Born to Fly: Elizabeth Streb vs. Gravity,"Action,Biography,Documentary",6.7,47,Documentary
66,2013-06-28,Detention of the Dead,500000,1778,1778,6,-498222,-99.6444,Loss,tt1865346,Detention of the Dead,"Action,Adventure,Comedy",4.6,2414,Action
66,2013-06-28,Detention of the Dead,500000,1778,1778,6,-498222,-99.6444,Loss,tt1865346,Detention of the Dead,"Action,Adventure,Comedy",4.6,2414,Adventure
66,2013-06-28,Detention of the Dead,500000,1778,1778,6,-498222,-99.6444,Loss,tt1865346,Detention of the Dead,"Action,Adventure,Comedy",4.6,2414,Comedy
67,2018-05-11,Higher Power,500000,528,528,5,-499472,-99.8944,Loss,tt2924392,Higher Power,"Action,Sci-Fi,Thriller",5.3,2152,Action
67,2018-05-11,Higher Power,500000,528,528,5,-499472,-99.8944,Loss,tt2924392,Higher Power,"Action,Sci-Fi,Thriller",5.3,2152,Sci-Fi
67,2018-05-11,Higher Power,500000,528,528,5,-499472,-99.8944,Loss,tt2924392,Higher Power,"Action,Sci-Fi,Thriller",5.3,2152,Thriller
72,2010-12-31,Drones,500000,0,0,12,-500000,-100.0,Loss,tt2179027,Drones,Thriller,4.5,719,Thriller
73,2012-04-03,Enter Nowhere,500000,0,0,4,-500000,-100.0,Loss,tt1631707,Enter Nowhere,"Mystery,Sci-Fi,Thriller",6.6,7298,Mystery
73,2012-04-03,Enter Nowhere,500000,0,0,4,-500000,-100.0,Loss,tt1631707,Enter Nowhere,"Mystery,Sci-Fi,Thriller",6.6,7298,Sci-Fi
73,2012-04-03,Enter Nowhere,500000,0,0,4,-500000,-100.0,Loss,tt1631707,Enter Nowhere,"Mystery,Sci-Fi,Thriller",6.6,7298,Thriller
74,2012-07-17,Girls Gone Dead,500000,0,0,7,-500000,-100.0,Loss,tt1884318,Girls Gone Dead,"Comedy,Horror",3.5,2230,Comedy
74,2012-07-17,Girls Gone Dead,500000,0,0,7,-500000,-100.0,Loss,tt1884318,Girls Gone Dead,"Comedy,Horror",3.5,2230,Horror
77,2015-07-24,The Outrageous Sophie Tucker,500000,0,0,7,-500000,-100.0,Loss,tt2825768,The Outrageous Sophie Tucker,Documentary,7.3,60,Documentary
78,2015-03-10,Subconscious,500000,0,0,3,-500000,-100.0,Loss,tt2909932,Subconscious,"Action,Mystery,Thriller",2.2,323,Action
78,2015-03-10,Subconscious,500000,0,0,3,-500000,-100.0,Loss,tt2909932,Subconscious,"Action,Mystery,Thriller",2.2,323,Mystery
78,2015-03-10,Subconscious,500000,0,0,3,-500000,-100.0,Loss,tt2909932,Subconscious,"Action,Mystery,Thriller",2.2,323,Thriller
79,2015-04-14,Roadside,500000,0,0,4,-500000,-100.0,Loss,tt1958007,Roadside,"Drama,Horror,Mystery",3.8,361,Drama
79,2015-04-14,Roadside,500000,0,0,4,-500000,-100.0,Loss,tt1958007,Roadside,"Drama,Horror,Mystery",3.8,361,Horror
79,2015-04-14,Roadside,500000,0,0,4,-500000,-100.0,Loss,tt1958007,Roadside,"Drama,Horror,Mystery",3.8,361,Mystery
80,2014-12-31,Diamond Ruff,500000,0,0,12,-500000,-100.0,Loss,tt2111292,Diamond Ruff,Action,4.3,65,Action
81,2015-02-10,Love in the Time of Monsters,500000,0,0,2,-500000,-100.0,Loss,tt2403415,Love in the Time of Monsters,"Comedy,Horror",5.5,183,Comedy
81,2015-02-10,Love in the Time of Monsters,500000,0,0,2,-500000,-100.0,Loss,tt2403415,Love in the Time of Monsters,"Comedy,Horror",5.5,183,Horror
83,2015-12-31,Fight to the Finish,500000,0,0,12,-500000,-100.0,Loss,tt3152288,Fight to the Finish,"Action,Romance,Sport",3.6,109,Action
83,2015-12-31,Fight to the Finish,500000,0,0,12,-500000,-100.0,Loss,tt3152288,Fight to the Finish,"Action,Romance,Sport",3.6,109,Romance
83,2015-12-31,Fight to the Finish,500000,0,0,12,-500000,-100.0,Loss,tt3152288,Fight to the Finish,"Action,Romance,Sport",3.6,109,Sport
84,2013-12-31,Bucky and the Squirrels,500000,0,0,12,-500000,-100.0,Loss,tt3126876,Bucky and the Squirrels,Comedy,4.2,61,Comedy
86,2015-06-23,Crossroads,500000,0,0,6,-500000,-100.0,Loss,tt2219370,Crossroads,"Drama,Mystery,War",6.1,122,Drama
86,2015-06-23,Crossroads,500000,0,0,6,-500000,-100.0,Loss,tt2219370,Crossroads,"Drama,Mystery,War",6.1,122,Mystery
86,2015-06-23,Crossroads,500000,0,0,6,-500000,-100.0,Loss,tt2219370,Crossroads,"Drama,Mystery,War",6.1,122,War
87,2015-08-11,Alleluia! The Devil's Carnival,500000,0,0,8,-500000,-100.0,Loss,tt3892618,Alleluia! The Devil's Carnival,"Horror,Musical",6.9,534,Horror
87,2015-08-11,Alleluia! The Devil's Carnival,500000,0,0,8,-500000,-100.0,Loss,tt3892618,Alleluia! The Devil's Carnival,"Horror,Musical",6.9,534,Musical
89,2014-12-31,The Sound and the Shadow,500000,0,0,12,-500000,-100.0,Loss,tt2190180,The Sound and the Shadow,"Comedy,Mystery,Thriller",7.9,37,Comedy
89,2014-12-31,The Sound and the Shadow,500000,0,0,12,-500000,-100.0,Loss,tt2190180,The Sound and the Shadow,"Comedy,Mystery,Thriller",7.9,37,Mystery
89,2014-12-31,The Sound and the Shadow,500000,0,0,12,-500000,-100.0,Loss,tt2190180,The Sound and the Shadow,"Comedy,Mystery,Thriller",7.9,37,Thriller
90,2015-12-31,Rodeo Girl,500000,0,0,12,-500000,-100.0,Loss,tt4062896,Rodeo Girl,"Adventure,Family",5.8,175,Adventure
90,2015-12-31,Rodeo Girl,500000,0,0,12,-500000,-100.0,Loss,tt4062896,Rodeo Girl,"Adventure,Family",5.8,175,Family
100,2014-07-11,As It Is in Heaven,450000,13486,13486,7,-436514,-97.00311111111111,Loss,tt2176228,As It Is in Heaven,Drama,7.3,73,Drama
1,2014-07-01,Mutual Friends,450000,0,0,7,-450000,-100.0,Loss,tt2112209,Mutual Friends,"Comedy,Romance",6.5,83,Comedy
1,2014-07-01,Mutual Friends,450000,0,0,7,-450000,-100.0,Loss,tt2112209,Mutual Friends,"Comedy,Romance",6.5,83,Romance
7,2014-04-25,Blue Ruin,420000,258384,437002,4,17002,4.048095238095238,Profit,tt2359024,Blue Ruin,"Crime,Drama,Thriller",7.1,58811,Crime
7,2014-04-25,Blue Ruin,420000,258384,437002,4,17002,4.048095238095238,Profit,tt2359024,Blue Ruin,"Crime,Drama,Thriller",7.1,58811,Drama
7,2014-04-25,Blue Ruin,420000,258384,437002,4,17002,4.048095238095238,Profit,tt2359024,Blue Ruin,"Crime,Drama,Thriller",7.1,58811,Thriller
14,2010-10-15,I Want Your Money,400000,433588,433588,10,33588,8.397,Profit,tt1560957,I Want Your Money,Documentary,5.1,1244,Documentary
35,2015-10-20,Rotor DR1,350000,0,0,10,-350000,-100.0,Loss,tt4162992,Rotor DR1,"Family,Sci-Fi",3.4,280,Family
35,2015-10-20,Rotor DR1,350000,0,0,10,-350000,-100.0,Loss,tt4162992,Rotor DR1,"Family,Sci-Fi",3.4,280,Sci-Fi
51,2011-03-11,3 Backyards,300000,39475,39475,3,-260525,-86.84166666666667,Loss,tt1314190,3 Backyards,Drama,5.0,611,Drama
57,2014-03-28,Locker 13,300000,3496,3496,3,-296504,-98.83466666666666,Loss,tt1241226,Locker 13,Thriller,4.7,290,Thriller
58,2015-10-23,The Looking Glass,300000,1711,1711,10,-298289,-99.42966666666668,Loss,tt2912776,The Looking Glass,"Drama,Music",5.8,156,Drama
58,2015-10-23,The Looking Glass,300000,1711,1711,10,-298289,-99.42966666666668,Loss,tt2912776,The Looking Glass,"Drama,Music",5.8,156,Music
59,2014-10-31,All You Need Is Love,300000,0,3565259,10,3265259,1088.4196666666667,Profit,tt8161226,All You Need Is Love,"Comedy,Romance",5.8,244,Comedy
59,2014-10-31,All You Need Is Love,300000,0,3565259,10,3265259,1088.4196666666667,Profit,tt8161226,All You Need Is Love,"Comedy,Romance",5.8,244,Romance
61,2012-07-03,Some Guy Who Kills People,300000,0,0,7,-300000,-100.0,Loss,tt1568341,Some Guy Who Kills People,"Comedy,Crime,Drama",6.3,5111,Comedy
61,2012-07-03,Some Guy Who Kills People,300000,0,0,7,-300000,-100.0,Loss,tt1568341,Some Guy Who Kills People,"Comedy,Crime,Drama",6.3,5111,Crime
61,2012-07-03,Some Guy Who Kills People,300000,0,0,7,-300000,-100.0,Loss,tt1568341,Some Guy Who Kills People,"Comedy,Crime,Drama",6.3,5111,Drama
62,2013-08-07,Midnight Cabaret,300000,0,0,8,-300000,-100.0,Loss,tt2145676,Midnight Cabaret,"Action,Crime,Drama",6.4,19,Action
62,2013-08-07,Midnight Cabaret,300000,0,0,8,-300000,-100.0,Loss,tt2145676,Midnight Cabaret,"Action,Crime,Drama",6.4,19,Crime
62,2013-08-07,Midnight Cabaret,300000,0,0,8,-300000,-100.0,Loss,tt2145676,Midnight Cabaret,"Action,Crime,Drama",6.4,19,Drama
63,2015-03-10,Teeth and Blood,300000,0,0,3,-300000,-100.0,Loss,tt1991199,Teeth and Blood,"Action,Horror",4.0,34,Action
63,2015-03-10,Teeth and Blood,300000,0,0,3,-300000,-100.0,Loss,tt1991199,Teeth and Blood,"Action,Horror",4.0,34,Horror
65,2010-12-31,Anderson's Cross,300000,0,0,12,-300000,-100.0,Loss,tt0393049,Anderson's Cross,"Comedy,Drama,Romance",5.5,106,Comedy
65,2010-12-31,Anderson's Cross,300000,0,0,12,-300000,-100.0,Loss,tt0393049,Anderson's Cross,"Comedy,Drama,Romance",5.5,106,Drama
65,2010-12-31,Anderson's Cross,300000,0,0,12,-300000,-100.0,Loss,tt0393049,Anderson's Cross,"Comedy,Drama,Romance",5.5,106,Romance
66,2015-12-08,Amidst the Devil's Wings,300000,0,0,12,-300000,-100.0,Loss,tt3976258,Amidst the Devil's Wings,"Action,Crime,Drama",4.0,33,Action
66,2015-12-08,Amidst the Devil's Wings,300000,0,0,12,-300000,-100.0,Loss,tt3976258,Amidst the Devil's Wings,"Action,Crime,Drama",4.0,33,Crime
66,2015-12-08,Amidst the Devil's Wings,300000,0,0,12,-300000,-100.0,Loss,tt3976258,Amidst the Devil's Wings,"Action,Crime,Drama",4.0,33,Drama
67,2010-12-31,Death Calls,290000,0,0,12,-290000,-100.0,Loss,tt1328873,Death Calls,"Action,Adventure,Mystery",4.6,33,Action
67,2010-12-31,Death Calls,290000,0,0,12,-290000,-100.0,Loss,tt1328873,Death Calls,"Action,Adventure,Mystery",4.6,33,Adventure
67,2010-12-31,Death Calls,290000,0,0,12,-290000,-100.0,Loss,tt1328873,Death Calls,"Action,Adventure,Mystery",4.6,33,Mystery
68,2012-08-17,Compliance,270000,319285,830700,8,560700,207.66666666666666,Profit,tt1971352,Compliance,"Biography,Crime,Drama",6.4,28703,Biography
68,2012-08-17,Compliance,270000,319285,830700,8,560700,207.66666666666666,Profit,tt1971352,Compliance,"Biography,Crime,Drama",6.4,28703,Crime
68,2012-08-17,Compliance,270000,319285,830700,8,560700,207.66666666666666,Profit,tt1971352,Compliance,"Biography,Crime,Drama",6.4,28703,Drama
72,2017-04-28,Sleight,250000,3930990,3934450,4,3684450,1473.78,Profit,tt4573516,Sleight,"Action,Drama,Sci-Fi",5.9,7074,Action
72,2017-04-28,Sleight,250000,3930990,3934450,4,3684450,1473.78,Profit,tt4573516,Sleight,"Action,Drama,Sci-Fi",5.9,7074,Drama
72,2017-04-28,Sleight,250000,3930990,3934450,4,3684450,1473.78,Profit,tt4573516,Sleight,"Action,Drama,Sci-Fi",5.9,7074,Sci-Fi
74,2011-10-28,Like Crazy,250000,3395391,3728400,10,3478400,1391.3600000000001,Profit,tt1758692,Like Crazy,"Drama,Romance",6.7,55841,Drama
74,2011-10-28,Like Crazy,250000,3395391,3728400,10,3478400,1391.3600000000001,Profit,tt1758692,Like Crazy,"Drama,Romance",6.7,55841,Romance
84,2013-08-02,The Canyons,250000,59671,62375,8,-187625,-75.05,Loss,tt2292959,The Canyons,"Drama,Thriller",3.8,9838,Drama
84,2013-08-02,The Canyons,250000,59671,62375,8,-187625,-75.05,Loss,tt2292959,The Canyons,"Drama,Thriller",3.8,9838,Thriller
89,2014-06-06,Test,250000,18823,18823,6,-231177,-92.4708,Loss,tt2407380,Test,Drama,6.2,1373,Drama
91,2015-03-24,Along the Roadside,250000,0,3234,3,-246766,-98.7064,Loss,tt2290113,Along the Roadside,"Comedy,Music,Romance",6.8,392,Comedy
91,2015-03-24,Along the Roadside,250000,0,3234,3,-246766,-98.7064,Loss,tt2290113,Along the Roadside,"Comedy,Music,Romance",6.8,392,Music
91,2015-03-24,Along the Roadside,250000,0,3234,3,-246766,-98.7064,Loss,tt2290113,Along the Roadside,"Comedy,Music,Romance",6.8,392,Romance
93,2010-10-05,Rust,250000,0,0,10,-250000,-100.0,Loss,tt1833781,Rust,Drama,6.1,412,Drama
94,2010-12-31,The Christmas Bunny,250000,0,0,12,-250000,-100.0,Loss,tt1640714,The Christmas Bunny,"Drama,Family",6.1,662,Drama
94,2010-12-31,The Christmas Bunny,250000,0,0,12,-250000,-100.0,Loss,tt1640714,The Christmas Bunny,"Drama,Family",6.1,662,Family
96,2012-12-18,The Frozen,250000,0,0,12,-250000,-100.0,Loss,tt2363439,The Frozen,"Drama,Thriller",4.4,1641,Drama
96,2012-12-18,The Frozen,250000,0,0,12,-250000,-100.0,Loss,tt2363439,The Frozen,"Drama,Thriller",4.4,1641,Thriller
98,2010-12-31,Butterfly,250000,0,0,12,-250000,-100.0,Loss,tt3919820,Butterfly,"Comedy,Drama,Romance",6.2,224,Comedy
98,2010-12-31,Butterfly,250000,0,0,12,-250000,-100.0,Loss,tt3919820,Butterfly,"Comedy,Drama,Romance",6.2,224,Drama
98,2010-12-31,Butterfly,250000,0,0,12,-250000,-100.0,Loss,tt3919820,Butterfly,"Comedy,Drama,Romance",6.2,224,Romance
99,2015-02-03,UnDivided,250000,0,0,2,-250000,-100.0,Loss,tt3564748,UnDivided,Documentary,8.4,8,Documentary
100,2014-12-31,Horse Camp,250000,0,0,12,-250000,-100.0,Loss,tt3421204,Horse Camp,Family,6.7,82,Family
1,2015-02-24,Give Me Shelter,250000,0,0,2,-250000,-100.0,Loss,tt2559658,Give Me Shelter,Documentary,7.6,56,Documentary
3,2015-12-31,Shooting the Warwicks,250000,0,0,12,-250000,-100.0,Loss,tt2690560,Shooting the Warwicks,"Comedy,Drama",6.1,115,Comedy
3,2015-12-31,Shooting the Warwicks,250000,0,0,12,-250000,-100.0,Loss,tt2690560,Shooting the Warwicks,"Comedy,Drama",6.1,115,Drama
5,2015-10-09,Western Religion,250000,0,0,10,-250000,-100.0,Loss,tt3210710,Western Religion,"Adventure,Drama,Fantasy",4.0,190,Adventure
5,2015-10-09,Western Religion,250000,0,0,10,-250000,-100.0,Loss,tt3210710,Western Religion,"Adventure,Drama,Fantasy",4.0,190,Drama
5,2015-10-09,Western Religion,250000,0,0,10,-250000,-100.0,Loss,tt3210710,Western Religion,"Adventure,Drama,Fantasy",4.0,190,Fantasy
10,2012-07-20,Burn,225000,1109276,1109276,7,884276,393.01155555555556,Profit,tt1781784,Burn,Documentary,7.5,663,Documentary
18,2011-02-25,The Grace Card,200000,2430735,2430735,2,2230735,1115.3675,Profit,tt1544600,The Grace Card,Drama,6.6,2488,Drama
21,2015-06-19,The Overnight,200000,1109808,1165996,6,965996,482.998,Profit,tt3844362,The Overnight,"Comedy,Mystery",6.1,14828,Comedy
21,2015-06-19,The Overnight,200000,1109808,1165996,6,965996,482.998,Profit,tt3844362,The Overnight,"Comedy,Mystery",6.1,14828,Mystery
23,2012-10-12,Middle of Nowhere,200000,236806,236806,10,36806,18.403,Profit,tt1211890,Middle of Nowhere,Drama,6.4,1406,Drama
33,2014-03-14,The Word,200000,3648,3648,3,-196352,-98.176,Loss,tt3509804,The Word,"Drama,Thriller",4.9,344,Drama
33,2014-03-14,The Word,200000,3648,3648,3,-196352,-98.176,Loss,tt3509804,The Word,"Drama,Thriller",4.9,344,Thriller
38,2014-09-12,Archaeology of a Woman,200000,0,0,9,-200000,-100.0,Loss,tt1702455,Archaeology of a Woman,Drama,7.9,16,Drama
39,2014-08-26,Sanctuary; Quite a Conundrum,200000,0,0,8,-200000,-100.0,Loss,tt2049518,Sanctuary; Quite a Conundrum,"Comedy,Horror,Thriller",5.4,150,Comedy
39,2014-08-26,Sanctuary; Quite a Conundrum,200000,0,0,8,-200000,-100.0,Loss,tt2049518,Sanctuary; Quite a Conundrum,"Comedy,Horror,Thriller",5.4,150,Horror
39,2014-08-26,Sanctuary; Quite a Conundrum,200000,0,0,8,-200000,-100.0,Loss,tt2049518,Sanctuary; Quite a Conundrum,"Comedy,Horror,Thriller",5.4,150,Thriller
40,2015-09-29,Theresa Is a Mother,200000,0,0,9,-200000,-100.0,Loss,tt1989646,Theresa Is a Mother,"Comedy,Drama,Music",6.8,53,Comedy
40,2015-09-29,Theresa Is a Mother,200000,0,0,9,-200000,-100.0,Loss,tt1989646,Theresa Is a Mother,"Comedy,Drama,Music",6.8,53,Drama
40,2015-09-29,Theresa Is a Mother,200000,0,0,9,-200000,-100.0,Loss,tt1989646,Theresa Is a Mother,"Comedy,Drama,Music",6.8,53,Music
41,2015-11-10,Perfect Cowboy,200000,0,0,11,-200000,-100.0,Loss,tt3581098,Perfect Cowboy,Drama,5.9,37,Drama
42,2014-12-31,H.,200000,0,0,12,-200000,-100.0,Loss,tt3666210,H.,"Drama,Sci-Fi,Thriller",5.9,443,Drama
42,2014-12-31,H.,200000,0,0,12,-200000,-100.0,Loss,tt3666210,H.,"Drama,Sci-Fi,Thriller",5.9,443,Sci-Fi
42,2014-12-31,H.,200000,0,0,12,-200000,-100.0,Loss,tt3666210,H.,"Drama,Sci-Fi,Thriller",5.9,443,Thriller
43,2011-09-23,Weekend,190000,484592,1577585,9,1387585,730.3078947368422,Profit,tt1714210,Weekend,"Drama,Romance",7.6,25424,Drama
43,2011-09-23,Weekend,190000,484592,1577585,9,1387585,730.3078947368422,Profit,tt1714210,Weekend,"Drama,Romance",7.6,25424,Romance
45,2015-02-27,Butterfly Girl,180000,17503,17503,2,-162497,-90.2761111111111,Loss,tt2421956,Butterfly Girl,Documentary,8.6,43,Documentary
48,2011-07-22,Another Earth,175000,1321194,2102779,7,1927779,1101.588,Profit,tt1549572,Another Earth,"Drama,Romance,Sci-Fi",7.0,85839,Drama
48,2011-07-22,Another Earth,175000,1321194,2102779,7,1927779,1101.588,Profit,tt1549572,Another Earth,"Drama,Romance,Sci-Fi",7.0,85839,Romance
48,2011-07-22,Another Earth,175000,1321194,2102779,7,1927779,1101.588,Profit,tt1549572,Another Earth,"Drama,Romance,Sci-Fi",7.0,85839,Sci-Fi
49,2013-08-23,Sparrows Dance,175000,2602,2602,8,-172398,-98.51314285714285,Loss,tt1822311,Sparrows Dance,"Comedy,Drama,Romance",6.8,550,Comedy
49,2013-08-23,Sparrows Dance,175000,2602,2602,8,-172398,-98.51314285714285,Loss,tt1822311,Sparrows Dance,"Comedy,Drama,Romance",6.8,550,Drama
49,2013-08-23,Sparrows Dance,175000,2602,2602,8,-172398,-98.51314285714285,Loss,tt1822311,Sparrows Dance,"Comedy,Drama,Romance",6.8,550,Romance
50,2015-09-04,Heroes of Dirt,175000,0,0,9,-175000,-100.0,Loss,tt1934172,Heroes of Dirt,"Action,Drama,Sport",6.7,81,Action
50,2015-09-04,Heroes of Dirt,175000,0,0,9,-175000,-100.0,Loss,tt1934172,Heroes of Dirt,"Action,Drama,Sport",6.7,81,Drama
50,2015-09-04,Heroes of Dirt,175000,0,0,9,-175000,-100.0,Loss,tt1934172,Heroes of Dirt,"Action,Drama,Sport",6.7,81,Sport
51,2016-06-03,The Fits,170000,166425,169242,6,-758,-0.4458823529411765,Loss,tt4238858,The Fits,"Drama,Music",6.7,4053,Drama
51,2016-06-03,The Fits,170000,166425,169242,6,-758,-0.4458823529411765,Loss,tt4238858,The Fits,"Drama,Music",6.7,4053,Music
61,2015-08-21,Top Spin,150000,5858,5858,8,-144142,-96.09466666666665,Loss,tt4219836,Top Spin,Documentary,6.9,513,Documentary
62,2013-12-31,Speak No Evil,150000,0,32927,12,-117073,-78.04866666666666,Loss,tt2503358,Speak No Evil,Horror,3.6,534,Horror
64,2013-05-03,Aroused,150000,0,0,5,-150000,-100.0,Loss,tt2403815,Aroused,Documentary,5.3,596,Documentary
68,2012-04-27,Sound of My Voice,135000,408015,429448,4,294448,218.1096296296296,Profit,tt1748207,Sound of My Voice,"Drama,Mystery,Sci-Fi",6.6,19387,Drama
68,2012-04-27,Sound of My Voice,135000,408015,429448,4,294448,218.1096296296296,Profit,tt1748207,Sound of My Voice,"Drama,Mystery,Sci-Fi",6.6,19387,Mystery
68,2012-04-27,Sound of My Voice,135000,408015,429448,4,294448,218.1096296296296,Profit,tt1748207,Sound of My Voice,"Drama,Mystery,Sci-Fi",6.6,19387,Sci-Fi
70,2014-07-18,An American in Hollywood,125000,0,0,7,-125000,-100.0,Loss,tt2125430,An American in Hollywood,Drama,7.3,200,Drama
71,2015-08-11,The Brain That Sings,125000,0,0,8,-125000,-100.0,Loss,tt2638024,The Brain That Sings,"Documentary,Family",7.9,19,Documentary
71,2015-08-11,The Brain That Sings,125000,0,0,8,-125000,-100.0,Loss,tt2638024,The Brain That Sings,"Documentary,Family",7.9,19,Family
72,2015-12-31,Romantic Schemer,125000,0,0,12,-125000,-100.0,Loss,tt4607906,Romantic Schemer,Romance,5.3,178,Romance
73,2012-06-15,Your Sister's Sister,120000,1597486,3090593,6,2970593,2475.494166666667,Profit,tt1742336,Your Sister's Sister,"Comedy,Drama",6.7,24780,Comedy
73,2012-06-15,Your Sister's Sister,120000,1597486,3090593,6,2970593,2475.494166666667,Profit,tt1742336,Your Sister's Sister,"Comedy,Drama",6.7,24780,Drama
80,2015-07-10,The Gallows,100000,22764410,41656474,7,41556474,41556.473999999995,Profit,tt2309260,The Gallows,"Horror,Mystery,Thriller",4.2,17763,Horror
80,2015-07-10,The Gallows,100000,22764410,41656474,7,41556474,41556.473999999995,Profit,tt2309260,The Gallows,"Horror,Mystery,Thriller",4.2,17763,Mystery
80,2015-07-10,The Gallows,100000,22764410,41656474,7,41556474,41556.473999999995,Profit,tt2309260,The Gallows,"Horror,Mystery,Thriller",4.2,17763,Thriller
86,2017-07-07,A Ghost Story,100000,1594798,2769782,7,2669782,2669.782,Profit,tt6265828,A Ghost Story,"Drama,Fantasy,Romance",6.8,46280,Drama
86,2017-07-07,A Ghost Story,100000,1594798,2769782,7,2669782,2669.782,Profit,tt6265828,A Ghost Story,"Drama,Fantasy,Romance",6.8,46280,Fantasy
86,2017-07-07,A Ghost Story,100000,1594798,2769782,7,2669782,2669.782,Profit,tt6265828,A Ghost Story,"Drama,Fantasy,Romance",6.8,46280,Romance
89,2014-03-21,Cheap Thrills,100000,59424,59424,3,-40576,-40.576,Loss,tt2389182,Cheap Thrills,"Comedy,Crime,Drama",6.7,16429,Comedy
89,2014-03-21,Cheap Thrills,100000,59424,59424,3,-40576,-40.576,Loss,tt2389182,Cheap Thrills,"Comedy,Crime,Drama",6.7,16429,Crime
89,2014-03-21,Cheap Thrills,100000,59424,59424,3,-40576,-40.576,Loss,tt2389182,Cheap Thrills,"Comedy,Crime,Drama",6.7,16429,Drama
90,2014-06-19,The Past is a Grotesque Animal,100000,20056,20056,6,-79944,-79.944,Loss,tt3072636,The Past is a Grotesque Animal,"Biography,Documentary,Music",7.2,118,Biography
90,2014-06-19,The Past is a Grotesque Animal,100000,20056,20056,6,-79944,-79.944,Loss,tt3072636,The Past is a Grotesque Animal,"Biography,Documentary,Music",7.2,118,Documentary
90,2014-06-19,The Past is a Grotesque Animal,100000,20056,20056,6,-79944,-79.944,Loss,tt3072636,The Past is a Grotesque Animal,"Biography,Documentary,Music",7.2,118,Music
92,2012-05-18,Indie Game: The Movie,100000,0,0,5,-100000,-100.0,Loss,tt1942884,Indie Game: The Movie,"Documentary,Drama",7.7,19538,Documentary
92,2012-05-18,Indie Game: The Movie,100000,0,0,5,-100000,-100.0,Loss,tt1942884,Indie Game: The Movie,"Documentary,Drama",7.7,19538,Drama
94,2014-06-10,Echo Dr.,100000,0,0,6,-100000,-100.0,Loss,tt2343473,Echo Dr.,"Action,Drama,Sci-Fi",3.6,112,Action
94,2014-06-10,Echo Dr.,100000,0,0,6,-100000,-100.0,Loss,tt2343473,Echo Dr.,"Action,Drama,Sci-Fi",3.6,112,Drama
94,2014-06-10,Echo Dr.,100000,0,0,6,-100000,-100.0,Loss,tt2343473,Echo Dr.,"Action,Drama,Sci-Fi",3.6,112,Sci-Fi
95,2015-03-17,Closure,100000,0,0,3,-100000,-100.0,Loss,tt2405862,Closure,"Adventure,Biography,Documentary",8.0,150,Adventure
95,2015-03-17,Closure,100000,0,0,3,-100000,-100.0,Loss,tt2405862,Closure,"Adventure,Biography,Documentary",8.0,150,Biography
95,2015-03-17,Closure,100000,0,0,3,-100000,-100.0,Loss,tt2405862,Closure,"Adventure,Biography,Documentary",8.0,150,Documentary
97,2015-03-25,Open Secret,100000,0,0,3,-100000,-100.0,Loss,tt1739304,Open Secret,Documentary,6.5,39,Documentary
98,2015-11-10,The Night Visitor,100000,0,0,11,-100000,-100.0,Loss,tt2797642,The Night Visitor,"Horror,Sci-Fi,Thriller",4.8,95,Horror
98,2015-11-10,The Night Visitor,100000,0,0,11,-100000,-100.0,Loss,tt2797642,The Night Visitor,"Horror,Sci-Fi,Thriller",4.8,95,Sci-Fi
98,2015-11-10,The Night Visitor,100000,0,0,11,-100000,-100.0,Loss,tt2797642,The Night Visitor,"Horror,Sci-Fi,Thriller",4.8,95,Thriller
99,2015-07-07,Tiger Orange,100000,0,0,7,-100000,-100.0,Loss,tt2866824,Tiger Orange,Drama,6.6,1053,Drama
2,2015-07-17,Dawn of the Crescent Moon,75000,8799,8799,7,-66201,-88.268,Loss,tt3157318,Dawn of the Crescent Moon,"Drama,Sci-Fi,Thriller",5.1,42,Drama
2,2015-07-17,Dawn of the Crescent Moon,75000,8799,8799,7,-66201,-88.268,Loss,tt3157318,Dawn of the Crescent Moon,"Drama,Sci-Fi,Thriller",5.1,42,Sci-Fi
2,2015-07-17,Dawn of the Crescent Moon,75000,8799,8799,7,-66201,-88.268,Loss,tt3157318,Dawn of the Crescent Moon,"Drama,Sci-Fi,Thriller",5.1,42,Thriller
3,2015-09-29,Queen Crab,75000,0,0,9,-75000,-100.0,Loss,tt2319456,Queen Crab,"Action,Sci-Fi,Thriller",4.2,196,Action
3,2015-09-29,Queen Crab,75000,0,0,9,-75000,-100.0,Loss,tt2319456,Queen Crab,"Action,Sci-Fi,Thriller",4.2,196,Sci-Fi
3,2015-09-29,Queen Crab,75000,0,0,9,-75000,-100.0,Loss,tt2319456,Queen Crab,"Action,Sci-Fi,Thriller",4.2,196,Thriller
4,2014-07-25,Happy Christmas,70000,30312,30312,7,-39688,-56.69714285714286,Loss,tt2955096,Happy Christmas,"Comedy,Drama",5.5,7217,Comedy
4,2014-07-25,Happy Christmas,70000,30312,30312,7,-39688,-56.69714285714286,Loss,tt2955096,Happy Christmas,"Comedy,Drama",5.5,7217,Drama
6,2011-12-31,Absentia,70000,0,8555,12,-61445,-87.77857142857142,Loss,tt1610996,Absentia,"Drama,Horror,Mystery",5.8,15507,Drama
6,2011-12-31,Absentia,70000,0,8555,12,-61445,-87.77857142857142,Loss,tt1610996,Absentia,"Drama,Horror,Mystery",5.8,15507,Horror
6,2011-12-31,Absentia,70000,0,8555,12,-61445,-87.77857142857142,Loss,tt1610996,Absentia,"Drama,Horror,Mystery",5.8,15507,Mystery
11,2013-01-25,Supporting Characters,60000,4917,4917,1,-55083,-91.805,Loss,tt1874789,Supporting Characters,Comedy,6.4,821,Comedy
12,2012-03-16,The FP,60000,0,0,3,-60000,-100.0,Loss,tt1296373,The FP,Comedy,5.6,1541,Comedy
13,2012-12-31,Hayride,60000,0,0,12,-60000,-100.0,Loss,tt1861343,Hayride,"Crime,Drama,Horror",3.4,622,Crime
13,2012-12-31,Hayride,60000,0,0,12,-60000,-100.0,Loss,tt1861343,Hayride,"Crime,Drama,Horror",3.4,622,Drama
13,2012-12-31,Hayride,60000,0,0,12,-60000,-100.0,Loss,tt1861343,Hayride,"Crime,Drama,Horror",3.4,622,Horror
15,2013-10-04,The Dirties,55000,0,0,10,-55000,-100.0,Loss,tt2334896,The Dirties,"Crime,Drama",6.8,5728,Crime
15,2013-10-04,The Dirties,55000,0,0,10,-55000,-100.0,Loss,tt2334896,The Dirties,"Crime,Drama",6.8,5728,Drama
18,2010-11-12,Tiny Furniture,50000,391674,424149,11,374149,748.298,Profit,tt1570989,Tiny Furniture,"Comedy,Drama,Romance",6.2,13397,Comedy
18,2010-11-12,Tiny Furniture,50000,391674,424149,11,374149,748.298,Profit,tt1570989,Tiny Furniture,"Comedy,Drama,Romance",6.2,13397,Drama
18,2010-11-12,Tiny Furniture,50000,391674,424149,11,374149,748.298,Profit,tt1570989,Tiny Furniture,"Comedy,Drama,Romance",6.2,13397,Romance
20,2015-07-31,Counting,50000,8374,8374,7,-41626,-83.25200000000001,Loss,tt4462082,Counting,Documentary,6.0,126,Documentary
22,2014-02-14,Down and Dangerous,50000,0,0,2,-50000,-100.0,Loss,tt2090488,Down and Dangerous,"Crime,Thriller",5.2,846,Crime
22,2014-02-14,Down and Dangerous,50000,0,0,2,-50000,-100.0,Loss,tt2090488,Down and Dangerous,"Crime,Thriller",5.2,846,Thriller
24,2015-08-04,Bending Steel,50000,0,0,8,-50000,-100.0,Loss,tt2181837,Bending Steel,Documentary,7.9,60,Documentary
25,2015-09-01,"Run, Hide, Die",50000,0,0,9,-50000,-100.0,Loss,tt2442662,"Run, Hide, Die","Horror,Thriller",3.5,162,Horror
25,2015-09-01,"Run, Hide, Die",50000,0,0,9,-50000,-100.0,Loss,tt2442662,"Run, Hide, Die","Horror,Thriller",3.5,162,Thriller
26,2014-12-31,The Image Revolution,50000,0,0,12,-50000,-100.0,Loss,tt2294916,The Image Revolution,"Biography,Documentary",7.2,156,Biography
26,2014-12-31,The Image Revolution,50000,0,0,12,-50000,-100.0,Loss,tt2294916,The Image Revolution,"Biography,Documentary",7.2,156,Documentary
27,2013-10-25,A True Story,45000,0,0,10,-45000,-100.0,Loss,tt1524083,A True Story,Comedy,5.2,211,Comedy
29,2013-06-21,This Is Martin Bonner,42000,0,0,6,-42000,-100.0,Loss,tt1798291,This Is Martin Bonner,Drama,6.6,846,Drama
32,2011-02-11,Raymond Did It,40000,3632,3632,2,-36368,-90.92,Loss,tt1716760,Raymond Did It,Horror,3.3,211,Horror
33,2012-03-31,Foreign Letters,40000,0,0,3,-40000,-100.0,Loss,tt1492841,Foreign Letters,"Comedy,Drama",6.9,180,Comedy
33,2012-03-31,Foreign Letters,40000,0,0,3,-40000,-100.0,Loss,tt1492841,Foreign Letters,"Comedy,Drama",6.9,180,Drama
35,2013-10-25,Her Cry: La Llorona Investigation,35000,0,0,10,-35000,-100.0,Loss,tt2469216,Her Cry: La Llorona Investigation,Horror,3.7,70,Horror
36,2014-12-31,Happy 40th,35000,0,0,12,-35000,-100.0,Loss,tt3847958,Happy 40th,Drama,6.3,51,Drama
38,2016-03-18,Krisha,30000,144822,144822,3,114822,382.74,Profit,tt4266638,Krisha,Drama,7.2,5917,Drama
45,2017-01-27,Emily,27000,3547,3547,1,-23453,-86.86296296296297,Loss,tt4393036,Emily,Drama,6.8,13,Drama
49,2015-09-01,Exeter,25000,0,489792,9,464792,1859.1680000000001,Profit,tt1945044,Exeter,"Horror,Mystery,Thriller",4.5,5156,Horror
49,2015-09-01,Exeter,25000,0,489792,9,464792,1859.1680000000001,Profit,tt1945044,Exeter,"Horror,Mystery,Thriller",4.5,5156,Mystery
49,2015-09-01,Exeter,25000,0,489792,9,464792,1859.1680000000001,Profit,tt1945044,Exeter,"Horror,Mystery,Thriller",4.5,5156,Thriller
51,2015-04-21,Ten,25000,0,0,4,-25000,-100.0,Loss,tt2496400,Ten,"Adventure,Horror,Mystery",5.4,623,Adventure
51,2015-04-21,Ten,25000,0,0,4,-25000,-100.0,Loss,tt2496400,Ten,"Adventure,Horror,Mystery",5.4,623,Horror
51,2015-04-21,Ten,25000,0,0,4,-25000,-100.0,Loss,tt2496400,Ten,"Adventure,Horror,Mystery",5.4,623,Mystery
52,2015-12-01,Dutch Kills,25000,0,0,12,-25000,-100.0,Loss,tt2759066,Dutch Kills,"Crime,Drama,Thriller",5.1,82,Crime
52,2015-12-01,Dutch Kills,25000,0,0,12,-25000,-100.0,Loss,tt2759066,Dutch Kills,"Crime,Drama,Thriller",5.1,82,Drama
52,2015-12-01,Dutch Kills,25000,0,0,12,-25000,-100.0,Loss,tt2759066,Dutch Kills,"Crime,Drama,Thriller",5.1,82,Thriller
54,2014-12-31,Dry Spell,22000,0,0,12,-22000,-100.0,Loss,tt2375036,Dry Spell,"Comedy,Romance",3.3,120,Comedy
54,2014-12-31,Dry Spell,22000,0,0,12,-22000,-100.0,Loss,tt2375036,Dry Spell,"Comedy,Romance",3.3,120,Romance
56,2013-01-04,All Superheroes Must Die,20000,0,0,1,-20000,-100.0,Loss,tt1836212,All Superheroes Must Die,"Sci-Fi,Thriller",4.0,1977,Sci-Fi
56,2013-01-04,All Superheroes Must Die,20000,0,0,1,-20000,-100.0,Loss,tt1836212,All Superheroes Must Die,"Sci-Fi,Thriller",4.0,1977,Thriller
59,2011-11-25,The Ridges,17300,0,0,11,-17300,-100.0,Loss,tt1781935,The Ridges,"Drama,Horror,Thriller",2.9,127,Drama
59,2011-11-25,The Ridges,17300,0,0,11,-17300,-100.0,Loss,tt1781935,The Ridges,"Drama,Horror,Thriller",2.9,127,Horror
59,2011-11-25,The Ridges,17300,0,0,11,-17300,-100.0,Loss,tt1781935,The Ridges,"Drama,Horror,Thriller",2.9,127,Thriller
62,2014-12-31,Stories of Our Lives,15000,0,0,12,-15000,-100.0,Loss,tt3973612,Stories of Our Lives,Drama,7.5,85,Drama
73,2012-01-13,Newlyweds,9000,4584,4584,1,-4416,-49.06666666666666,Loss,tt1880418,Newlyweds,"Comedy,Drama",6.4,1436,Comedy
73,2012-01-13,Newlyweds,9000,4584,4584,1,-4416,-49.06666666666666,Loss,tt1880418,Newlyweds,"Comedy,Drama",6.4,1436,Drama
78,2018-12-31,Red 11,7000,0,0,12,-7000,-100.0,Loss,tt7837402,Red 11,"Horror,Sci-Fi,Thriller",5.6,43,Horror
78,2018-12-31,Red 11,7000,0,0,12,-7000,-100.0,Loss,tt7837402,Red 11,"Horror,Sci-Fi,Thriller",5.6,43,Sci-Fi
78,2018-12-31,Red 11,7000,0,0,12,-7000,-100.0,Loss,tt7837402,Red 11,"Horror,Sci-Fi,Thriller",5.6,43,Thriller
81,2015-09-29,A Plague So Pleasant,1400,0,0,9,-1400,-100.0,Loss,tt2107644,A Plague So Pleasant,"Drama,Horror,Thriller",5.4,72,Drama
81,2015-09-29,A Plague So Pleasant,1400,0,0,9,-1400,-100.0,Loss,tt2107644,A Plague So Pleasant,"Drama,Horror,Thriller",5.4,72,Horror
81,2015-09-29,A Plague So Pleasant,1400,0,0,9,-1400,-100.0,Loss,tt2107644,A Plague So Pleasant,"Drama,Horror,Thriller",5.4,72,Thriller
